# iteration objective gradient_norm
0 8.390083474433404626e+04 5.893101848341387813e+04
1 7.959819646490000014e+04 5.702691622653485683e+04
2 7.556977996014668315e+04 5.522840008085705631e+04
3 7.178687753613338282e+04 5.358003663913427590e+04
4 6.822740443098545074e+04 5.193340178330054187e+04
5 6.488913936511951761e+04 5.015657607213931624e+04
6 6.177647380179908941e+04 4.843558487257805973e+04
7 5.887425224410190276e+04 4.673009809585159383e+04
8 5.617703810688464000e+04 4.494258636296456098e+04
9 5.368139029360879795e+04 4.329694029475263960e+04
10 5.136337291375275527e+04 4.174751684621616005e+04
11 4.920866549876341742e+04 4.022841005938206945e+04
12 4.720645936191277724e+04 3.884856481254829123e+04
13 4.533794535034896398e+04 3.756337291636786540e+04
14 4.359096851184444677e+04 3.631768962954994640e+04
15 4.195633294652312179e+04 3.519868944512223970e+04
16 4.041964868087794457e+04 3.414234868704626570e+04
17 3.897495206683584547e+04 3.308152221494697733e+04
18 3.761877757280415244e+04 3.204316607515800933e+04
19 3.634580950038546143e+04 3.106866130968585276e+04
20 3.514960297189158155e+04 3.007833640024576744e+04
21 3.402998437885306339e+04 2.906702839355450124e+04
22 3.298218001113960054e+04 2.821440998763915923e+04
23 3.199394548028855206e+04 2.743500276741953712e+04
24 3.105976725257619182e+04 2.664982374016625909e+04
25 3.017884326934315686e+04 2.587010689265382825e+04
26 2.934839086159198996e+04 2.512242787453656274e+04
27 2.856499386792382575e+04 2.441778018795767639e+04
28 2.782470814488556061e+04 2.375386774990243430e+04
29 2.712326941392504887e+04 2.316104319785460757e+04
30 2.645557843881871304e+04 2.264864971791139760e+04
31 2.581655800898004236e+04 2.217203999030818159e+04
32 2.520392922159841328e+04 2.171875273318336986e+04
33 2.461616081890191708e+04 2.127103026710812992e+04
34 2.405237517258704611e+04 2.083694143091028673e+04
35 2.351124520341345487e+04 2.041633191335359516e+04
36 2.299177165943739237e+04 2.000417764532969159e+04
37 2.249302379729173845e+04 1.960157657732642110e+04
38 2.201421011546838417e+04 1.920360402034103390e+04
39 2.155446605341992108e+04 1.882924883004719595e+04
40 2.111243598567422669e+04 1.846890140569857613e+04
41 2.068683087794252060e+04 1.814391968523131436e+04
42 2.027600751779605707e+04 1.782377882201801549e+04
43 1.987959315744595006e+04 1.750777638528386524e+04
44 1.949714579990818675e+04 1.719436197264158545e+04
45 1.912827080880533322e+04 1.688507163518194284e+04
46 1.877255412914180852e+04 1.658169215915386303e+04
47 1.842952058493447475e+04 1.628280939391532047e+04
48 1.809870332997848527e+04 1.599179837794504965e+04
49 1.777965428286250608e+04 1.570241399531181560e+04
50 1.747201724718607875e+04 1.542096554428806849e+04
51 1.717519984115720217e+04 1.515992888419329756e+04
52 1.688828341564145376e+04 1.490666748086720509e+04
53 1.661081850430812119e+04 1.466428175628491954e+04
54 1.634227015593048236e+04 1.442673232227228254e+04
55 1.608233199783081545e+04 1.419805458066602296e+04
56 1.583051876831359004e+04 1.397408023383834916e+04
57 1.558655788937437865e+04 1.376117829669619096e+04
58 1.534990673632521248e+04 1.355806661859982887e+04
59 1.512019828226793834e+04 1.335802798317162888e+04
60 1.489710530052017748e+04 1.317511776720633497e+04
61 1.468008589404606391e+04 1.299249145869058339e+04
62 1.446904643234312971e+04 1.281085299041553480e+04
63 1.426385828285542811e+04 1.263209639015641369e+04
64 1.406442366789382686e+04 1.244809166778254985e+04
65 1.387070896785995683e+04 1.227463714457599053e+04
66 1.368226047534327699e+04 1.211383470673309603e+04
67 1.349871302730385469e+04 1.195485516039063441e+04
68 1.331996905946417792e+04 1.179774859002472294e+04
69 1.314584043965739693e+04 1.164890564617173368e+04
70 1.297608238231550786e+04 1.149996724272933534e+04
71 1.281065063179984827e+04 1.135272380039489690e+04
72 1.264939711692378660e+04 1.121101057896396742e+04
73 1.249214894371151604e+04 1.107188228933677601e+04
74 1.233874205585152413e+04 1.093814178181968782e+04
75 1.218907582181185535e+04 1.079614259629454136e+04
76 1.204328893499176775e+04 1.065547490025035950e+04
77 1.190125294317845146e+04 1.052143908067206576e+04
78 1.176273757894909249e+04 1.039320899922124408e+04
79 1.162752949085944056e+04 1.027267889803160506e+04
80 1.149545278773268001e+04 1.015212054943709700e+04
81 1.136645209702806642e+04 1.003488930819802044e+04
82 1.124034445095493720e+04 9.930992665675699755e+03
83 1.111677107876297305e+04 9.836475613235188575e+03
84 1.099555295806887261e+04 9.739677540245078490e+03
85 1.087671229390609369e+04 9.642974213078576213e+03
86 1.076021397753565361e+04 9.548690820528076074e+03
87 1.064599061449176406e+04 9.453772551099264092e+03
88 1.053401975710422266e+04 9.361690858593998200e+03
89 1.042422796997582009e+04 9.268500935477804887e+03
90 1.031661748520102992e+04 9.174874260889982907e+03
91 1.021116851696527010e+04 9.083377135055303370e+03
92 1.010781793113853564e+04 8.989977374527230495e+03
93 1.000659598730569815e+04 8.896449842945357886e+03
94 9.907460505917824776e+03 8.806360826585843824e+03
95 9.810281802189823793e+03 8.725693204380566385e+03
96 9.714840758091087991e+03 8.649226017388791661e+03
97 9.621077815725533583e+03 8.572240293570021095e+03
98 9.528965254108545196e+03 8.497299893190767762e+03
99 9.438467006138651413e+03 8.420551373659045566e+03
100 9.349620935234099306e+03 8.339569004447675979e+03
101 9.262478383730787755e+03 8.260611170054755348e+03
102 9.176963430453957699e+03 8.184457882875969517e+03
103 9.093022356143143043e+03 8.108303087624811269e+03
104 9.010618078581061127e+03 8.036939817351280908e+03
105 8.929650034023687112e+03 7.966487837174023298e+03
106 8.850086819244334038e+03 7.899484136615161333e+03
107 8.771844975264020832e+03 7.834984446779886639e+03
108 8.694866600057621326e+03 7.773239088729575087e+03
109 8.619089995377988089e+03 7.713894882141832568e+03
110 8.544442719085782301e+03 7.658702717353578919e+03
111 8.470856694652364240e+03 7.605484972962864958e+03
112 8.398276220919082334e+03 7.554310563258462025e+03
113 8.326676907011085859e+03 7.501376973616485884e+03
114 8.256095564226889110e+03 7.444749191708579019e+03
115 8.186599047344196151e+03 7.384515730862550299e+03
116 8.118228367265041925e+03 7.323612969642258577e+03
117 8.050986921818112023e+03 7.261772577999581699e+03
118 7.984872531006584722e+03 7.201714111641939780e+03
119 7.919842919896940657e+03 7.142179825408679790e+03
120 7.855903657174887485e+03 7.078651514879909882e+03
121 7.793105392651908915e+03 7.014379359816608485e+03
122 7.731441487422534010e+03 6.950906693255898062e+03
123 7.670886994308458270e+03 6.888132180579777923e+03
124 7.611413698275810930e+03 6.828061539962202005e+03
125 7.552957196109422512e+03 6.772803056856439980e+03
126 7.495422629617597522e+03 6.722522690775977026e+03
127 7.438739315572250234e+03 6.672503229780179936e+03
128 7.382888239961046565e+03 6.624091614046983523e+03
129 7.327848023419124729e+03 6.575420153813357501e+03
130 7.273610391840004013e+03 6.528678609357470123e+03
131 7.220127858143837329e+03 6.484816393040110597e+03
132 7.167360934167375490e+03 6.441056250215874570e+03
133 7.115301194815268900e+03 6.398886686027630276e+03
134 7.063925441817479623e+03 6.355594271713820490e+03
135 7.013244126824218256e+03 6.311852886012546151e+03
136 6.963266512752602466e+03 6.265911910532880029e+03
137 6.914013822716142386e+03 6.221587988717727967e+03
138 6.865444565726532346e+03 6.180078212931582129e+03
139 6.817519045471688514e+03 6.138751419545251338e+03
140 6.770238824562062291e+03 6.095952290354629440e+03
141 6.723613573469103358e+03 6.054653175172205010e+03
142 6.677605954023747472e+03 6.017064010570198661e+03
143 6.632167512574055763e+03 5.979153914108906065e+03
144 6.587307783890080827e+03 5.939095650686425870e+03
145 6.543046234332174208e+03 5.900282775053113255e+03
146 6.499355301464324839e+03 5.862310215321208489e+03
147 6.456229662345524048e+03 5.823903222184007973e+03
148 6.413664360211695566e+03 5.785757032247470306e+03
149 6.371668176371113077e+03 5.744972878636400310e+03
150 6.330263770023820143e+03 5.703764718865830218e+03
151 6.289457682672782539e+03 5.661079159671751768e+03
152 6.249265327671635532e+03 5.617753172838548380e+03
153 6.209678237434825860e+03 5.576717613481210719e+03
154 6.170662868881286158e+03 5.537340850972921544e+03
155 6.132194169028330180e+03 5.498725520052340471e+03
156 6.094259298726874476e+03 5.461403888017858662e+03
157 6.056828167732081965e+03 5.426489564364016587e+03
158 6.019877703901434870e+03 5.390180173440092403e+03
159 5.983424312462278976e+03 5.353520816590175855e+03
160 5.947457091303585003e+03 5.319224882355981208e+03
161 5.911946349863863361e+03 5.286146390756476649e+03
162 5.876871484550589230e+03 5.254279676009815375e+03
163 5.842218961955273699e+03 5.222427943541599234e+03
164 5.807981836418251987e+03 5.191888259712164654e+03
165 5.774147079081279117e+03 5.160448606575603662e+03
166 5.740727189311756774e+03 5.127107571662333612e+03
167 5.707736959721268249e+03 5.094489924972146582e+03
168 5.675163391062418668e+03 5.062761394268126423e+03
169 5.642993997938296161e+03 5.030999231938663797e+03
170 5.611228666405018885e+03 4.999274359241484490e+03
171 5.579863499561432036e+03 4.967044292751300418e+03
172 5.548905507256120472e+03 4.933711453744432220e+03
173 5.518363658792716706e+03 4.900709918386602112e+03
174 5.488221397147820426e+03 4.870104458261231230e+03
175 5.458453602024392239e+03 4.840093444892663683e+03
176 5.429050706312248622e+03 4.810093494803488284e+03
177 5.400011423329893660e+03 4.780332606372881855e+03
178 5.371337935724434828e+03 4.747850648785793055e+03
179 5.343055923742290361e+03 4.715086139121521228e+03
180 5.315161158025377517e+03 4.683319900035851788e+03
181 5.287639923949182958e+03 4.651564281997285434e+03
182 5.260494552419791034e+03 4.619056164079665905e+03
183 5.233725595025603980e+03 4.586978163080525519e+03
184 5.207327358133990856e+03 4.555819092015174647e+03
185 5.181279417381337225e+03 4.527053486345816054e+03
186 5.155555041689647624e+03 4.499887670656810769e+03
187 5.130134866918036096e+03 4.474356235273862694e+03
188 5.105000454106812867e+03 4.449389029857450623e+03
189 5.080145783597204172e+03 4.424598199301551176e+03
190 5.055570498694944945e+03 4.398671655264584842e+03
191 5.031279971830805152e+03 4.373850714541910747e+03
192 5.007260703708391702e+03 4.350361340452140212e+03
193 4.983494103382718095e+03 4.328478084365752693e+03
194 4.959963952797665115e+03 4.307303681863845668e+03
195 4.936664965003370526e+03 4.285701775988145528e+03
196 4.913597737502396740e+03 4.264589273624191264e+03
197 4.890758765040790422e+03 4.242731387409044146e+03
198 4.868156352976261587e+03 4.220162801336440680e+03
199 4.845793562050691435e+03 4.197879448593033885e+03
200 4.823665820155116307e+03 4.175926169662350731e+03
201 4.801765264805343577e+03 4.155460451682489293e+03
202 4.780076637829803985e+03 4.135639522448112075e+03
203 4.758595812326852865e+03 4.115315122979877742e+03
204 4.737328308589452718e+03 4.094109243447565404e+03
205 4.716281713128847514e+03 4.072184843460549018e+03
206 4.695459516772696588e+03 4.050733758753301572e+03
207 4.674852992099682524e+03 4.030724392276060826e+03
208 4.654446995547154984e+03 4.011652804100131561e+03
209 4.634232435586512111e+03 3.993319423678312432e+03
210 4.614201535336444067e+03 3.974631595506718895e+03
211 4.594361760406646681e+03 3.954944088192527033e+03
212 4.574715805723047197e+03 3.936225288848191212e+03
213 4.555256502461862510e+03 3.917268828642590051e+03
214 4.535983182794981076e+03 3.898840353022857471e+03
215 4.516890075398900080e+03 3.880310473060010736e+03
216 4.497981164658583111e+03 3.860905233511091410e+03
217 4.479262176750984509e+03 3.840836687805551719e+03
218 4.460737146749715066e+03 3.821117314392523440e+03
219 4.442402271440826553e+03 3.800945362079097777e+03
220 4.424264732340766386e+03 3.779126569688417931e+03
221 4.406338390478814290e+03 3.756340347879811361e+03
222 4.388625529492690475e+03 3.734561172876811725e+03
223 4.371116911028223512e+03 3.713241486562865703e+03
224 4.353804984993493235e+03 3.693271980774223266e+03
225 4.336676724197325711e+03 3.673794527650844429e+03
226 4.319732762001775882e+03 3.652761075350480041e+03
227 4.302982772804460183e+03 3.631844628705082414e+03
228 4.286423163711535381e+03 3.611339207706257184e+03
229 4.270049551172532119e+03 3.591205902215548576e+03
230 4.253857562932012115e+03 3.571424121003072742e+03
231 4.237842549016807425e+03 3.551900450392342009e+03
232 4.222004711143004897e+03 3.531468349311465772e+03
233 4.206348594008905820e+03 3.511371050521314373e+03
234 4.190868149843441643e+03 3.492187527547384889e+03
235 4.175553198225399683e+03 3.474633620129809060e+03
236 4.160391722539303373e+03 3.457108917859767644e+03
237 4.145381479684598162e+03 3.440240316553883076e+03
238 4.130517974415593926e+03 3.423343442391158078e+03
239 4.115798360914037403e+03 3.407113770808212848e+03
240 4.101218805745147620e+03 3.390264420460039219e+03
241 4.086783822039547886e+03 3.373719519759178638e+03
242 4.072487789236930894e+03 3.357800643001624394e+03
243 4.058327055041566837e+03 3.341471268813141251e+03
244 4.044304473707777106e+03 3.325020022966004035e+03
245 4.030419829595004558e+03 3.308498447908774779e+03
246 4.016673136029717170e+03 3.292033609416100262e+03
247 4.003062420841396943e+03 3.275982729633375129e+03
248 3.989582394005118658e+03 3.260943828565378226e+03
249 3.976223955047123127e+03 3.246554147339575138e+03
250 3.962983329929707907e+03 3.232312787934717562e+03
251 3.949858529640666802e+03 3.218087438405163084e+03
252 3.936847887841999636e+03 3.204395059660987499e+03
253 3.923949287545100105e+03 3.189860973651570021e+03
254 3.911169569979238076e+03 3.174555757877506039e+03
255 3.898512192505815619e+03 3.158986952535147793e+03
256 3.885982185465177736e+03 3.141911603646163258e+03
257 3.873587596020541241e+03 3.125003400033212984e+03
258 3.861324970242543714e+03 3.108643009954094850e+03
259 3.849190084143492186e+03 3.092684317843252757e+03
260 3.837178828183635687e+03 3.076783119372616511e+03
261 3.825291156184147894e+03 3.061196114986001703e+03
262 3.813521343318552681e+03 3.046759161554853563e+03
263 3.801861764938987108e+03 3.032516556666964789e+03
264 3.790310932891126413e+03 3.018320252855266062e+03
265 3.778868140042017330e+03 3.004307904107905870e+03
266 3.767529926860368505e+03 2.991140648998194138e+03
267 3.756289388541499193e+03 2.978723115087417227e+03
268 3.745140827172753689e+03 2.966971237547102191e+03
269 3.734079065819865264e+03 2.955651056609346597e+03
270 3.723102083956280239e+03 2.944044627057144226e+03
271 3.712212782445731591e+03 2.931563434563259761e+03
272 3.701416012565162873e+03 2.919020159319599315e+03
273 3.690712003034499048e+03 2.906235158936962307e+03
274 3.680101318429292860e+03 2.893633732756184600e+03
275 3.669582291086897840e+03 2.881238930935882763e+03
276 3.659153528223427202e+03 2.868617988306109055e+03
277 3.648816381539371378e+03 2.855861569492366016e+03
278 3.638570403646135674e+03 2.843671523181393241e+03
279 3.628410952073286808e+03 2.831747926391609326e+03
280 3.618335556288657699e+03 2.820468304695551979e+03
281 3.608339872663463666e+03 2.809616725109829986e+03
282 3.598418963621897092e+03 2.799596677412203007e+03
283 3.588569549914303934e+03 2.789191477872036103e+03
284 3.578792647949775528e+03 2.779258004650317162e+03
285 3.569085073440191536e+03 2.769453014977984822e+03
286 3.559446153018196583e+03 2.759403438663397992e+03
287 3.549877294063489444e+03 2.749175198771998112e+03
288 3.540380574822121616e+03 2.738373757875683168e+03
289 3.530958100689526418e+03 2.727756551765021413e+03
290 3.521608769187988855e+03 2.717067767237291719e+03
291 3.512333767711548717e+03 2.705628809837722656e+03
292 3.503136553132351764e+03 2.694405311629324842e+03
293 3.494015464824499304e+03 2.683096709865789762e+03
294 3.484971400674473443e+03 2.671640989395838005e+03
295 3.476003910264326350e+03 2.660504011295470264e+03
296 3.467111008633560232e+03 2.649305903710053826e+03
297 3.458293268971773614e+03 2.638004500162536715e+03
298 3.449550661931000377e+03 2.626533004625693593e+03
299 3.440884670238109720e+03 2.614949371983143010e+03
300 3.432293769213388259e+03 2.604069810725972729e+03
301 3.423773873581093540e+03 2.593283495067933927e+03
302 3.415325327260499307e+03 2.581930504296531581e+03
303 3.406951545670669475e+03 2.570248026298307650e+03
304 3.398652765273435307e+03 2.558917436896688741e+03
305 3.390427522771426084e+03 2.547396675962187146e+03
306 3.382275538518031681e+03 2.536237385237498074e+03
307 3.374194291179684114e+03 2.525485210522300804e+03
308 3.366181513743165851e+03 2.514698122058367062e+03
309 3.358237386328696175e+03 2.503671594949057180e+03
310 3.350363316566958929e+03 2.492334790454925042e+03
311 3.342560661087325116e+03 2.480920848299718273e+03
312 3.334829527590771704e+03 2.469511102642914921e+03
313 3.327168743755391461e+03 2.458501100677434351e+03
314 3.319575699287524913e+03 2.447823272574187285e+03
315 3.312048059818006095e+03 2.437585915909275627e+03
316 3.304582194554424859e+03 2.427938832743210696e+03
317 3.297175187428690606e+03 2.418373197388315020e+03
318 3.289826438987061465e+03 2.408909844689682814e+03
319 3.282534971404418684e+03 2.399436752673340379e+03
320 3.275300529126289803e+03 2.390205260030474619e+03
321 3.268121683086914345e+03 2.381043342741488232e+03
322 3.260996985928284630e+03 2.372429256404834177e+03
323 3.253923983421308549e+03 2.363627925482448518e+03
324 3.246902999197915051e+03 2.355105694318996029e+03
325 3.239932566968708215e+03 2.346630237479864263e+03
326 3.233011485529716083e+03 2.338713166210440249e+03
327 3.226136562294223495e+03 2.331084625440500986e+03
328 3.219306301349563455e+03 2.323601680936078537e+03
329 3.212519725520732209e+03 2.316168945010007519e+03
330 3.205776941376860577e+03 2.308386634923510883e+03
331 3.199079536986811490e+03 2.300661377457201525e+03
332 3.192426921130226674e+03 2.292845326844990723e+03
333 3.185819534173803277e+03 2.285010570576644568e+03
334 3.179256809478646119e+03 2.277586036893893834e+03
335 3.172736466515845677e+03 2.270239029109085095e+03
336 3.166258236778110131e+03 2.262812558317850289e+03
337 3.159822460992742435e+03 2.255327289309602747e+03
338 3.153429285630058530e+03 2.247797692407701561e+03
339 3.147078608416137286e+03 2.240380044623311733e+03
340 3.140769716235016858e+03 2.233104298025662047e+03
341 3.134501308097374476e+03 2.226080141269503201e+03
342 3.128272216323730390e+03 2.219120308840069356e+03
343 3.122081969980260965e+03 2.212242053657569159e+03
344 3.115930002694336963e+03 2.205379854980502841e+03
345 3.109816342823112336e+03 2.198374587111722576e+03
346 3.103741584247482024e+03 2.191300587479093792e+03
347 3.097705791967943696e+03 2.184264912669220848e+03
348 3.091709051365831328e+03 2.177050432909858955e+03
349 3.085751751530370711e+03 2.170018938668480132e+03
350 3.079832443195821725e+03 2.163241722355226102e+03
351 3.073950275320896253e+03 2.156375354623138264e+03
352 3.068105046491725716e+03 2.149726735103708961e+03
353 3.062295799562462435e+03 2.143077708345562769e+03
354 3.056522752831493563e+03 2.136291745666417228e+03
355 3.050785568392615914e+03 2.129948940844138633e+03
356 3.045082413754337267e+03 2.123616267379809869e+03
357 3.039413192854638055e+03 2.117266524196201772e+03
358 3.033777727889051221e+03 2.111020590492419615e+03
359 3.028175166782902579e+03 2.105036892386766340e+03
360 3.022604229079764991e+03 2.099069920166337852e+03
361 3.017064770451509503e+03 2.093183668135021890e+03
362 3.011556613988537720e+03 2.087039262384907943e+03
363 3.006080950330211181e+03 2.080876582666172908e+03
364 3.000637361390216029e+03 2.074842236090250026e+03
365 2.995225287028575167e+03 2.068834150747739841e+03
366 2.989844528137350608e+03 2.062819909816950712e+03
367 2.984495080604705890e+03 2.056741574069950730e+03
368 2.979177244659023472e+03 2.050609987844402895e+03
369 2.973891078008558907e+03 2.044512022354411329e+03
370 2.968636159046561716e+03 2.038526849555158378e+03
371 2.963411745513318692e+03 2.032758368140574248e+03
372 2.958216263458744379e+03 2.027441852792684813e+03
373 2.953047869362192159e+03 2.022247122818792377e+03
374 2.947905523735114002e+03 2.017313272937588181e+03
375 2.942788273482534350e+03 2.012352076250848313e+03
376 2.937696164088178193e+03 2.007449973755376732e+03
377 2.932628651056558283e+03 2.002611718116587326e+03
378 2.927585951812410258e+03 1.997491730133765259e+03
379 2.922569149185814240e+03 1.992147990175619498e+03
380 2.917579679442312681e+03 1.986518590982984506e+03
381 2.912618596898376836e+03 1.980744394851601328e+03
382 2.907686198270284876e+03 1.975101229444116370e+03
383 2.902781670342658344e+03 1.969597576592853557e+03
384 2.897904494746467662e+03 1.964080325230325570e+03
385 2.893054501849777353e+03 1.958639918616677051e+03
386 2.888231530777124135e+03 1.953075299599956679e+03
387 2.883435750458157145e+03 1.947667354100750572e+03
388 2.878666489546870707e+03 1.942277537236289618e+03
389 2.873923578360773263e+03 1.936910724061801830e+03
390 2.869206831906590196e+03 1.931566822816185550e+03
391 2.864516061398423062e+03 1.926270930551638003e+03
392 2.859850777280079910e+03 1.921177503260674257e+03
393 2.855209997898108213e+03 1.916164933889110898e+03
394 2.850593408145843568e+03 1.911142029999837177e+03
395 2.846001032797498738e+03 1.906110861357466320e+03
396 2.841432848451783684e+03 1.901062109432717079e+03
397 2.836888902879932630e+03 1.895990071413117676e+03
398 2.832369088058120269e+03 1.890978729871918176e+03
399 2.827873010607088418e+03 1.886039914656981182e+03
400 2.823400581164053619e+03 1.881019061128166186e+03
401 2.818951719026304545e+03 1.876168652051549998e+03
402 2.814525756943677607e+03 1.871352715044404704e+03
403 2.810122428876406047e+03 1.866589104601170675e+03
404 2.805741465483609772e+03 1.861894084373169790e+03
405 2.801382406504659230e+03 1.857290939049345525e+03
406 2.797044673846965907e+03 1.852809998802076052e+03
407 2.792728080751274774e+03 1.848255638757739234e+03
408 2.788432174106474122e+03 1.844068893975210358e+03
409 2.784155629632812179e+03 1.839961399039806338e+03
410 2.779898104125874852e+03 1.835870257513413890e+03
411 2.775659491929042815e+03 1.831758754552240816e+03
412 2.771440062899941495e+03 1.827494830435975473e+03
413 2.767240248165917365e+03 1.823246582766220399e+03
414 2.763059930166413778e+03 1.819013957604935513e+03
415 2.758898992089763397e+03 1.814796901190616154e+03
416 2.754757317868229620e+03 1.810595359937648027e+03
417 2.750634990480178203e+03 1.806223261240224474e+03
418 2.746532606987593226e+03 1.801819945170712572e+03
419 2.742450511941026434e+03 1.797113428253315078e+03
420 2.738389778553470933e+03 1.792483901232201788e+03
421 2.734349664324819969e+03 1.788017614023493934e+03
422 2.730329780258026403e+03 1.783499017155354295e+03
423 2.726329964858514813e+03 1.779159551336275399e+03
424 2.722349573004936246e+03 1.774855261323332570e+03
425 2.718388250328568574e+03 1.770743464925222952e+03
426 2.714445130641652668e+03 1.766715525139516558e+03
427 2.710519865686752382e+03 1.762789347170778001e+03
428 2.706611919515691625e+03 1.758923185590892217e+03
429 2.702721190731358547e+03 1.754997213160742604e+03
430 2.698847642579038620e+03 1.751247576853570990e+03
431 2.694990520643662876e+03 1.747541146107769464e+03
432 2.691150053531765479e+03 1.743547976103888459e+03
433 2.687327254836549855e+03 1.739379553425619861e+03
434 2.683522919032164282e+03 1.735168717120965312e+03
435 2.679736812818242015e+03 1.731069759277517733e+03
436 2.675968510767465887e+03 1.727035659107822539e+03
437 2.672217780003444659e+03 1.722966783105464401e+03
438 2.668484782061320402e+03 1.718812036330194360e+03
439 2.664769790554878909e+03 1.714721202122328805e+03
440 2.661072308887917188e+03 1.710744782811175583e+03
441 2.657391948636182406e+03 1.706784586696181577e+03
442 2.653728596808413386e+03 1.702860926566612079e+03
443 2.650081926707982348e+03 1.699061758942509641e+03
444 2.646451502971470745e+03 1.695277884892130032e+03
445 2.642837137442317726e+03 1.691620492564385813e+03
446 2.639238156665562656e+03 1.688143924245013750e+03
447 2.635653896870147491e+03 1.684714013911112943e+03
448 2.632084049577615133e+03 1.681440163177338036e+03
449 2.628528109268630033e+03 1.678152648679095591e+03
450 2.624985838219919060e+03 1.675043986692446197e+03
451 2.621456669941485870e+03 1.671899212248999220e+03
452 2.617940757859364112e+03 1.668803621377515128e+03
453 2.614437715023615510e+03 1.665825824418694992e+03
454 2.610947109522114715e+03 1.662920615099589213e+03
455 2.607468609148523228e+03 1.660043962199104953e+03
456 2.604002294824437740e+03 1.657039520185196579e+03
457 2.600548482198720194e+03 1.654052825921944532e+03
458 2.597107180998088552e+03 1.651015359066491783e+03
459 2.593678472458104807e+03 1.648027914651778019e+03
460 2.590262127834656894e+03 1.645066794468852095e+03
461 2.586858043104052740e+03 1.642116615559961474e+03
462 2.583466129677676690e+03 1.639234249855921007e+03
463 2.580085950350536223e+03 1.636508900207927809e+03
464 2.576716895358625607e+03 1.633860435771166067e+03
465 2.573358823766038313e+03 1.631072321073576632e+03
466 2.570012358785044853e+03 1.628196508524712499e+03
467 2.566677678123779970e+03 1.625331489002711351e+03
468 2.563354793363936096e+03 1.622386448481117895e+03
469 2.560043972493043384e+03 1.619430453193959465e+03
470 2.556745199745892478e+03 1.616485284625065333e+03
471 2.553458467394951640e+03 1.613486266013167324e+03
472 2.550183913849438795e+03 1.610512139149117047e+03
473 2.546921397890122989e+03 1.607572423392545716e+03
474 2.543670770770183026e+03 1.604622581532747517e+03
475 2.540432087325509201e+03 1.601666709983626788e+03
476 2.537205280824725378e+03 1.598768161552807669e+03
477 2.533990083620969926e+03 1.595947550915660941e+03
478 2.530786194357056047e+03 1.593136506988868632e+03
479 2.527593654601460457e+03 1.590227189367630444e+03
480 2.524412804783744832e+03 1.587322030001143276e+03
481 2.521243541197016839e+03 1.584442574139275848e+03
482 2.518085717223621032e+03 1.581612694845058286e+03
483 2.514939158764532749e+03 1.578792308317406878e+03
484 2.511803827673035357e+03 1.575921627793918560e+03
485 2.508679976527226245e+03 1.573007161160988744e+03
486 2.505567663336471469e+03 1.570103832822745744e+03
487 2.502466955478036652e+03 1.567043930361938237e+03
488 2.499378572327485017e+03 1.563772161216945733e+03
489 2.496302966389128869e+03 1.560611879820963850e+03
490 2.493239771414551342e+03 1.557465794210883587e+03
491 2.490188906731044426e+03 1.554333841285628068e+03
492 2.487150292249126778e+03 1.551215958179702511e+03
493 2.484123828262293500e+03 1.548140544113818805e+03
494 2.481109349916865540e+03 1.545066338454667402e+03
495 2.478106869868500326e+03 1.541930153695966965e+03
496 2.475116631898003561e+03 1.538771853078511185e+03
497 2.472138571107132975e+03 1.535694250557005489e+03
498 2.469172253694003757e+03 1.532773067665784538e+03
499 2.466217131433788381e+03 1.529949023803199680e+03
500 2.463272852190851154e+03 1.527142265647995146e+03
501 2.460339348571846131e+03 1.524401885314129686e+03
502 2.457416229608384583e+03 1.521767985243155636e+03
503 2.454503197880628250e+03 1.519148034840669652e+03
504 2.451600160145133032e+03 1.516545840351461948e+03
505 2.448707088582390952e+03 1.513929492086361051e+03
506 2.445823985537226690e+03 1.511323049645714264e+03
507 2.442950777704692882e+03 1.508766270250207299e+03
508 2.440087278311534646e+03 1.506169851011185528e+03
509 2.437233687451333026e+03 1.503541867791307141e+03
510 2.434390040254364067e+03 1.500920541678967993e+03
511 2.431556467091552349e+03 1.498156967181592108e+03
512 2.428733166074159726e+03 1.495542919766886826e+03
513 2.425919685513049444e+03 1.492949693734875837e+03
514 2.423115948570457022e+03 1.490354680697136928e+03
515 2.420322173314036263e+03 1.487535976664426244e+03
516 2.417538965514278516e+03 1.484712549919031289e+03
517 2.414766303657706430e+03 1.481884870597535837e+03
518 2.412004270772905329e+03 1.478998477515712693e+03
519 2.409253006757480307e+03 1.476086811722743505e+03
520 2.406512534147657789e+03 1.473230270716388759e+03
521 2.403782639384215599e+03 1.470402997657673495e+03
522 2.401063256599683427e+03 1.467519196422077812e+03
523 2.398354533477945552e+03 1.464643765702895735e+03
524 2.395656406008205522e+03 1.461783503744461541e+03
525 2.392968774339864012e+03 1.458974590504587923e+03
526 2.390291424018841553e+03 1.456217092254760018e+03
527 2.387624141817490454e+03 1.453476460327790392e+03
528 2.384966924677648421e+03 1.450721907494992593e+03
529 2.382319762103490575e+03 1.447980815680037949e+03
530 2.379682586048257690e+03 1.445253111038215593e+03
531 2.377055327458665488e+03 1.442546270566491785e+03
532 2.374437863037569969e+03 1.439892995819002863e+03
533 2.371829984993923063e+03 1.437268619321399001e+03
534 2.369231598084775669e+03 1.434656250021207370e+03
535 2.366642648004678904e+03 1.432042688524044252e+03
536 2.364063130474735772e+03 1.429433101629160547e+03
537 2.361492990960724001e+03 1.426842158809779448e+03
538 2.358932153758551067e+03 1.424262970513462506e+03
539 2.356380559921930853e+03 1.421695476213349139e+03
540 2.353838319210689406e+03 1.418952135389232126e+03
541 2.351305821796333021e+03 1.416279033895034672e+03
542 2.348782813102520777e+03 1.413671559442720536e+03
543 2.346269056737869960e+03 1.411090515748985126e+03
544 2.343764466691250163e+03 1.408510712789502350e+03
545 2.341269048997818118e+03 1.405918542999125521e+03
546 2.338782751430262579e+03 1.403407336102965246e+03
547 2.336305295998018664e+03 1.400924216826742395e+03
548 2.333836505560347632e+03 1.398557979887012152e+03
549 2.331376021216095069e+03 1.396244305083665267e+03
550 2.328923568738842732e+03 1.394028177561401435e+03
551 2.326478879578438409e+03 1.391839199672349650e+03
552 2.324041836461224193e+03 1.389675518878811317e+03
553 2.321612358023082834e+03 1.387522549070464493e+03
554 2.319190394408771681e+03 1.385389059850640024e+03
555 2.316775782992557652e+03 1.383367237859599300e+03
556 2.314368158735581346e+03 1.381398745348763669e+03
557 2.311967376532246817e+03 1.379438838921363640e+03
558 2.309573396872895501e+03 1.377487474314501242e+03
559 2.307186092326757716e+03 1.375665418214178317e+03
560 2.304805058106675915e+03 1.373868854669455004e+03
561 2.302430361333472774e+03 1.371929754214560262e+03
562 2.300062374075346725e+03 1.369989189729230020e+03
563 2.297701076651961557e+03 1.368056421865187758e+03
564 2.295346430498359496e+03 1.366136964391105266e+03
565 2.292998344824972264e+03 1.364305234341090909e+03
566 2.290656394986025589e+03 1.362619111950858496e+03
567 2.288320245059249373e+03 1.360914041886896939e+03
568 2.285990053512780833e+03 1.359071127337995676e+03
569 2.283666182267185377e+03 1.357223759384238974e+03
570 2.281348621898981037e+03 1.355381764358039618e+03
571 2.279037347476718878e+03 1.353530139426423830e+03
572 2.276732462286600821e+03 1.351601635871113785e+03
573 2.274434137568596270e+03 1.349679203638499985e+03
574 2.272142343365593661e+03 1.347762820735973719e+03
575 2.269857041520052462e+03 1.345865179342808460e+03
576 2.267578170174327624e+03 1.343960086366376572e+03
577 2.265305738096115419e+03 1.342089616927389670e+03
578 2.263039604068757399e+03 1.340230457635841049e+03
579 2.260779730846628809e+03 1.338419433347401309e+03
580 2.258525865871185033e+03 1.336722096424606661e+03
581 2.256277631424013634e+03 1.335099607182512727e+03
582 2.254034855415952279e+03 1.333462733338041062e+03
583 2.251797609955960525e+03 1.331800388095736025e+03
584 2.249565890978986772e+03 1.330203874672862639e+03
585 2.247339500165177014e+03 1.328623825893331741e+03
586 2.245118393770813782e+03 1.327047522144044251e+03
587 2.242902553014159366e+03 1.325474954643822684e+03
588 2.240691959187303837e+03 1.323906114629251306e+03
589 2.238486593655855359e+03 1.322340993354647026e+03
590 2.236286437858644149e+03 1.320779582092027113e+03
591 2.234091513009055234e+03 1.319159712637348093e+03
592 2.231901994742725037e+03 1.317524970805219937e+03
593 2.229717896210006074e+03 1.315904981391062393e+03
594 2.227539124953274040e+03 1.314327280651848469e+03
595 2.225365573653546107e+03 1.312753133467905400e+03
596 2.223197224313916649e+03 1.311182532130475693e+03
597 2.221034059005120980e+03 1.309615468945707335e+03
598 2.218876059865266598e+03 1.308051936234625373e+03
599 2.216723194476461231e+03 1.306527003070085584e+03
600 2.214575302166560505e+03 1.305039547393319026e+03
601 2.212432234574127961e+03 1.303632151907195976e+03
602 2.210293806534782107e+03 1.302193222840662429e+03
603 2.208160109461384764e+03 1.300747674131065423e+03
604 2.206031145944995842e+03 1.299304946070313690e+03
605 2.203906901507757539e+03 1.297865033561837436e+03
606 2.201787375031907686e+03 1.296408689042828200e+03
607 2.199672606811505375e+03 1.294951716258776969e+03
608 2.197562588307351689e+03 1.293497595441720023e+03
609 2.195457285522305938e+03 1.292072520232919942e+03
610 2.193356614035103576e+03 1.290652824685867699e+03
611 2.191260521355721266e+03 1.289292890077091442e+03
612 2.189168813626005885e+03 1.287956173075405331e+03
613 2.187081436427291464e+03 1.286642339040063689e+03
614 2.184998241760826204e+03 1.285405176519163888e+03
615 2.182919029042903276e+03 1.284204266373270912e+03
616 2.180843684872595986e+03 1.283015153651617311e+03
617 2.178772181447437106e+03 1.281828154340539186e+03
618 2.176704508393321703e+03 1.280643264915513100e+03
619 2.174640655366435567e+03 1.279460481857157902e+03
620 2.172580612053164714e+03 1.278279801651226080e+03
621 2.170524368170002617e+03 1.277101220788594674e+03
622 2.168471913463460623e+03 1.275924735765261630e+03
623 2.166423303769153335e+03 1.274655223469350176e+03
624 2.164378790084169850e+03 1.273373178885858351e+03
625 2.162338386172781611e+03 1.272093534457097803e+03
626 2.160302079743511968e+03 1.270819897582856129e+03
627 2.158269826902554541e+03 1.269577494106766153e+03
628 2.156241530881534800e+03 1.268349321998886126e+03
629 2.154217156407202310e+03 1.267123399574202722e+03
630 2.152196692511747642e+03 1.265899723136005150e+03
631 2.150180124437292761e+03 1.264691691542009949e+03
632 2.148167353360508969e+03 1.263549256890859851e+03
633 2.146158196472820691e+03 1.262422315903806293e+03
634 2.144152626312905795e+03 1.261291833180638150e+03
635 2.142150644157873558e+03 1.260174212498529187e+03
636 2.140152173755234799e+03 1.259082262098998626e+03
637 2.138157211038210789e+03 1.257937379880658227e+03
638 2.136165887430784096e+03 1.256783526918579355e+03
639 2.134178221225418838e+03 1.255625459169229771e+03
640 2.132194210675200338e+03 1.254473502229152245e+03
641 2.130213803947391170e+03 1.253385501201256830e+03
642 2.128236794105675472e+03 1.252326427843123156e+03
643 2.126263121672368015e+03 1.251282220119540852e+03
644 2.124292659811374051e+03 1.250329538989102048e+03
645 2.122325188764493305e+03 1.249378356552417245e+03
646 2.120360811449919311e+03 1.248311604196100234e+03
647 2.118399774174354661e+03 1.247258793478633834e+03
648 2.116442042274138203e+03 1.246208219898467178e+03
649 2.114487605946331769e+03 1.245159878916482057e+03
650 2.112536455419955018e+03 1.244113766000617034e+03
651 2.110588580955880389e+03 1.243069876625864026e+03
652 2.108643972846720771e+03 1.242028206274259219e+03
653 2.106702641559417771e+03 1.240946384220948175e+03
654 2.104764724510205724e+03 1.239838751231854076e+03
655 2.102830268253717350e+03 1.238746846566676822e+03
656 2.100899171068622763e+03 1.237697335697770086e+03
657 2.098971343811880161e+03 1.236649837625709552e+03
658 2.097046777449190813e+03 1.235604348777166024e+03
659 2.095125462973278900e+03 1.234560865583801387e+03
660 2.093207392246330528e+03 1.233509695530189902e+03
661 2.091292651893999391e+03 1.232383684116548466e+03
662 2.089381404873222436e+03 1.231259758712598341e+03
663 2.087473641531466455e+03 1.230137915668329242e+03
664 2.085569339781563031e+03 1.229014233025494377e+03
665 2.083668555918487527e+03 1.227859310959520826e+03
666 2.081771341813630443e+03 1.226706703562921575e+03
667 2.079877686967422960e+03 1.225556406174213635e+03
668 2.077987580914803857e+03 1.224408414140330251e+03
669 2.076101013225100814e+03 1.223262722816609539e+03
670 2.074217992504808080e+03 1.222073396565085886e+03
671 2.072338688251869826e+03 1.220830125594187166e+03
672 2.070463240088042767e+03 1.219534449319908845e+03
673 2.068591774885435825e+03 1.218261118268234441e+03
674 2.066724184019088625e+03 1.217015738100499448e+03
675 2.064860408529435517e+03 1.215772936733849974e+03
676 2.063000434128183770e+03 1.214539226761628925e+03
677 2.061144224216021939e+03 1.213314521762195909e+03
678 2.059291754974127343e+03 1.212092276464556107e+03
679 2.057443015127785657e+03 1.210872486399093304e+03
680 2.055597993438589128e+03 1.209655147102977253e+03
681 2.053756693410330172e+03 1.208402051430071651e+03
682 2.051919235694992949e+03 1.207148309749006785e+03
683 2.050085545756419378e+03 1.205934685257718911e+03
684 2.048255580890386227e+03 1.204659659987981740e+03
685 2.046429511433955895e+03 1.203356158799140985e+03
686 2.044607395833902046e+03 1.202051783253154554e+03
687 2.042789227015073720e+03 1.200750453972095556e+03
688 2.040974998301513551e+03 1.199430627212796026e+03
689 2.039164788886296492e+03 1.198067627087845494e+03
690 2.037358745106177821e+03 1.196659192096826246e+03
691 2.035556931254379151e+03 1.195245712081460397e+03
692 2.033759437803184028e+03 1.193723712528333863e+03
693 2.031966612139026665e+03 1.192109544333002304e+03
694 2.030178645944589334e+03 1.190485320321093923e+03
695 2.028395546301724607e+03 1.188866326159167556e+03
696 2.026617290941981310e+03 1.187252543132706023e+03
697 2.024843857729578531e+03 1.185643656118801346e+03
698 2.023075229277733342e+03 1.184035166092047120e+03
699 2.021311394133579824e+03 1.182431831392131471e+03
700 2.019552330462704731e+03 1.180833633563101557e+03
701 2.017798020614412280e+03 1.179223871890231067e+03
702 2.016048514569736881e+03 1.177573372526489493e+03
703 2.014303930416243475e+03 1.175930293916453820e+03
704 2.012564180348529362e+03 1.174306252114463859e+03
705 2.010829236451963652e+03 1.172688104815233828e+03
706 2.009099032574391003e+03 1.171121709319277215e+03
707 2.007373435657404343e+03 1.169570772369057977e+03
708 2.005652395915614534e+03 1.168038608121233892e+03
709 2.003935888989323530e+03 1.166468669506910601e+03
710 2.002223992721822015e+03 1.164902445431604974e+03
711 2.000516691375953769e+03 1.163326664708555199e+03
712 1.998814040862543152e+03 1.161715764038616499e+03
713 1.997116100556641641e+03 1.160109789870512259e+03
714 1.995422849559259703e+03 1.158508726886891282e+03
715 1.993734267075716616e+03 1.156912559812288237e+03
716 1.992050333188297827e+03 1.155314899872087153e+03
717 1.990371072058740083e+03 1.153690390745818604e+03
718 1.988696527904560298e+03 1.152071171474137373e+03
719 1.987026678764696271e+03 1.150457224041880863e+03
720 1.985361502957397988e+03 1.148845975853289701e+03
721 1.983701016229047354e+03 1.147197030399903724e+03
722 1.982045296139203174e+03 1.145549115524355784e+03
723 1.980394327255594135e+03 1.143906568146348036e+03
724 1.978748087309966650e+03 1.142269370008057422e+03
725 1.977106554153008574e+03 1.140637502907199405e+03
726 1.975469705753673452e+03 1.139010948696892910e+03
727 1.973837513769691896e+03 1.137407698715936476e+03
728 1.972209891874631239e+03 1.135827764118948380e+03
729 1.970586786539362038e+03 1.134252889113869742e+03
730 1.968968181678799965e+03 1.132673700198685765e+03
731 1.967354083722661926e+03 1.131095446329506558e+03
732 1.965744478687290439e+03 1.129521932910063470e+03
733 1.964139376172566244e+03 1.127927393009285879e+03
734 1.962538764946195670e+03 1.126377187388001857e+03
735 1.960942540782870992e+03 1.124838505365875790e+03
736 1.959350674014288415e+03 1.123293520899611394e+03
737 1.957763217105664808e+03 1.121703487414110668e+03
738 1.956180266458046844e+03 1.120067615731321439e+03
739 1.954601995226259305e+03 1.118367358536430856e+03
740 1.953028509689282146e+03 1.116672926937237207e+03
741 1.951459786220548722e+03 1.114984300863942735e+03
742 1.949895802677204756e+03 1.113296567985288902e+03
743 1.948336519160170155e+03 1.111660256470680679e+03
744 1.946781792539513162e+03 1.110066640322117792e+03
745 1.945231504647294969e+03 1.108489232593293764e+03
746 1.943685617538560109e+03 1.106916950591784143e+03
747 1.942144110688358069e+03 1.105349777827911566e+03
748 1.940606963678365446e+03 1.103787697857374496e+03
749 1.939074156196301146e+03 1.102230694281148772e+03
750 1.937545668035349308e+03 1.100678750745385514e+03
751 1.936021479093579273e+03 1.099131850941309040e+03
752 1.934501533095677132e+03 1.097653124290505502e+03
753 1.932985655822130639e+03 1.096192132931385686e+03
754 1.931473809195414333e+03 1.094735947125217081e+03
755 1.929965974618455220e+03 1.093284551005188860e+03
756 1.928462133590589247e+03 1.091837928748617514e+03
757 1.926962270945250566e+03 1.090384334545284446e+03
758 1.925466402197877642e+03 1.088938480187758387e+03
759 1.923974498577781560e+03 1.087487832960012838e+03
760 1.922486569307267018e+03 1.086038728871058083e+03
761 1.921002600806481951e+03 1.084594469670067383e+03
762 1.919522540401665083e+03 1.083207921740140137e+03
763 1.918046255973724556e+03 1.081828798322014563e+03
764 1.916573726557547843e+03 1.080454014553673005e+03
765 1.915104935521410425e+03 1.079085872397263074e+03
766 1.913639816481267871e+03 1.077784012688339544e+03
767 1.912178228928727094e+03 1.076486017197829369e+03
768 1.910720158139040223e+03 1.075191874737167382e+03
769 1.909265633669447197e+03 1.073824487861309308e+03
770 1.907814822199122545e+03 1.072447330642646875e+03
771 1.906367729486142707e+03 1.071060928879458970e+03
772 1.904924431485193054e+03 1.069603526105559695e+03
773 1.903485059042061494e+03 1.068148967077543602e+03
774 1.902049596928553456e+03 1.066699103991063566e+03
775 1.900618027227004859e+03 1.065253922223274003e+03
776 1.899190331343089611e+03 1.063819074882170980e+03
777 1.897766459137085349e+03 1.062411183046453061e+03
778 1.896346351541955300e+03 1.061007681778304232e+03
779 1.894929990940000380e+03 1.059617105504141819e+03
780 1.893517304324427641e+03 1.058275426403939946e+03
781 1.892108191863376078e+03 1.056932070230952377e+03
782 1.890702678980642304e+03 1.055558654266834765e+03
783 1.889300814790432241e+03 1.054189556070980416e+03
784 1.887902583101777282e+03 1.052824762592984143e+03
785 1.886507963051499701e+03 1.051483666897003559e+03
786 1.885116862072314007e+03 1.050179757732760891e+03
787 1.883729207592639796e+03 1.048879697150359789e+03
788 1.882344985183793597e+03 1.047583474231085347e+03
789 1.880964180483608516e+03 1.046291078081148271e+03
790 1.879586778889954303e+03 1.045007654295717657e+03
791 1.878212715648908897e+03 1.043779945487704936e+03
792 1.876841877772392309e+03 1.042555698311093920e+03
793 1.875474237215571065e+03 1.041357603408694786e+03
794 1.874109755245595352e+03 1.040125273635472240e+03
795 1.872748515592950071e+03 1.038881857936213464e+03
796 1.871390527180319623e+03 1.037642371135112626e+03
797 1.870035765944469176e+03 1.036426088295525687e+03
798 1.868684161571546611e+03 1.035232951751729161e+03
799 1.867335666081951786e+03 1.034043132368949955e+03
800 1.865990293499547988e+03 1.032815066026504837e+03
801 1.864648081533090135e+03 1.031640673264334737e+03
802 1.863308918891819303e+03 1.030469683102894123e+03
803 1.861972793287856348e+03 1.029302086099556391e+03
804 1.860639692487831098e+03 1.028137872832405264e+03
805 1.859309604312631109e+03 1.026977033900209335e+03
806 1.857982516637148819e+03 1.025819559922389544e+03
807 1.856658417733741544e+03 1.024658139003006909e+03
808 1.855337372245894130e+03 1.023429111487406203e+03
809 1.854019465865754455e+03 1.022232654992874927e+03
810 1.852704638080729637e+03 1.021035396151304667e+03
811 1.851392914192687613e+03 1.019803205621154575e+03
812 1.850084353117467572e+03 1.018574474843098642e+03
813 1.848778942172585857e+03 1.017349194585549185e+03
814 1.847476669489849201e+03 1.016120082042614285e+03
815 1.846177568103124258e+03 1.014857142453682513e+03
816 1.844881692641667314e+03 1.013597939058163661e+03
817 1.843589029569409604e+03 1.012342461124213628e+03
818 1.842299565413100481e+03 1.011090697945831380e+03
819 1.841013285279684169e+03 1.009849431293063162e+03
820 1.839730148399602058e+03 1.008628377856461611e+03
821 1.838450102612115188e+03 1.007422910380888766e+03
822 1.837173092484708604e+03 1.006252855977601598e+03
823 1.835899033681879018e+03 1.005110075839170236e+03
824 1.834627858874289814e+03 1.003976573109763422e+03
825 1.833359541261206232e+03 1.002871316157902356e+03
826 1.832093985458109728e+03 1.001799648651357188e+03
827 1.830831131964670249e+03 1.000730694680771308e+03
828 1.829570968923426335e+03 9.996725437341771112e+02
829 1.828313458422208669e+03 9.986282670503809413e+02
830 1.827058572828732167e+03 9.975866052852537678e+02
831 1.825806301988681525e+03 9.965533709725253857e+02
832 1.824556608052965657e+03 9.955418891198017945e+02
833 1.823309448776494946e+03 9.945328417524929137e+02
834 1.822064815494780760e+03 9.935262233072551226e+02
835 1.820822699575777960e+03 9.925220282312716336e+02
836 1.819583092419755758e+03 9.915202509822361208e+02
837 1.818345985459171743e+03 9.905208860283380545e+02
838 1.817111370158545469e+03 9.895239278482447389e+02
839 1.815879238014333851e+03 9.885293709310880104e+02
840 1.814649580554803151e+03 9.875372097764444561e+02
841 1.813422389339908250e+03 9.865474388943235908e+02
842 1.812197646826050232e+03 9.855825530687041010e+02
843 1.810975285788100109e+03 9.846318396286969801e+02
844 1.809755265275397505e+03 9.837105626839405659e+02
845 1.808537523674317299e+03 9.827932822766701975e+02
846 1.807322051287723525e+03 9.818780553072307384e+02
847 1.806108840926421408e+03 9.809648773864671512e+02
848 1.804897885426231369e+03 9.800537441331573518e+02
849 1.803689177647896713e+03 9.791446511739982270e+02
850 1.802482709682974246e+03 9.782435289604092077e+02
851 1.801278444600110561e+03 9.773657951364416476e+02
852 1.800076338914182315e+03 9.764899850909017687e+02
853 1.798876373473591002e+03 9.756477751355794226e+02
854 1.797678463543683847e+03 9.748066879957191304e+02
855 1.796482637823075265e+03 9.739444122787623428e+02
856 1.795288896476530681e+03 9.731326459028256295e+02
857 1.794097193127469609e+03 9.722395126304763835e+02
858 1.792907677087097682e+03 9.713517834738140664e+02
859 1.791720318276207308e+03 9.704836117503691639e+02
860 1.790535080437225588e+03 9.696171116819130020e+02
861 1.789351957595561544e+03 9.687522802479611528e+02
862 1.788170943794920731e+03 9.678891144328466680e+02
863 1.786992020083239140e+03 9.670670149669218745e+02
864 1.785815068431786358e+03 9.662715079196577790e+02
865 1.784640060184888171e+03 9.654686559465344544e+02
866 1.783467001270115588e+03 9.646826855094501525e+02
867 1.782295805024483343e+03 9.639646777159388193e+02
868 1.781126371744216840e+03 9.632109664184591793e+02
869 1.779958766001631602e+03 9.624586299983918707e+02
870 1.778792983037955764e+03 9.617076657443296881e+02
871 1.777629020992267897e+03 9.609486997767968433e+02
872 1.776466894199685157e+03 9.601975500630527449e+02
873 1.775306582235922406e+03 9.594484376592729404e+02
874 1.774148079572812549e+03 9.587006751878171826e+02
875 1.772991381542107547e+03 9.579542600215017956e+02
876 1.771836483489509646e+03 9.572091895385085536e+02
877 1.770683380774626357e+03 9.564654611223746770e+02
878 1.769532065738774008e+03 9.557404435343107707e+02
879 1.768382462026731673e+03 9.550592317311562738e+02
880 1.767234496086150557e+03 9.543792095616565803e+02
881 1.766088154070920609e+03 9.537187846424425288e+02
882 1.764943394985363284e+03 9.530618239435103760e+02
883 1.763800213705710803e+03 9.524009721957412467e+02
884 1.762658620713238179e+03 9.517370602129390136e+02
885 1.761518618361664494e+03 9.510742738331488226e+02
886 1.760380202848250292e+03 9.504126108754830966e+02
887 1.759243410815631023e+03 9.496232293149545285e+02
888 1.758108612236587078e+03 9.487187047729410097e+02
889 1.756975973791106753e+03 9.478161271244039199e+02
890 1.755845488566467338e+03 9.469184588230810959e+02
891 1.754717128499770752e+03 9.460444973572195977e+02
892 1.753590845353522354e+03 9.451823554663855020e+02
893 1.752466609631466781e+03 9.443257677854246595e+02
894 1.751344410052169451e+03 9.434710489515963445e+02
895 1.750224234784414648e+03 9.426304159509762712e+02
896 1.749106059274368818e+03 9.417709587854561732e+02
897 1.747989935261478649e+03 9.408987826433985902e+02
898 1.746875876972799233e+03 9.400284411043157888e+02
899 1.745763882757890087e+03 9.391512997088997281e+02
900 1.744653963235129140e+03 9.382750632264019259e+02
901 1.743546109089334550e+03 9.374250032795370089e+02
902 1.742440215657567251e+03 9.366359639040779257e+02
903 1.741336182675405780e+03 9.358483493525009180e+02
904 1.740234005221412644e+03 9.350621568713409033e+02
905 1.739133678389097668e+03 9.342773837124553893e+02
906 1.738035197286868879e+03 9.334940271330133328e+02
907 1.736938557037982264e+03 9.327120843954876364e+02
908 1.735843752780495606e+03 9.319315527676455986e+02
909 1.734750779667214147e+03 9.311524295225370906e+02
910 1.733659632865646699e+03 9.303747119384875077e+02
911 1.732570307557954266e+03 9.295983972990854909e+02
912 1.731482798940901830e+03 9.288234828931770153e+02
913 1.730397102225810841e+03 9.280499660148519752e+02
914 1.729313212638509867e+03 9.272778439634380447e+02
915 1.728231125419287082e+03 9.265071140434876042e+02
916 1.727150835822843192e+03 9.257377735647725103e+02
917 1.726072339118242098e+03 9.249698198422707947e+02
918 1.724995630588864742e+03 9.242032501961592743e+02
919 1.723920705532361353e+03 9.234380619518035473e+02
920 1.722847559260604157e+03 9.226742524397494662e+02
921 1.721776187099638946e+03 9.219118189957114282e+02
922 1.720706584389641648e+03 9.211507589605657813e+02
923 1.719638746484868079e+03 9.203910696803392284e+02
924 1.718572668753609832e+03 9.196327485062006417e+02
925 1.717508346578145392e+03 9.188757927944523090e+02
926 1.716445775354697389e+03 9.181201999065183372e+02
927 1.715384950493383258e+03 9.173659672089373771e+02
928 1.714325867418170901e+03 9.166130920733540961e+02
929 1.713268521566832987e+03 9.158615718765054226e+02
930 1.712212906413263909e+03 9.151184857461163347e+02
931 1.711158996663980815e+03 9.143842250770211422e+02
932 1.710106777110529038e+03 9.136511963564432790e+02
933 1.709056243564093847e+03 9.129193975128346210e+02
934 1.708007391847437248e+03 9.121888264779299789e+02
935 1.706960217794859545e+03 9.114594811867416411e+02
936 1.705914725827087750e+03 9.106976579917269419e+02
937 1.704871000786132754e+03 9.099204774239849485e+02
938 1.703829055861668394e+03 9.091448906349623940e+02
939 1.702788876073479969e+03 9.083943845774322199e+02
940 1.701750402944615189e+03 9.076605353245336119e+02
941 1.700713591927259358e+03 9.069487340043658605e+02
942 1.699678405971614438e+03 9.062383084893971272e+02
943 1.698644868146727049e+03 9.054788152956175509e+02
944 1.697613064031358590e+03 9.047186772487299322e+02
945 1.696582990881855721e+03 9.039603709558539322e+02
946 1.695554643079690777e+03 9.032038909354519092e+02
947 1.694528015029269227e+03 9.024492317217836899e+02
948 1.693503100170473999e+03 9.017154416425190675e+02
949 1.692479733231583850e+03 9.011728941059772069e+02
950 1.691457597145868931e+03 9.006311363237045953e+02
951 1.690436683778181077e+03 9.001008079534648232e+02
952 1.689416971216468255e+03 8.995720687981298624e+02
953 1.688398456043328679e+03 8.990441046945344397e+02
954 1.687381119135001200e+03 8.985505892023063552e+02
955 1.686364893432283679e+03 8.980626545824153482e+02
956 1.685349770823827384e+03 8.975754733226511917e+02
957 1.684335749008949733e+03 8.970890440777948243e+02
958 1.683322825692773677e+03 8.966033655051654705e+02
959 1.682310984212511357e+03 8.961629716977366797e+02
960 1.681300106647780922e+03 8.957566260550842117e+02
961 1.680290145305696342e+03 8.953509796884330854e+02
962 1.679281098195280947e+03 8.949460312642777353e+02
963 1.678272963330702169e+03 8.945417794516289405e+02
964 1.677265738731256761e+03 8.941382229220100726e+02
965 1.676259422421355566e+03 8.937353603494523213e+02
966 1.675254012430509874e+03 8.933331904104913974e+02
967 1.674249500601937370e+03 8.929497127589005459e+02
968 1.673245840367666915e+03 8.925783003761102918e+02
969 1.672243014630967537e+03 8.922074893296035043e+02
970 1.671241021694608207e+03 8.918372784871886552e+02
971 1.670239859865581366e+03 8.914676667189118007e+02
972 1.669239527455090411e+03 8.910986528970487370e+02
973 1.668240022778540151e+03 8.907302358961054551e+02
974 1.667241344155521801e+03 8.903624145928093867e+02
975 1.666243489909804339e+03 8.899951878661091769e+02
976 1.665246458369321090e+03 8.896285545971695683e+02
977 1.664250247866157224e+03 8.892625136693666263e+02
978 1.663254856736539523e+03 8.888970639682847832e+02
979 1.662260282948438771e+03 8.885336715139989110e+02
980 1.661266520500773368e+03 8.881726342291512992e+02
981 1.660273565232425881e+03 8.878121839569694203e+02
982 1.659281415503946619e+03 8.874523195686523422e+02
983 1.658290075201926811e+03 8.870665073014126847e+02
984 1.657299630610333679e+03 8.866368273737517711e+02
985 1.656310144801508613e+03 8.862082398269335499e+02
986 1.655321614875991600e+03 8.857807408314882878e+02
987 1.654334037946385934e+03 8.853543265720134059e+02
988 1.653347409866159296e+03 8.849355647590284661e+02
989 1.652361705131427016e+03 8.845302338757182952e+02
990 1.651376902674203848e+03 8.841259661350447914e+02
991 1.650392999716949589e+03 8.837227577348967316e+02
992 1.649409993493817183e+03 8.833206048872701786e+02
993 1.648427883895743889e+03 8.829141245940611498e+02
994 1.647446678226086306e+03 8.825079915971550690e+02
995 1.646466374563503678e+03 8.821029049876273120e+02
996 1.645486970171355779e+03 8.816988611011918238e+02
997 1.644508462324325137e+03 8.812958562870520609e+02
998 1.643530848308365194e+03 8.808938869078638163e+02
999 1.642554125420647551e+03 8.804929493396873568e+02
1000 1.641578290969508771e+03 8.800930399719492243e+02
1001 1.640603342274399438e+03 8.796941552073969888e+02
1002 1.639629276665830503e+03 8.792962914620579795e+02
1003 1.638656076814775361e+03 8.789307306885647222e+02
1004 1.637683679767755166e+03 8.785718009534018620e+02
1005 1.636712076292967367e+03 8.782138541590570640e+02
1006 1.635741263895133443e+03 8.778568865942178263e+02
1007 1.634771240089823323e+03 8.775008945618471898e+02
1008 1.633802001981553303e+03 8.771470217997441523e+02
1009 1.632833544466227977e+03 8.767946914982410362e+02
1010 1.631865864357218015e+03 8.764433224319726605e+02
1011 1.630898959223275597e+03 8.760929109655133971e+02
1012 1.629932814050697743e+03 8.757724191071670248e+02
1013 1.628967367513596855e+03 8.754606066148645596e+02
1014 1.628002607919210732e+03 8.751490004401834994e+02
1015 1.627038548769730596e+03 8.748120093186821578e+02
1016 1.626075239313064458e+03 8.744628815859887254e+02
1017 1.625112698156946635e+03 8.741146885603955070e+02
1018 1.624150922939732709e+03 8.737674266951606796e+02
1019 1.623189911310026673e+03 8.734210924573791317e+02
1020 1.622229660926632505e+03 8.730756823279360788e+02
1021 1.621270169458505961e+03 8.727311928014617024e+02
1022 1.620311434584704557e+03 8.723876203862865850e+02
1023 1.619353453994338906e+03 8.720449616043933929e+02
1024 1.618396225386526339e+03 8.717032129913744711e+02
1025 1.617439746470339742e+03 8.713623710963851181e+02
1026 1.616484014964761172e+03 8.710224324820978836e+02
1027 1.615529028598634795e+03 8.706833937246581172e+02
1028 1.614574785110618677e+03 8.703452514136392892e+02
1029 1.613621312441090140e+03 8.699276018146911156e+02
1030 1.612668788180726096e+03 8.694742725104956662e+02
1031 1.611717255763580852e+03 8.690223493858119355e+02
1032 1.610766664450758981e+03 8.686584601096914184e+02
1033 1.609816868037458562e+03 8.682960574710336914e+02
1034 1.608867869047079012e+03 8.679191231700042408e+02
1035 1.607919700827129645e+03 8.675349088240940318e+02
1036 1.606972371448112654e+03 8.671516916649030691e+02
1037 1.606025878363640231e+03 8.667694681682381770e+02
1038 1.605080221770278740e+03 8.663813241118946280e+02
1039 1.604135413953528769e+03 8.659915354998316843e+02
1040 1.603191455657372671e+03 8.656027182120875523e+02
1041 1.602248343837291031e+03 8.652176888289949375e+02
1042 1.601306065882910616e+03 8.648417272319189806e+02
1043 1.600364605190932934e+03 8.644667261504262115e+02
1044 1.599423960647950707e+03 8.640923721940825999e+02
1045 1.598484130196355409e+03 8.637189466914883269e+02
1046 1.597545111466465414e+03 8.633464464024275458e+02
1047 1.596606902098248611e+03 8.629748680988358274e+02
1048 1.595669499741279878e+03 8.626042085647590056e+02
1049 1.594732902054697433e+03 8.622344645963164567e+02
1050 1.593797106707155308e+03 8.618656330016583524e+02
1051 1.592862111376780831e+03 8.614977106009263252e+02
1052 1.591927913751130518e+03 8.611306942262148141e+02
1053 1.590994511527145733e+03 8.607645807215307059e+02
1054 1.590061902411109486e+03 8.603993669427543409e+02
1055 1.589130084118601189e+03 8.600350497575993813e+02
1056 1.588199054374222669e+03 8.596717378533770670e+02
1057 1.587268795021202777e+03 8.593380991126146000e+02
1058 1.586339257248747117e+03 8.590052307571575056e+02
1059 1.585410439112108406e+03 8.586731302542247022e+02
1060 1.584482338673944241e+03 8.583417950802305540e+02
1061 1.583554954004285719e+03 8.580112227207542901e+02
1062 1.582628283180502876e+03 8.576814106705107861e+02
1063 1.581702324287273314e+03 8.573523564333199829e+02
1064 1.580777075416548996e+03 8.570240575220757364e+02
1065 1.579852534667525333e+03 8.566965114587168273e+02
1066 1.578928700146607980e+03 8.563697157741961519e+02
1067 1.578005569967381689e+03 8.560436680084518457e+02
1068 1.577083142250578021e+03 8.557183657103769292e+02
1069 1.576161415124044424e+03 8.553938064377882711e+02
1070 1.575240386722713993e+03 8.550699877573988488e+02
1071 1.574320055188568631e+03 8.547469072447869394e+02
1072 1.573400418670616318e+03 8.544245624843669020e+02
1073 1.572481475324853136e+03 8.541029510693587099e+02
1074 1.571563223314236893e+03 8.537820706017606653e+02
1075 1.570645660808652565e+03 8.534619186923168854e+02
1076 1.569728785984885462e+03 8.531424929604908129e+02
1077 1.568812596070936252e+03 8.528269253178331155e+02
1078 1.567897081477990696e+03 8.525144574617245325e+02
1079 1.566982249940301244e+03 8.521769834810004340e+02
1080 1.566068144689157180e+03 8.518378288171807071e+02
1081 1.565154766589418614e+03 8.514993800282671828e+02
1082 1.564242113839628701e+03 8.511616349446129561e+02
1083 1.563330184644778001e+03 8.508245914043119456e+02
1084 1.562418977216277426e+03 8.504882472531717212e+02
1085 1.561508489771929817e+03 8.501526003446863342e+02
1086 1.560598720535903340e+03 8.498176485400135789e+02
1087 1.559689667738704202e+03 8.494833897079440703e+02
1088 1.558781329617148913e+03 8.491498217248810079e+02
1089 1.557873704414337453e+03 8.488169424748099345e+02
1090 1.556966790379627128e+03 8.484847498492747491e+02
1091 1.556060585055410229e+03 8.481581348341171633e+02
1092 1.555155068111966784e+03 8.478452328475376589e+02
1093 1.554250218873816038e+03 8.475330023807872522e+02
1094 1.553346035662907298e+03 8.472214412689811525e+02
1095 1.552442516807385573e+03 8.469105473551676369e+02
1096 1.551539660641562932e+03 8.466003184903029251e+02
1097 1.550637465505892806e+03 8.462907525332227578e+02
1098 1.549735929746946113e+03 8.459818473506153396e+02
1099 1.548835051717377382e+03 8.456736008169963270e+02
1100 1.547934829775905428e+03 8.453660108146783614e+02
1101 1.547035262287282421e+03 8.450590752337490130e+02
1102 1.546136347622269113e+03 8.447527919720407681e+02
1103 1.545238082463429691e+03 8.444553099522628372e+02
1104 1.544340440192247570e+03 8.441710805513880587e+02
1105 1.543443401901739890e+03 8.438872856347645666e+02
1106 1.542546966465899914e+03 8.436039244263552064e+02
1107 1.541651132761298641e+03 8.433209961515433406e+02
1108 1.540755899482753648e+03 8.430405852694877922e+02
1109 1.539861254811341269e+03 8.427710382317374069e+02
1110 1.538967181963790836e+03 8.425019122460107610e+02
1111 1.538073679864547330e+03 8.422332065617300714e+02
1112 1.537180747440500681e+03 8.419649204296759990e+02
1113 1.536288383620980994e+03 8.416970531019848067e+02
1114 1.535396586917394870e+03 8.414314252931123974e+02
1115 1.534505348518700430e+03 8.411822560989195381e+02
1116 1.533614619336139640e+03 8.409592125860965552e+02
1117 1.532724362326621076e+03 8.407368448422627125e+02
1118 1.531834572616556898e+03 8.405206642208281664e+02
1119 1.530945240328122736e+03 8.403047412607925253e+02
1120 1.530056364798733284e+03 8.400890756526237055e+02
1121 1.529167952714271223e+03 8.398564477120193033e+02
1122 1.528280036407025591e+03 8.396199725926253450e+02
1123 1.527392609722510542e+03 8.394263996670547385e+02
1124 1.526505552595291647e+03 8.392844532792420296e+02
1125 1.525618795390897276e+03 8.391426316326407004e+02
1126 1.524732337795106787e+03 8.390009346280670570e+02
1127 1.523846179494042872e+03 8.388593621663956128e+02
1128 1.522960320174172466e+03 8.387179141485595437e+02
1129 1.522074759522301747e+03 8.385765904755496649e+02
1130 1.521189497225581590e+03 8.384353910484148855e+02
1131 1.520304532971502567e+03 8.382943157682627771e+02
1132 1.519419866447898357e+03 8.381533645362587777e+02
1133 1.518535497342941426e+03 8.380125372536265331e+02
1134 1.517651425345145753e+03 8.378718338216475559e+02
1135 1.516767650143365017e+03 8.377312541416617933e+02
1136 1.515884171426793046e+03 8.375907981150674004e+02
1137 1.515000988884961998e+03 8.374504656433203991e+02
1138 1.514118102207743959e+03 8.373102566279346775e+02
1139 1.513235521566253738e+03 8.371386469453502741e+02
1140 1.512353318465556868e+03 8.369487231464293018e+02
1141 1.511471515562839613e+03 8.367589411067739320e+02
1142 1.510590112468698408e+03 8.365693007277097877e+02
1143 1.509709108794141230e+03 8.363798019106167203e+02
1144 1.508828504150588060e+03 8.361904445569281279e+02
1145 1.507948298149866787e+03 8.360012285681318644e+02
1146 1.507068490404215709e+03 8.358121538457692168e+02
1147 1.506189080526283533e+03 8.356232202914359277e+02
1148 1.505310068129126194e+03 8.354344278067815139e+02
1149 1.504431452826207533e+03 8.352457762935092660e+02
1150 1.503553234231401348e+03 8.350572656533768168e+02
1151 1.502675411958986615e+03 8.348688957881952319e+02
1152 1.501797985623649538e+03 8.346806665998295784e+02
1153 1.500920954840484001e+03 8.344925779901990381e+02
1154 1.500044322317859951e+03 8.342945493416333420e+02
1155 1.499168111718728142e+03 8.340895015870381712e+02
1156 1.498292331702075671e+03 8.338846258011233203e+02
1157 1.497416986541961251e+03 8.336600213457107884e+02
1158 1.496542131064037221e+03 8.334116612043735586e+02
1159 1.495667796704703051e+03 8.331635076510355020e+02
1160 1.494793982875420170e+03 8.329155605336653707e+02
1161 1.493920717545400066e+03 8.326046678415775659e+02
1162 1.493048113744303009e+03 8.322840015429043206e+02
1163 1.492176181851704314e+03 8.319636589742980277e+02
1164 1.491304924502831227e+03 8.316261193223823511e+02
1165 1.490434393852348194e+03 8.312614399666797453e+02
1166 1.489564626410078745e+03 8.308971181906717902e+02
1167 1.488695621093444515e+03 8.305331536736275666e+02
1168 1.487827376821521057e+03 8.301695460951132191e+02
1169 1.486959892515035108e+03 8.298062951349913874e+02
1170 1.486093167096362095e+03 8.294434004734216614e+02
1171 1.485227199489523628e+03 8.290808617908589895e+02
1172 1.484361988620184320e+03 8.287186787680537918e+02
1173 1.483497533415648377e+03 8.283568510860516199e+02
1174 1.482633832804858912e+03 8.279953784261925875e+02
1175 1.481770885718393401e+03 8.276342604701109167e+02
1176 1.480908691088460955e+03 8.272734968997349370e+02
1177 1.480047247848901179e+03 8.269130873972859490e+02
1178 1.479186554935179174e+03 8.265530316452785655e+02
1179 1.478326615227107595e+03 8.261776964036682784e+02
1180 1.477467469055223319e+03 8.257861278575412598e+02
1181 1.476609136965096468e+03 8.253949628350969761e+02
1182 1.475751617732507839e+03 8.250042009303244868e+02
1183 1.474894910135273449e+03 8.246138417376920415e+02
1184 1.474039012953240672e+03 8.242238848521468526e+02
1185 1.473183924968282554e+03 8.238343298691120253e+02
1186 1.472329644964296676e+03 8.234451763844886045e+02
1187 1.471476171727199926e+03 8.230564239946529597e+02
1188 1.470623504044925767e+03 8.226680722964557617e+02
1189 1.469771640707418101e+03 8.222801208872227789e+02
1190 1.468920580506630586e+03 8.218925693647519211e+02
1191 1.468070322236520269e+03 8.215054173273147171e+02
1192 1.467220860969669729e+03 8.211267766996519413e+02
1193 1.466372181457463739e+03 8.207495608547799293e+02
1194 1.465524281396157903e+03 8.203727437441662005e+02
1195 1.464677159604304961e+03 8.199963249487062740e+02
1196 1.463830814902456041e+03 8.196203040497990742e+02
1197 1.462985247114881076e+03 8.192371142609769095e+02
1198 1.462140483865242004e+03 8.188324274576224298e+02
1199 1.461296554873086052e+03 8.184281904225399558e+02
1200 1.460453458799748205e+03 8.180244026857762947e+02
1201 1.459611194308901759e+03 8.176210637778726777e+02
1202 1.458769760066558092e+03 8.172181732298661245e+02
1203 1.457929154741058937e+03 8.168157305732887608e+02
1204 1.457089378220542130e+03 8.164060609739834717e+02
1205 1.456250455289573210e+03 8.159796690945454429e+02
1206 1.455412408287973903e+03 8.155537836285625417e+02
1207 1.454575235718709564e+03 8.151284039931667849e+02
1208 1.453738936087570437e+03 8.147035296061796998e+02
1209 1.452903507903165064e+03 8.142791598861110742e+02
1210 1.452068949676913007e+03 8.138552942521579325e+02
1211 1.451235259923042577e+03 8.134319321242039678e+02
1212 1.450402437158580824e+03 8.130090729228178361e+02
1213 1.449570479903351043e+03 8.125867160692533844e+02
1214 1.448739382541393525e+03 8.121780167716289043e+02
1215 1.447909114049617529e+03 8.117780273300212457e+02
1216 1.447079663018863357e+03 8.113784995088745973e+02
1217 1.446251028103785757e+03 8.109794327786755730e+02
1218 1.445423207961512162e+03 8.105808266105713074e+02
1219 1.444596201251637922e+03 8.101826804763688870e+02
1220 1.443770006636222888e+03 8.097849938485339862e+02
1221 1.442944622779783685e+03 8.093877662001908675e+02
1222 1.442120048349290073e+03 8.089909970051191976e+02
1223 1.441296282014159488e+03 8.085946857377554124e+02
1224 1.440473322453739911e+03 8.081983390320855278e+02
1225 1.439651177726692595e+03 8.077864347232340378e+02
1226 1.438829870683631952e+03 8.073749897715655379e+02
1227 1.438009399964121258e+03 8.069640036379081494e+02
1228 1.437189764210245812e+03 8.065534757838075848e+02
1229 1.436370962066607490e+03 8.061434056715241923e+02
1230 1.435552992180319507e+03 8.057337927640329553e+02
1231 1.434735853201001873e+03 8.053246365250217877e+02
1232 1.433919543780775030e+03 8.049159364188905101e+02
1233 1.433104062574255067e+03 8.045076919107497133e+02
1234 1.432289408238547594e+03 8.040999024664189392e+02
1235 1.431475579433245684e+03 8.036925675524265671e+02
1236 1.430662574820421014e+03 8.032856866360082222e+02
1237 1.429850393470862855e+03 8.028744073541218995e+02
1238 1.429039057846123569e+03 8.024391540595570405e+02
1239 1.428228601530801598e+03 8.020043994113666486e+02
1240 1.427419023041598393e+03 8.015701428239431152e+02
1241 1.426610320898032569e+03 8.011363837124149541e+02
1242 1.425802493622436259e+03 8.007031214926472558e+02
1243 1.424995539739946025e+03 8.002703555812406648e+02
1244 1.424189457778501037e+03 7.998380853955287648e+02
1245 1.423384246268832612e+03 7.994063103535785331e+02
1246 1.422579903744462854e+03 7.989750298741884080e+02
1247 1.421776426682024521e+03 7.985530248947800374e+02
1248 1.420973790626254868e+03 7.981415486878681804e+02
1249 1.420171981385607978e+03 7.977305471565639436e+02
1250 1.419370997580938592e+03 7.973200197423113877e+02
1251 1.418570837771442939e+03 7.969108372216153384e+02
1252 1.417771495989948562e+03 7.965071842731604193e+02
1253 1.416972963639637555e+03 7.961039996007556283e+02
1254 1.416175239372182205e+03 7.957012826481926595e+02
1255 1.415378321841790694e+03 7.952990328599556733e+02
1256 1.414582209705207561e+03 7.948972496812232293e+02
1257 1.413786901621705283e+03 7.944959325578633980e+02
1258 1.412992396253079733e+03 7.940950809364375118e+02
1259 1.412198723398115135e+03 7.936236894196790672e+02
1260 1.411406001711417503e+03 7.931429695371207345e+02
1261 1.410614239902504323e+03 7.926628981307624144e+02
1262 1.409823436096196019e+03 7.921834743600379625e+02
1263 1.409033588421340710e+03 7.917046973853374539e+02
1264 1.408244695010802161e+03 7.912265663680037733e+02
1265 1.407456754001451145e+03 7.907490804703304548e+02
1266 1.406669763534159529e+03 7.902722388555632733e+02
1267 1.405883721753786858e+03 7.897960406878976301e+02
1268 1.405098626809174448e+03 7.893204851324782112e+02
1269 1.404314476853134920e+03 7.888455713553968280e+02
1270 1.403531270042443111e+03 7.883712985236932127e+02
1271 1.402749004537827432e+03 7.878976658053525171e+02
1272 1.401967674008160884e+03 7.874391441254409756e+02
1273 1.401187245483463812e+03 7.869898679770027456e+02
1274 1.400407707084824096e+03 7.865411959817446359e+02
1275 1.399629057108374582e+03 7.860931273381581832e+02
1276 1.398851293853879042e+03 7.856456612457017172e+02
1277 1.398074415624725361e+03 7.851987969047963816e+02
1278 1.397298420727917573e+03 7.847525335168268157e+02
1279 1.396523323707161808e+03 7.842597400771127241e+02
1280 1.395749208669109976e+03 7.837796203791581320e+02
1281 1.394976017577764424e+03 7.833316111625015310e+02
1282 1.394203709982797136e+03 7.828841918339404629e+02
1283 1.393432278650272110e+03 7.824594786434909111e+02
1284 1.392661668176575631e+03 7.820563164180628064e+02
1285 1.391891853578980317e+03 7.816495272612477265e+02
1286 1.391122839477762909e+03 7.812432311948930419e+02
1287 1.390354624486935109e+03 7.808374276327451753e+02
1288 1.389587207223171163e+03 7.804321159892159585e+02
1289 1.388820586305805591e+03 7.800272956793811545e+02
1290 1.388054760356826137e+03 7.796229661189811395e+02
1291 1.387289727064530098e+03 7.792237208802017676e+02
1292 1.386525472494866790e+03 7.788314196705157428e+02
1293 1.385761987130392527e+03 7.784395832392531247e+02
1294 1.384999269673188564e+03 7.780482110431261162e+02
1295 1.384237318827773834e+03 7.776573025394560545e+02
1296 1.383476133301101527e+03 7.772668571861710234e+02
1297 1.382715711802553869e+03 7.768768744418067627e+02
1298 1.381956053043936890e+03 7.764873537655042810e+02
1299 1.381197155739475420e+03 7.760982946170104242e+02
1300 1.380439019030839063e+03 7.757083844363238541e+02
1301 1.379681644314004188e+03 7.753182723955696929e+02
1302 1.378925031057369097e+03 7.749286268514559879e+02
1303 1.378169188050519551e+03 7.745156544384665267e+02
1304 1.377414153573822659e+03 7.740995816286455238e+02
1305 1.376659929959702367e+03 7.736840081777580735e+02
1306 1.375906515800125362e+03 7.732689334857972199e+02
1307 1.375153909689792954e+03 7.728543569534942890e+02
1308 1.374402110226133345e+03 7.724402779823144556e+02
1309 1.373651116009299813e+03 7.720266959744587894e+02
1310 1.372900925642161155e+03 7.716136103328607305e+02
1311 1.372151537730297832e+03 7.712010204611864310e+02
1312 1.371402950881995366e+03 7.707889257638335039e+02
1313 1.370655163708239570e+03 7.703773256459298864e+02
1314 1.369908180362458097e+03 7.699500138021712701e+02
1315 1.369162028404291050e+03 7.695216483430673406e+02
1316 1.368416706317700346e+03 7.690938268370805417e+02
1317 1.367672212588012144e+03 7.686665486041652002e+02
1318 1.366928545703624195e+03 7.682398129650928240e+02
1319 1.366185704155999474e+03 7.678136192414521020e+02
1320 1.365443686527243699e+03 7.673865791487561410e+02
1321 1.364702498950638756e+03 7.669508458346417683e+02
1322 1.363962152705693597e+03 7.665156574599001260e+02
1323 1.363222646263339357e+03 7.660810133400549375e+02
1324 1.362483978097618774e+03 7.656469127914749606e+02
1325 1.361746146685675967e+03 7.652133551313742146e+02
1326 1.361009136715265868e+03 7.648105538785346198e+02
1327 1.360272900747502490e+03 7.644099197598728779e+02
1328 1.359537435772658682e+03 7.640097793518960998e+02
1329 1.358802740437448620e+03 7.636101320738899858e+02
1330 1.358068813391193316e+03 7.632109773457290203e+02
1331 1.357335653285816079e+03 7.628123145878756759e+02
1332 1.356603258775837730e+03 7.624141432213799590e+02
1333 1.355871628518370017e+03 7.620164626678788409e+02
1334 1.355140761173111741e+03 7.616192723495960308e+02
1335 1.354410662476059997e+03 7.612030464454927596e+02
1336 1.353681366728954117e+03 7.607810376071385008e+02
1337 1.352952879248219006e+03 7.603595728397856419e+02
1338 1.352225198544512295e+03 7.599386514775696924e+02
1339 1.351498323131494772e+03 7.595182728553401148e+02
1340 1.350772251525826277e+03 7.590984363086595295e+02
1341 1.350046982247158667e+03 7.586791411738023498e+02
1342 1.349322513818129210e+03 7.582603867877543280e+02
1343 1.348598844764354226e+03 7.578421724882119861e+02
1344 1.347875973614422492e+03 7.574244976135821616e+02
1345 1.347153898232889787e+03 7.570122928237398128e+02
1346 1.346432600813962836e+03 7.566130533844830097e+02
1347 1.345712063870598513e+03 7.562143005501940252e+02
1348 1.344992286075523907e+03 7.558160337546078154e+02
1349 1.344273266104009053e+03 7.554182524320455059e+02
1350 1.343555002633860340e+03 7.550209560174117769e+02
1351 1.342837494345416644e+03 7.546241439461962273e+02
1352 1.342120739921541826e+03 7.542278156544715557e+02
1353 1.341404738047623823e+03 7.538319705788936744e+02
1354 1.340689487411564869e+03 7.534366081567012543e+02
1355 1.339974986703779450e+03 7.530417278257142470e+02
1356 1.339261234617187711e+03 7.526473290243344536e+02
1357 1.338548229847210905e+03 7.522534111915442736e+02
1358 1.337835971091767078e+03 7.518599737669060232e+02
1359 1.337124457051264017e+03 7.514670161905625037e+02
1360 1.336413686428596293e+03 7.510745379032343862e+02
1361 1.335703657929138899e+03 7.506825383462221453e+02
1362 1.334994368020371667e+03 7.502977657647918477e+02
1363 1.334285802607413871e+03 7.499163353951447561e+02
1364 1.333577957300232129e+03 7.495353970166476074e+02
1365 1.332870830804582283e+03 7.491549500251693416e+02
1366 1.332164421828774266e+03 7.487749938171816666e+02
1367 1.331458729083666640e+03 7.483955277897583755e+02
1368 1.330753753746581651e+03 7.480051640807930653e+02
1369 1.330049517047364361e+03 7.476190577120538592e+02
1370 1.329346001608962752e+03 7.472335978676622972e+02
1371 1.328643239107365616e+03 7.467958174908778801e+02
1372 1.327941299600606044e+03 7.463587536705333605e+02
1373 1.327240181260577401e+03 7.459224053087814355e+02
1374 1.326539882263598429e+03 7.454867713090517327e+02
1375 1.325840400790401418e+03 7.450518505760486505e+02
1376 1.325141731946095433e+03 7.446388616565908478e+02
1377 1.324443808194183248e+03 7.442738221414663258e+02
1378 1.323746568402785897e+03 7.439092797855140589e+02
1379 1.323050011305759654e+03 7.435452339509637341e+02
1380 1.322354135639520564e+03 7.431816840007037399e+02
1381 1.321658944870613595e+03 7.428060648952780411e+02
1382 1.320964459079377548e+03 7.424279026597145048e+02
1383 1.320270694371037962e+03 7.420134377398536571e+02
1384 1.319577710293015798e+03 7.415920945105115152e+02
1385 1.318885512788911001e+03 7.411714353173045993e+02
1386 1.318194100136149700e+03 7.407514591135761748e+02
1387 1.317503468021050139e+03 7.403384043489257920e+02
1388 1.316813605028706661e+03 7.399267946764467752e+02
1389 1.316124508699125499e+03 7.395158801236266299e+02
1390 1.315436177312369409e+03 7.391056596152326392e+02
1391 1.314748609152657082e+03 7.386961320772273893e+02
1392 1.314061802508353367e+03 7.382872964367675195e+02
1393 1.313375755671957904e+03 7.378791516222045175e+02
1394 1.312690466940096712e+03 7.374716965630836967e+02
1395 1.312005933831525681e+03 7.370711413607508575e+02
1396 1.311322134071819164e+03 7.366879386171152646e+02
1397 1.310639044939659243e+03 7.363053697929553891e+02
1398 1.309956670508466686e+03 7.359061606723512341e+02
1399 1.309275041389900025e+03 7.355002989305279470e+02
1400 1.308594170026686697e+03 7.350773059284850888e+02
1401 1.307914085778710160e+03 7.346496843501895455e+02
1402 1.307234792169733964e+03 7.342249038158724943e+02
1403 1.306556276577492099e+03 7.338144276297961142e+02
1404 1.305878519157116216e+03 7.334047840873690802e+02
1405 1.305201517948108631e+03 7.329959715454148181e+02
1406 1.304525270995578012e+03 7.325879883633408554e+02
1407 1.303849776350219599e+03 7.321808329031391622e+02
1408 1.303175032068301789e+03 7.317745035293809224e+02
1409 1.302501036211647033e+03 7.313689986092161917e+02
1410 1.301827774508863968e+03 7.310023026583090768e+02
1411 1.301155175070224686e+03 7.306521561944182395e+02
1412 1.300483219605952399e+03 7.303026445067164332e+02
1413 1.299811906641057249e+03 7.299537663218719672e+02
1414 1.299141234704562066e+03 7.296055203690448252e+02
1415 1.298471202329491007e+03 7.292579053798845052e+02
1416 1.297801808310483693e+03 7.289091775633198722e+02
1417 1.297133056352712401e+03 7.285574104645255602e+02
1418 1.296464949501581714e+03 7.282062682680938224e+02
1419 1.295797486300670926e+03 7.278557497342958413e+02
1420 1.295130665297486303e+03 7.275058536258433151e+02
1421 1.294464486330069121e+03 7.271489442759652775e+02
1422 1.293798968848661616e+03 7.267795487294904433e+02
1423 1.293134130696683997e+03 7.263946576463606561e+02
1424 1.292470008214304016e+03 7.259928304266958321e+02
1425 1.291806620090136903e+03 7.255916576140566576e+02
1426 1.291143964723005183e+03 7.251911380851058766e+02
1427 1.290482038197536895e+03 7.248006406367950376e+02
1428 1.289820818578823491e+03 7.244186932335378515e+02
1429 1.289160295469317361e+03 7.240373670548290193e+02
1430 1.288500467370048909e+03 7.236566610500138950e+02
1431 1.287841332785749955e+03 7.232765741702185096e+02
1432 1.287182890224842822e+03 7.228971053683452510e+02
1433 1.286525138199431012e+03 7.225182535990712722e+02
1434 1.285868075225289658e+03 7.221400178188440577e+02
1435 1.285211699821854154e+03 7.217623969858791497e+02
1436 1.284556006359724734e+03 7.214002373182029260e+02
1437 1.283900963760398554e+03 7.210479436718742363e+02
1438 1.283246564336031042e+03 7.206749782804961342e+02
1439 1.282592862634621724e+03 7.202691104738117929e+02
1440 1.281939896829818736e+03 7.198639034622167401e+02
1441 1.281287665310132525e+03 7.194593560328751209e+02
1442 1.280636166468291322e+03 7.190554669753446433e+02
1443 1.279985398701225677e+03 7.186522350815699838e+02
1444 1.279335360410059593e+03 7.182496591458785815e+02
1445 1.278686050000094383e+03 7.178477379649760906e+02
1446 1.278037465880799346e+03 7.174464703379414914e+02
1447 1.277389606465797442e+03 7.170458550662225434e+02
1448 1.276742470172853928e+03 7.166458909536305555e+02
1449 1.276096055423863845e+03 7.162465768063375435e+02
1450 1.275450360644839066e+03 7.158479114328686137e+02
1451 1.274805384265896237e+03 7.154498936440993475e+02
1452 1.274161124721246324e+03 7.150525222532513681e+02
1453 1.273517580449179832e+03 7.146557960758866557e+02
1454 1.272874749892056570e+03 7.142597139299032278e+02
1455 1.272232631496292470e+03 7.138642746355303643e+02
1456 1.271591223712348437e+03 7.134694770153248555e+02
1457 1.270950524994718080e+03 7.130753198941655455e+02
1458 1.270310533801914971e+03 7.126818020992487845e+02
1459 1.269671248596461737e+03 7.122889224600847911e+02
1460 1.269032667844878233e+03 7.118966798084911716e+02
1461 1.268394790017669038e+03 7.115050729785901922e+02
1462 1.267757613589311404e+03 7.111141008068034353e+02
1463 1.267121137038244342e+03 7.107237621318477068e+02
1464 1.266485350397085767e+03 7.103623360451171038e+02
1465 1.265850199562388980e+03 7.100155445016548583e+02
1466 1.265215668557709023e+03 7.096692952093798112e+02
1467 1.264581756112089124e+03 7.093235870924529536e+02
1468 1.263948460957911948e+03 7.089784190775073967e+02
1469 1.263315781830883680e+03 7.086337900936439382e+02
1470 1.262683718524841879e+03 7.082836414471719308e+02
1471 1.262052285389050212e+03 7.079245792476940551e+02
1472 1.261421492132918502e+03 7.075660674639972285e+02
1473 1.260791337452010566e+03 7.072081050495738737e+02
1474 1.260161820045241484e+03 7.068506909602226642e+02
1475 1.259532938614868499e+03 7.064938241540396575e+02
1476 1.258904691866479425e+03 7.061375035914152249e+02
1477 1.258277078508983777e+03 7.057817282350288224e+02
1478 1.257650097254602542e+03 7.054264970498428511e+02
1479 1.257023746818857489e+03 7.050718090030986787e+02
1480 1.256398025920562304e+03 7.047176630643109547e+02
1481 1.255772933281811447e+03 7.043640582052631771e+02
1482 1.255148467627970376e+03 7.040109934000017802e+02
1483 1.254524627687667135e+03 7.036584676248321557e+02
1484 1.253901421295071714e+03 7.032681356084593745e+02
1485 1.253278928517255508e+03 7.028452234645491217e+02
1486 1.252657184005466661e+03 7.024229818949651190e+02
1487 1.252036187815997209e+03 7.019966818857384396e+02
1488 1.251415945867908476e+03 7.015699469353487530e+02
1489 1.250796457578432182e+03 7.011438941506128231e+02
1490 1.250177748905913859e+03 7.006248052956408401e+02
1491 1.249559990029044002e+03 7.000602044718298202e+02
1492 1.248943226000299092e+03 6.994969586746780124e+02
1493 1.248327454460517174e+03 6.989266165432633215e+02
1494 1.247712707460445699e+03 6.983177253042958910e+02
1495 1.247099029418024884e+03 6.977099576419841469e+02
1496 1.246486420534753506e+03 6.971010652671894832e+02
1497 1.245874881471871731e+03 6.964884711186002733e+02
1498 1.245264418413456269e+03 6.958744700579176197e+02
1499 1.244655030793159995e+03 6.952619579412775010e+02
1500 1.244046715058782183e+03 6.946509302508849260e+02
1501 1.243439467672894580e+03 6.940413824826545124e+02
1502 1.242833285112776139e+03 6.934333101461768365e+02
1503 1.242228163870342541e+03 6.928267087646866003e+02
1504 1.241624100660419117e+03 6.922186358057598454e+02
1505 1.241021104573746925e+03 6.915969083265256359e+02
1506 1.240419190779831297e+03 6.909766631727603681e+02
1507 1.239818359601814564e+03 6.903390155497527303e+02
1508 1.239218649949375731e+03 6.896817481907222600e+02
1509 1.238620081297877277e+03 6.890260619221280649e+02
1510 1.238022649820341258e+03 6.883719522409180627e+02
1511 1.237426351705409843e+03 6.877194146569614759e+02
1512 1.236831190140671424e+03 6.870516058912280641e+02
1513 1.236237178143608617e+03 6.864109534621452440e+02
1514 1.235644257225478896e+03 6.857958643086831216e+02
1515 1.235052398021633280e+03 6.851823360410552368e+02
1516 1.234461596890409282e+03 6.845703637290856705e+02
1517 1.233871850205856617e+03 6.839599424580115965e+02
1518 1.233283151251774143e+03 6.833625739012346685e+02
1519 1.232695475904471778e+03 6.827676497809916327e+02
1520 1.232108830147194794e+03 6.821570226792416634e+02
1521 1.231523238899924308e+03 6.815379180864260888e+02
1522 1.230938709660713812e+03 6.809203972069788051e+02
1523 1.230355238753061712e+03 6.803044551024950124e+02
1524 1.229772822516295719e+03 6.796900868498481714e+02
1525 1.229191458211493682e+03 6.790707883490964605e+02
1526 1.228611160025082654e+03 6.784396272545403690e+02
1527 1.228031939622555228e+03 6.778100568702535611e+02
1528 1.227453793289900204e+03 6.771820723764762988e+02
1529 1.226876717328871337e+03 6.765556689680093996e+02
1530 1.226300708056912754e+03 6.759308418541801302e+02
1531 1.225725761807085291e+03 6.753075862588046903e+02
1532 1.225151874927993049e+03 6.746858974201556975e+02
1533 1.224579043783709722e+03 6.740657705909223978e+02
1534 1.224007264753706977e+03 6.734472010381809923e+02
1535 1.223436534232780332e+03 6.728301840433545067e+02
1536 1.222866848630978666e+03 6.722147149021782297e+02
1537 1.222298204373532144e+03 6.716007889246673130e+02
1538 1.221730597900778776e+03 6.709884014350784582e+02
1539 1.221164025668098247e+03 6.703775477718762659e+02
1540 1.220598484145835755e+03 6.697682232876964008e+02
1541 1.220033969819235153e+03 6.691604233493144420e+02
1542 1.219470479188368472e+03 6.685541433376050691e+02
1543 1.218908008768064974e+03 6.679493786475121624e+02
1544 1.218346555087843171e+03 6.673461246880103772e+02
1545 1.217786114691841703e+03 6.667443768820725154e+02
1546 1.217226684138750898e+03 6.661441306666338278e+02
1547 1.216668260001743647e+03 6.655453814925557481e+02
1548 1.216110838868407654e+03 6.649481248245940606e+02
1549 1.215554417340679493e+03 6.643523561413605876e+02
1550 1.214998992034775029e+03 6.637580709352918120e+02
1551 1.214444559581124622e+03 6.631652647126118154e+02
1552 1.213891116624304459e+03 6.625739329932989676e+02
1553 1.213338659822972659e+03 6.619840713110507977e+02
1554 1.212787173879025886e+03 6.614271619075943818e+02
1555 1.212236612645043579e+03 6.608746917014971132e+02
1556 1.211686970366329206e+03 6.603236322117464852e+02
1557 1.211138243932084833e+03 6.597739789795990646e+02
1558 1.210590430356828392e+03 6.592231398835205027e+02
1559 1.210043540913672814e+03 6.586515296567062023e+02
1560 1.209497599026640728e+03 6.580814872867504164e+02
1561 1.208952601278937436e+03 6.575130073844178469e+02
1562 1.208408544269420190e+03 6.569460845789155883e+02
1563 1.207865424612522247e+03 6.563807135178412864e+02
1564 1.207323238938170789e+03 6.558168888671342529e+02
1565 1.206781983891708478e+03 6.552546053110247612e+02
1566 1.206241656133815695e+03 6.546938575519852748e+02
1567 1.205702251096393184e+03 6.541413150088111479e+02
1568 1.205163750904305971e+03 6.535983266400062348e+02
1569 1.204626147105579321e+03 6.530468891164701972e+02
1570 1.204089451705030115e+03 6.524941080551590176e+02
1571 1.203553664110991576e+03 6.519427591559048096e+02
1572 1.203018781206424137e+03 6.513928378184687062e+02
1573 1.202484799887781719e+03 6.508443394575598404e+02
1574 1.201951717064946934e+03 6.502972595028008982e+02
1575 1.201419530261421187e+03 6.497446624549822900e+02
1576 1.200888260024043120e+03 6.491669637317326078e+02
1577 1.200357934582247026e+03 6.485890651447655273e+02
1578 1.199828552550183758e+03 6.480126064902968892e+02
1579 1.199300110740755372e+03 6.474375834303024249e+02
1580 1.198772605980189610e+03 6.468639916403981260e+02
1581 1.198246034422966886e+03 6.462937104465928542e+02
1582 1.197720390367248910e+03 6.457250863112984689e+02
1583 1.197195670473144673e+03 6.451578946393370870e+02
1584 1.196671871602761939e+03 6.445921311222411987e+02
1585 1.196148990631322249e+03 6.440277914649511786e+02
1586 1.195627024447102031e+03 6.434648713857816347e+02
1587 1.195105969951367570e+03 6.429033666163782073e+02
1588 1.194585824058318167e+03 6.423432729016903977e+02
1589 1.194066583695021791e+03 6.417845859999287086e+02
1590 1.193548254989077577e+03 6.411926797415908368e+02
1591 1.193030864179515447e+03 6.406570818002215901e+02
1592 1.192514337154516852e+03 6.401224845336864746e+02
1593 1.191998671580682640e+03 6.395888859173306855e+02
1594 1.191483865131906668e+03 6.390562839311420475e+02
1595 1.190969915489354662e+03 6.385246765597399872e+02
1596 1.190456820341434195e+03 6.379940617923608670e+02
1597 1.189944577383771275e+03 6.374644376228478677e+02
1598 1.189433184319184875e+03 6.369358020496372319e+02
1599 1.188922638857659649e+03 6.364081530757462133e+02
1600 1.188412938716323424e+03 6.358814887087614807e+02
1601 1.187904081619418321e+03 6.353558069608247934e+02
1602 1.187396065298279154e+03 6.348311058486237926e+02
1603 1.186888887491305468e+03 6.343073833933772221e+02
1604 1.186382543559324176e+03 6.337976707420532421e+02
1605 1.185877003902028036e+03 6.333042697153033487e+02
1606 1.185372250862845021e+03 6.328117144707611033e+02
1607 1.184868282482515269e+03 6.323200034527176285e+02
1608 1.184365096807398686e+03 6.318291351089028467e+02
1609 1.183862691889455846e+03 6.313391078904775213e+02
1610 1.183361065786228437e+03 6.308499202520231393e+02
1611 1.182860216560823801e+03 6.303615706515309967e+02
1612 1.182360142281893104e+03 6.298740575503941272e+02
1613 1.181860841023615876e+03 6.293873794133969568e+02
1614 1.181362310865679547e+03 6.289015347087052987e+02
1615 1.180864549893263302e+03 6.284165219078579412e+02
1616 1.180367556197018985e+03 6.279323394857556195e+02
1617 1.179871327250129752e+03 6.274556089404953809e+02
1618 1.179375840955145122e+03 6.270008854909738147e+02
1619 1.178881072394226521e+03 6.265469313284221471e+02
1620 1.178387019834332250e+03 6.260937449230093534e+02
1621 1.177893681547464894e+03 6.256413247488147817e+02
1622 1.177401055810654952e+03 6.251896692838154195e+02
1623 1.176909140430892649e+03 6.247423722469781069e+02
1624 1.176417924787743686e+03 6.243029126071071460e+02
1625 1.175927399822732468e+03 6.238641333401071734e+02
1626 1.175437563981775156e+03 6.234260333711450812e+02
1627 1.174948415714729663e+03 6.229886116272710979e+02
1628 1.174459953475380644e+03 6.225518670374146950e+02
1629 1.173972174807317515e+03 6.221262183374650476e+02
1630 1.173485045467529972e+03 6.217373293422857614e+02
1631 1.172998524801879057e+03 6.213490444825312125e+02
1632 1.172512611485208936e+03 6.209613627221414163e+02
1633 1.172027304195753004e+03 6.205742830270372679e+02
1634 1.171542601615125022e+03 6.201878043651154258e+02
1635 1.171058502428307065e+03 6.198019257062436509e+02
1636 1.170575005323641790e+03 6.194166460222576234e+02
1637 1.170092108992823114e+03 6.190319642869560539e+02
1638 1.169609812130883029e+03 6.186478794760971596e+02
1639 1.169128113436186368e+03 6.182643905673944573e+02
1640 1.168647011610417167e+03 6.178814965405121029e+02
1641 1.168166505358572294e+03 6.174991963770607981e+02
1642 1.167686593388948950e+03 6.171174890605950623e+02
1643 1.167207274413137611e+03 6.167363735766077752e+02
1644 1.166728547146009987e+03 6.163558489125252891e+02
1645 1.166250410305711512e+03 6.159759140577059497e+02
1646 1.165772862613651114e+03 6.155965680034339584e+02
1647 1.165295902794491440e+03 6.152178097429159607e+02
1648 1.164819529576139530e+03 6.148396382712770674e+02
1649 1.164343741689737726e+03 6.144620525855568758e+02
1650 1.163868537869654119e+03 6.140850516847046947e+02
1651 1.163393916853473002e+03 6.137086345695767022e+02
1652 1.162919877381985998e+03 6.133328002429316257e+02
1653 1.162446418199181835e+03 6.129575477094253984e+02
1654 1.161973538052238609e+03 6.125828759756094541e+02
1655 1.161501235691513102e+03 6.122087840499244749e+02
1656 1.161029509870532365e+03 6.118352709426984575e+02
1657 1.160558359345983490e+03 6.114623356661408025e+02
1658 1.160087782877706331e+03 6.110899772343401537e+02
1659 1.159617779198413245e+03 6.107191438833099255e+02
1660 1.159148341276773181e+03 6.103593682016448838e+02
1661 1.158679456160583868e+03 6.100006385757121734e+02
1662 1.158211114268814072e+03 6.096618589296879236e+02
1663 1.157743292321270928e+03 6.093235876389757095e+02
1664 1.157275988964799126e+03 6.089868869052572791e+02
1665 1.156809201474628026e+03 6.086517438876780943e+02
1666 1.156342924384673779e+03 6.083246647079885179e+02
1667 1.155877150851644046e+03 6.079899121305575136e+02
1668 1.155411888378596814e+03 6.076630325507526322e+02
1669 1.154947123289030515e+03 6.073407687890031639e+02
1670 1.154482850905680152e+03 6.070189991732836461e+02
1671 1.154019070212370252e+03 6.066977228870960062e+02
1672 1.153555780195374155e+03 6.063769391152892467e+02
1673 1.153092979909524274e+03 6.060541301318736487e+02
1674 1.152630685997414957e+03 6.056977970506061411e+02
1675 1.152168935395614653e+03 6.053420582199527189e+02
1676 1.151707726879403481e+03 6.049869126482167303e+02
1677 1.151247059227166574e+03 6.046323593451346596e+02
1678 1.150786931220384986e+03 6.042783973218761275e+02
1679 1.150327341643631144e+03 6.039250255910412761e+02
1680 1.149868289284554066e+03 6.035722431666599732e+02
1681 1.149409772933878685e+03 6.032200490641886290e+02
1682 1.148951790947137169e+03 6.028715694344227813e+02
1683 1.148494335040520582e+03 6.025290017489853653e+02
1684 1.148037398730737323e+03 6.021869786195276220e+02
1685 1.147580980897260361e+03 6.018454991968493459e+02
1686 1.147125080422255905e+03 6.015045626328547996e+02
1687 1.146669696190573859e+03 6.011641680805515762e+02
1688 1.146214827089743949e+03 6.008243146940498036e+02
1689 1.145760472009967089e+03 6.004850016285620313e+02
1690 1.145306629844109011e+03 6.001462280404001604e+02
1691 1.144853299485088655e+03 5.998084704366752931e+02
1692 1.144400466644950257e+03 5.995037946988480826e+02
1693 1.143948093603966527e+03 5.991995955132623521e+02
1694 1.143496179409946990e+03 5.988958721298353112e+02
1695 1.143044723112925340e+03 5.985926237994772237e+02
1696 1.142593723765155346e+03 5.982898497740916355e+02
1697 1.142143180421103807e+03 5.979875493065735554e+02
1698 1.141693092137446683e+03 5.976857216508097963e+02
1699 1.141243458260716352e+03 5.973827942589516624e+02
1700 1.140794280856312298e+03 5.970786736604264888e+02
1701 1.140345551410009875e+03 5.967996158417754486e+02
1702 1.139897241005365004e+03 5.965212602437970872e+02
1703 1.139449348578439867e+03 5.962433569254865233e+02
1704 1.139001873255632518e+03 5.959659051389397746e+02
1705 1.138554814165413063e+03 5.956889041372909332e+02
1706 1.138108170438315256e+03 5.954123531747090965e+02
1707 1.137661941206934216e+03 5.951362515064002991e+02
1708 1.137216125605919160e+03 5.948605983886033073e+02
1709 1.136770722771969986e+03 5.945853930785924604e+02
1710 1.136325731843830681e+03 5.943106348346746017e+02
1711 1.135881151962285003e+03 5.940363229161877143e+02
1712 1.135436982270150338e+03 5.937624565835023986e+02
1713 1.134993225439982780e+03 5.934767790387509194e+02
1714 1.134549897813301413e+03 5.931879168850460928e+02
1715 1.134107001513292516e+03 5.928995402447909555e+02
1716 1.133664535605597848e+03 5.926116482884542620e+02
1717 1.133222499158153141e+03 5.923242401876974554e+02
1718 1.132780891241181962e+03 5.920373151153736444e+02
1719 1.132339710927189572e+03 5.917508722455257839e+02
1720 1.131898957290958606e+03 5.914649107533867891e+02
1721 1.131458629409540663e+03 5.911794298153776026e+02
1722 1.131018726362252437e+03 5.908944286091069671e+02
1723 1.130579247230668443e+03 5.906099063133696063e+02
1724 1.130140191098616697e+03 5.903258621081459978e+02
1725 1.129701557052171211e+03 5.900422951746011222e+02
1726 1.129263340692123393e+03 5.897837399600576873e+02
1727 1.128825487868257142e+03 5.895651758602944028e+02
1728 1.128387959398443854e+03 5.893469832751675312e+02
1729 1.127950754611472121e+03 5.891291615694916572e+02
1730 1.127513872837684630e+03 5.889117101089823336e+02
1731 1.127077313408974078e+03 5.886946282602544898e+02
1732 1.126641075658778391e+03 5.884779153908225453e+02
1733 1.126205158922079590e+03 5.882615708690990459e+02
1734 1.125769562535396290e+03 5.880455940643943222e+02
1735 1.125334285836782783e+03 5.878299843469156940e+02
1736 1.124899328165825864e+03 5.876147410877680386e+02
1737 1.124464688863637548e+03 5.873998636589510625e+02
1738 1.124030367272855528e+03 5.871853514333599833e+02
1739 1.123596362737636355e+03 5.869712037847840520e+02
1740 1.123162674603652931e+03 5.867574200879072350e+02
1741 1.122729302218092016e+03 5.865439997183060541e+02
1742 1.122296244929648765e+03 5.863309420524497000e+02
1743 1.121863502088522864e+03 5.861182464676994641e+02
1744 1.121431073046417623e+03 5.859059123423071469e+02
1745 1.120998957156532470e+03 5.856939390554160809e+02
1746 1.120567153773562723e+03 5.854823259870586298e+02
1747 1.120135662253694363e+03 5.852710725181567568e+02
1748 1.119704481954599487e+03 5.850601780305205466e+02
1749 1.119273612235435621e+03 5.848496419068484329e+02
1750 1.118843052456838905e+03 5.846394635307254930e+02
1751 1.118412801980922268e+03 5.844296422866239027e+02
1752 1.117982860171272478e+03 5.842201775599012308e+02
1753 1.117553226392944680e+03 5.840110687368004392e+02
1754 1.117123900012459217e+03 5.838023152044486324e+02
1755 1.116694880397800716e+03 5.835939163508573984e+02
1756 1.116266166918410363e+03 5.833858715649204214e+02
1757 1.115837758945185442e+03 5.831781802364147325e+02
1758 1.115409655850475247e+03 5.829708417559987765e+02
1759 1.114981857008076076e+03 5.827638555152118442e+02
1760 1.114554361793229646e+03 5.825572209064744129e+02
1761 1.114127169582618990e+03 5.823509373230856454e+02
1762 1.113700279754364374e+03 5.821450041592248681e+02
1763 1.113273691733323858e+03 5.819392715850159448e+02
1764 1.112847405094633132e+03 5.817338566770006310e+02
1765 1.112421420196609688e+03 5.815203947614776325e+02
1766 1.111995756748136273e+03 5.812885481849633607e+02
1767 1.111570432533264693e+03 5.810571070630775239e+02
1768 1.111145446823860539e+03 5.808260706986793593e+02
1769 1.110720798893517212e+03 5.805954383956066067e+02
1770 1.110296488017551383e+03 5.803652094586734620e+02
1771 1.109872513472998207e+03 5.801353831936710321e+02
1772 1.109448874538607015e+03 5.799059589073655161e+02
1773 1.109025570494838803e+03 5.796769359074987733e+02
1774 1.108602600623858507e+03 5.794483135027866183e+02
1775 1.108179965638689282e+03 5.792139193436935329e+02
1776 1.107757673602406612e+03 5.789820783100682320e+02
1777 1.107335715594823114e+03 5.787579959015237137e+02
1778 1.106914082666999775e+03 5.785399705222947659e+02
1779 1.106492765487625320e+03 5.783252087831764356e+02
1780 1.106071760950457929e+03 5.781107926837894411e+02
1781 1.105651068436561218e+03 5.778967216785930532e+02
1782 1.105230687346410605e+03 5.776824842201383490e+02
1783 1.104810619683166578e+03 5.774638397493607727e+02
1784 1.104390869847598879e+03 5.772455289449499105e+02
1785 1.103971437062812811e+03 5.770310904288588745e+02
1786 1.103552306312340761e+03 5.768399046951719811e+02
1787 1.103133453178197669e+03 5.766489914756590451e+02
1788 1.102714877172907563e+03 5.764583503517288818e+02
1789 1.102296577809995142e+03 5.762679809054158113e+02
1790 1.101878554603981684e+03 5.760778827193786356e+02
1791 1.101460807070385954e+03 5.758880553769008657e+02
1792 1.101043334266284546e+03 5.757009116319402438e+02
1793 1.100626131465727440e+03 5.755162177893371336e+02
1794 1.100209196237181914e+03 5.753317912598778321e+02
1795 1.099792528107750513e+03 5.751476316249146521e+02
1796 1.099376126605512354e+03 5.749637384664376896e+02
1797 1.098959997629238160e+03 5.747557272659481669e+02
1798 1.098544175473184168e+03 5.745386008783945044e+02
1799 1.098128667354416621e+03 5.743217637626339638e+02
1800 1.097713472736172662e+03 5.741052154965467480e+02
1801 1.097298591082774465e+03 5.738889556586199205e+02
1802 1.096884021859624909e+03 5.736729838279466094e+02
1803 1.096469764533204625e+03 5.734572995842244154e+02
1804 1.096055818571070859e+03 5.732419025077552988e+02
1805 1.095642181318447001e+03 5.730345106613984854e+02
1806 1.095228841710656752e+03 5.728297846084844878e+02
1807 1.094815797332104012e+03 5.726253058869965571e+02
1808 1.094403047720845734e+03 5.724210741773039217e+02
1809 1.093990592415782658e+03 5.722170891601982703e+02
1810 1.093578426675282572e+03 5.720254721547299823e+02
1811 1.093166536699116477e+03 5.718343226085812603e+02
1812 1.092754921896209680e+03 5.716433959164853604e+02
1813 1.092343581853969226e+03 5.714526917934732637e+02
1814 1.091932516160533396e+03 5.712622099549600989e+02
1815 1.091521724404768293e+03 5.710719501167460521e+02
1816 1.091111206176271253e+03 5.708819119950151162e+02
1817 1.090700961065363572e+03 5.706920953063341813e+02
1818 1.090290988663093458e+03 5.705024997676533758e+02
1819 1.089881288561231031e+03 5.703131250963044749e+02
1820 1.089471860352270824e+03 5.701239710100009006e+02
1821 1.089062703629427233e+03 5.699350372268381761e+02
1822 1.088653817986633385e+03 5.697463234652907431e+02
1823 1.088245203018541588e+03 5.695578294442138940e+02
1824 1.087836858320519696e+03 5.693695548828425217e+02
1825 1.087428783488650879e+03 5.691814995007891866e+02
1826 1.087020978119732263e+03 5.689936630180466182e+02
1827 1.086613441811272651e+03 5.688060451549832806e+02
1828 1.086206174161492072e+03 5.686186456323464427e+02
1829 1.085799174769319279e+03 5.684314641712588809e+02
1830 1.085392443234391521e+03 5.682445004932200163e+02
1831 1.084985979350823072e+03 5.680556224337066169e+02
1832 1.084579788380407763e+03 5.678607050376921279e+02
1833 1.084173875681756499e+03 5.676697630745288734e+02
1834 1.083768231490657854e+03 5.674885579708439991e+02
1835 1.083362846181925761e+03 5.673075410777859133e+02
1836 1.082957727981721973e+03 5.670925997725324805e+02
1837 1.082552925370127696e+03 5.668635701825755859e+02
1838 1.082148449600611457e+03 5.666348128799073720e+02
1839 1.081744300152829965e+03 5.664063275507384105e+02
1840 1.081340476507357153e+03 5.661781138815827035e+02
1841 1.080936978145683270e+03 5.659501715592543860e+02
1842 1.080533804550211698e+03 5.657225002708671582e+02
1843 1.080130955204260545e+03 5.654950997038365585e+02
1844 1.079728429592056955e+03 5.652679695458779179e+02
1845 1.079326227198736888e+03 5.650411094850061318e+02
1846 1.078924347510345115e+03 5.648145192095364564e+02
1847 1.078522790013830900e+03 5.645881984080831444e+02
1848 1.078121555987025658e+03 5.643543309694283607e+02
1849 1.077720654909247742e+03 5.641228470162928943e+02
1850 1.077320081595145211e+03 5.638931742752215541e+02
1851 1.076919834321095777e+03 5.636637820100947920e+02
1852 1.076519912556436338e+03 5.634346698903365223e+02
1853 1.076120315771459673e+03 5.632058375856979637e+02
1854 1.075721043437410572e+03 5.629772847662561617e+02
1855 1.075322095026485158e+03 5.627490111024163753e+02
1856 1.074923470011828613e+03 5.625210162649090080e+02
1857 1.074525167867533355e+03 5.622932999247905173e+02
1858 1.074127188068636997e+03 5.620658617534440964e+02
1859 1.073729530091121433e+03 5.618387014225770599e+02
1860 1.073332193411910112e+03 5.616118186042230036e+02
1861 1.072935177508865763e+03 5.613852129707399854e+02
1862 1.072538488310484354e+03 5.611392046552942929e+02
1863 1.072142147691061837e+03 5.608919466172560533e+02
1864 1.071746156214567918e+03 5.606449784181072573e+02
1865 1.071350513318149751e+03 5.603982997294349389e+02
1866 1.070955218439956070e+03 5.601519102231479792e+02
1867 1.070560271019139464e+03 5.599058095714774481e+02
1868 1.070165670495850463e+03 5.596599974469755807e+02
1869 1.069771416311239136e+03 5.594144735225161185e+02
1870 1.069377507907450308e+03 5.591692374712929450e+02
1871 1.068983944727624703e+03 5.589242889668212229e+02
1872 1.068590726215893255e+03 5.586796276829367116e+02
1873 1.068197851817378478e+03 5.584352532937939486e+02
1874 1.067805320978191503e+03 5.581911654738682955e+02
1875 1.067413133145430265e+03 5.579473638979545740e+02
1876 1.067021287767176773e+03 5.577038482411661562e+02
1877 1.066629784292495970e+03 5.574606181789358743e+02
1878 1.066238622171434599e+03 5.572176733870143153e+02
1879 1.065847800855018704e+03 5.569750135414720944e+02
1880 1.065457319795250669e+03 5.567326383186961039e+02
1881 1.065067178445108766e+03 5.564905473953916726e+02
1882 1.064677376258546019e+03 5.562487404485818843e+02
1883 1.064287912690485427e+03 5.560072171556072362e+02
1884 1.063898787196821331e+03 5.557659771941238205e+02
1885 1.063509999234416000e+03 5.555250202421062795e+02
1886 1.063121548261097814e+03 5.552843459778440547e+02
1887 1.062733433715183537e+03 5.550445439864299715e+02
1888 1.062345649763686652e+03 5.548234542445078432e+02
1889 1.061958168479937058e+03 5.546140884756196101e+02
1890 1.061570979525718030e+03 5.544049500724208883e+02
1891 1.061184082295513690e+03 5.541978481849532727e+02
1892 1.060797471954100729e+03 5.539955840272897376e+02
1893 1.060411143708577811e+03 5.537935455616477611e+02
1894 1.060025097141392280e+03 5.535917325334362431e+02
1895 1.059639331835690882e+03 5.533901446883370454e+02
1896 1.059253847375317719e+03 5.531887817723054468e+02
1897 1.058868643344813563e+03 5.529876435315701428e+02
1898 1.058483719329413589e+03 5.527867297126311996e+02
1899 1.058099076228907279e+03 5.525785520378930187e+02
1900 1.057714726581453533e+03 5.523632519038645796e+02
1901 1.057330676324731257e+03 5.521482017772228801e+02
1902 1.056946924994648953e+03 5.519334013368003298e+02
1903 1.056563472127967998e+03 5.517188502618749908e+02
1904 1.056180317262298786e+03 5.515045482321673944e+02
1905 1.055797459936101859e+03 5.512904949278411095e+02
1906 1.055414899688682681e+03 5.510766900295025152e+02
1907 1.055032636060192999e+03 5.508631332181989819e+02
1908 1.054650668591626982e+03 5.506498241754183027e+02
1909 1.054268996824820306e+03 5.504367625830886936e+02
1910 1.053887620302448340e+03 5.502239481235777703e+02
1911 1.053506538568024553e+03 5.500113804796920931e+02
1912 1.053125751165898464e+03 5.497990593346755759e+02
1913 1.052745257641253829e+03 5.495869843722101677e+02
1914 1.052365057540107045e+03 5.493751552764136932e+02
1915 1.051985150409306016e+03 5.491635717318403067e+02
1916 1.051605535796526510e+03 5.489522334234796972e+02
1917 1.051226213250273531e+03 5.487411400367558372e+02
1918 1.050847182319875628e+03 5.485302912575264145e+02
1919 1.050468442555487854e+03 5.483196867720823775e+02
1920 1.050089993508085399e+03 5.481093262671477078e+02
1921 1.049711834729465863e+03 5.478992094298781694e+02
1922 1.049333965772244255e+03 5.476893359478600587e+02
1923 1.048956388300110802e+03 5.474723160017928194e+02
1924 1.048579110902809362e+03 5.472540230045749468e+02
1925 1.048202134247403592e+03 5.470359937292198538e+02
1926 1.047825457850879047e+03 5.468182278248896182e+02
1927 1.047449081231136688e+03 5.466007249412298279e+02
1928 1.047073003906994018e+03 5.463834847283683303e+02
1929 1.046697224293651061e+03 5.461699779319120580e+02
1930 1.046321737091172054e+03 5.459609527216259721e+02
1931 1.045946536249809924e+03 5.457537604422830100e+02
1932 1.045571620072405494e+03 5.455468201837200013e+02
1933 1.045196988104886714e+03 5.453401316023032450e+02
1934 1.044822639894046233e+03 5.451336943548897125e+02
1935 1.044448574987539587e+03 5.449275080988242053e+02
1936 1.044074792933886101e+03 5.447215724919407194e+02
1937 1.043701293282462530e+03 5.445158871925594894e+02
1938 1.043328075583504415e+03 5.443104518594878982e+02
1939 1.042955139388104726e+03 5.441052661520193396e+02
1940 1.042582484827334383e+03 5.438952934073231518e+02
1941 1.042210122326081773e+03 5.436756116357261135e+02
1942 1.041838060503679117e+03 5.434561886377859992e+02
1943 1.041466298884720118e+03 5.432370240798045415e+02
1944 1.041094836994683419e+03 5.430181176285574338e+02
1945 1.040723674395144826e+03 5.427982352989579340e+02
1946 1.040352817263043562e+03 5.425655799792699554e+02
1947 1.039982275351563203e+03 5.423402502153185196e+02
1948 1.039612041086743147e+03 5.421152033783894240e+02
1949 1.039242113954785736e+03 5.418904390733855507e+02
1950 1.038872493442913083e+03 5.416659569058144825e+02
1951 1.038503179039363658e+03 5.414417564817857738e+02
1952 1.038134170233391387e+03 5.412178374080115191e+02
1953 1.037765466515262688e+03 5.409941992918039659e+02
1954 1.037397067376254654e+03 5.407708417410751736e+02
1955 1.037028972308651191e+03 5.405477643643367855e+02
1956 1.036661180805743015e+03 5.403249667706973014e+02
1957 1.036293692361823560e+03 5.401024485698625313e+02
1958 1.035926506472187384e+03 5.398802093721340043e+02
1959 1.035559622633127901e+03 5.396582487884082866e+02
1960 1.035193040341936012e+03 5.394365664301758443e+02
1961 1.034826759096895557e+03 5.392151619095199067e+02
1962 1.034460778397282184e+03 5.389940348391156704e+02
1963 1.034095097743363340e+03 5.387731848322291626e+02
1964 1.033729716636392368e+03 5.385526115027164451e+02
1965 1.033364634578607820e+03 5.383323144650231598e+02
1966 1.032999851073232094e+03 5.381122933341819135e+02
1967 1.032635365624468250e+03 5.378925477258131878e+02
1968 1.032271177737497737e+03 5.376730772561236336e+02
1969 1.031907286918478576e+03 5.374538815419040247e+02
1970 1.031543692674542854e+03 5.372349602005309634e+02
1971 1.031180394513794681e+03 5.370163128499626737e+02
1972 1.030817391945307918e+03 5.367979391087404792e+02
1973 1.030454684479124126e+03 5.365798385959867574e+02
1974 1.030092271626250295e+03 5.363620109314044839e+02
1975 1.029730152898656343e+03 5.361444557352755282e+02
1976 1.029368327809273524e+03 5.359271726284606530e+02
1977 1.029006795871991926e+03 5.357101612323979225e+02
1978 1.028645556601657972e+03 5.354934211691016799e+02
1979 1.028284609514073281e+03 5.352769520611620919e+02
1980 1.027923954125991031e+03 5.350607535317437851e+02
1981 1.027563589955115731e+03 5.348448252045860727e+02
1982 1.027203516520098447e+03 5.346291667039987487e+02
1983 1.026843733340537938e+03 5.344137776548658394e+02
1984 1.026484239936975428e+03 5.341986576826407145e+02
1985 1.026125035830894376e+03 5.339838064133473381e+02
1986 1.025766120544717523e+03 5.337692234735779948e+02
1987 1.025407493601805754e+03 5.335549084904940855e+02
1988 1.025049154526454004e+03 5.333408610918226032e+02
1989 1.024691102843891485e+03 5.331270809058582927e+02
1990 1.024333338080278509e+03 5.329135675614601269e+02
1991 1.023975859762703976e+03 5.327003206880516473e+02
1992 1.023618667419183794e+03 5.324873399156199412e+02
1993 1.023261760578658595e+03 5.322746248747140498e+02
1994 1.022905138770992039e+03 5.320621751964451960e+02
1995 1.022548801526968305e+03 5.318499905124849647e+02
1996 1.022192748378290617e+03 5.316380704550643941e+02
1997 1.021836978857578060e+03 5.314264146569735203e+02
1998 1.021481492498364219e+03 5.312150227515600136e+02
1999 1.021126288835096034e+03 5.310038943727291780e+02
2000 1.020771367403129375e+03 5.307930291549411095e+02
2001 1.020416727738729946e+03 5.305824267332125146e+02
2002 1.020062369379068514e+03 5.303720867431123906e+02
2003 1.019708291862221017e+03 5.301620088207646404e+02
2004 1.019354494727165047e+03 5.299521926028452299e+02
2005 1.019000977513778139e+03 5.297426377265807105e+02
2006 1.018647739762837091e+03 5.295333438297493558e+02
2007 1.018294781016013872e+03 5.293243105506784332e+02
2008 1.017942100815875051e+03 5.291155375282438627e+02
2009 1.017589698677988054e+03 5.289083583658672296e+02
2010 1.017237565337948126e+03 5.287225292813154738e+02
2011 1.016885669636799889e+03 5.285649445000350397e+02
2012 1.016533983614849603e+03 5.284075667752686059e+02
2013 1.016182506934246135e+03 5.282503957775617209e+02
2014 1.015831246768256278e+03 5.280636857838337619e+02
2015 1.015480240323794192e+03 5.278677740435695114e+02
2016 1.015129494225578014e+03 5.276720925706274556e+02
2017 1.014779008071204885e+03 5.274766410477815270e+02
2018 1.014428781459033644e+03 5.272814191582995136e+02
2019 1.014078813988182560e+03 5.270864265859407851e+02
2020 1.013729105258527852e+03 5.268916630149568618e+02
2021 1.013379654870702211e+03 5.266971281300903911e+02
2022 1.013030462426092868e+03 5.265028216165732147e+02
2023 1.012681527526839886e+03 5.263087431601263688e+02
2024 1.012332849775834688e+03 5.261148924469599706e+02
2025 1.011984428776717891e+03 5.259212691637702619e+02
2026 1.011636260753026363e+03 5.257460778378988380e+02
2027 1.011288317245680219e+03 5.255853087830653294e+02
2028 1.010940586473392386e+03 5.254246772408204151e+02
2029 1.010593068189233918e+03 5.252641830874088100e+02
2030 1.010245762146605330e+03 5.251038261992221123e+02
2031 1.009898667992379387e+03 5.249447251117359201e+02
2032 1.009551782937194275e+03 5.247885112269927959e+02
2033 1.009205104275977078e+03 5.246324301655267845e+02
2034 1.008858631771901742e+03 5.244764817998905073e+02
2035 1.008512365188466674e+03 5.243206660028133683e+02
2036 1.008166302412198547e+03 5.241731714047014066e+02
2037 1.007820432266954072e+03 5.240294016984558993e+02
2038 1.007474751798468560e+03 5.238857534838424499e+02
2039 1.007129260794509378e+03 5.237422266269466036e+02
2040 1.006783959043152095e+03 5.235988209940861680e+02
2041 1.006438846332779008e+03 5.234555364518097349e+02
2042 1.006093922452080960e+03 5.233123728668967942e+02
2043 1.005749187190054272e+03 5.231693301063564832e+02
2044 1.005404640336001307e+03 5.230264080374286095e+02
2045 1.005060281679529794e+03 5.228836065275809233e+02
2046 1.004716111010551799e+03 5.227409254445105944e+02
2047 1.004372128119284184e+03 5.225983646561419391e+02
2048 1.004028332796246332e+03 5.224559240306272159e+02
2049 1.003684724832260940e+03 5.223136034363459430e+02
2050 1.003341304018453229e+03 5.221714027419030799e+02
2051 1.002998070146249006e+03 5.220293218161301638e+02
2052 1.002655023007376599e+03 5.218873605280841730e+02
2053 1.002312162393864014e+03 5.217455187470461624e+02
2054 1.001969493656878740e+03 5.215765852826065156e+02
2055 1.001627055559294490e+03 5.213912786873517007e+02
2056 1.001284860702475385e+03 5.212061596770107599e+02
2057 1.000942908753899246e+03 5.210212280678719026e+02
2058 1.000601199381546849e+03 5.208364836764171741e+02
2059 1.000259732253901348e+03 5.206519263193207507e+02
2060 9.999185070399470305e+02 5.204675558134495077e+02
2061 9.995775234091688617e+02 5.202833719758623374e+02
2062 9.992367810315512315e+02 5.200993746238099220e+02
2063 9.988962795775779568e+02 5.199155635747339375e+02
2064 9.985560187182302343e+02 5.197319386462676221e+02
2065 9.982159981249868679e+02 5.195484996562344122e+02
2066 9.978762174698223362e+02 5.193652464226486245e+02
2067 9.975366764252072471e+02 5.191821787637150010e+02
2068 9.971973746641067464e+02 5.189992964978268901e+02
2069 9.968583118599785848e+02 5.188165994435679522e+02
2070 9.965194876867750509e+02 5.186340874197105677e+02
2071 9.961809018189391054e+02 5.184517602452161782e+02
2072 9.958425539314063144e+02 5.182696177392348318e+02
2073 9.955044436996012109e+02 5.180876597211042736e+02
2074 9.951665707994390004e+02 5.179058860103501729e+02
2075 9.948289349073228323e+02 5.177242964266863510e+02
2076 9.944915357001445955e+02 5.175428907900126205e+02
2077 9.941543728552820767e+02 5.173616689204170598e+02
2078 9.938174460506003243e+02 5.171806306381730565e+02
2079 9.934807549644492610e+02 5.169997757637412406e+02
2080 9.931442992756637977e+02 5.168191041177677789e+02
2081 9.928080786036497329e+02 5.166393443586713374e+02
2082 9.924720908622306297e+02 5.164619223059999058e+02
2083 9.921363338088190176e+02 5.162846820148391771e+02
2084 9.918008071279837168e+02 5.161076232991423467e+02
2085 9.914655105047791039e+02 5.159307459730756591e+02
2086 9.911304436247431795e+02 5.157540498510194311e+02
2087 9.907956070331235878e+02 5.155685482506869448e+02
2088 9.904610202604330880e+02 5.153617282970950555e+02
2089 9.901267038322486087e+02 5.151478749347505754e+02
2090 9.897926655088886037e+02 5.149329987870996774e+02
2091 9.894589057453199530e+02 5.147183578615570241e+02
2092 9.891254241205928111e+02 5.145039519268522099e+02
2093 9.887922202144385437e+02 5.142897807518954778e+02
2094 9.884592936072672273e+02 5.140758441057784012e+02
2095 9.881266438801685581e+02 5.138621417577722923e+02
2096 9.877942706149083278e+02 5.136486734773294529e+02
2097 9.874621733939291062e+02 5.134354390340819236e+02
2098 9.871303518003480804e+02 5.132224381978420524e+02
2099 9.867988054179567143e+02 5.130096707386028356e+02
2100 9.864675338312188160e+02 5.127971364265364400e+02
2101 9.861365366252698550e+02 5.125848350319948850e+02
2102 9.858058133859159398e+02 5.123727663255098150e+02
2103 9.854753636996319983e+02 5.121609300777927274e+02
2104 9.851451871535615510e+02 5.119493260597341191e+02
2105 9.848152833355151188e+02 5.117379540424037714e+02
2106 9.844856518339686318e+02 5.115268137970504654e+02
2107 9.841562922380637701e+02 5.113159050951026074e+02
2108 9.838272041376048946e+02 5.111052277081662396e+02
2109 9.834983871230596151e+02 5.108947814080274838e+02
2110 9.831698407855565165e+02 5.106845659666496999e+02
2111 9.828415647168845908e+02 5.104745811561760434e+02
2112 9.825135585094923272e+02 5.102648267489269642e+02
2113 9.821858217564860070e+02 5.100553025174014579e+02
2114 9.818583540516290213e+02 5.098460082342770079e+02
2115 9.815311549893405072e+02 5.096369436724083357e+02
2116 9.812042241646942102e+02 5.094281086048284237e+02
2117 9.808775611734180302e+02 5.092195028047478331e+02
2118 9.805511656118917472e+02 5.090111260455547040e+02
2119 9.802250370771475900e+02 5.088029781008149257e+02
2120 9.798991751668665984e+02 5.085950587442707729e+02
2121 9.795735794793807827e+02 5.083873677498430652e+02
2122 9.792482496136692589e+02 5.081799048916286097e+02
2123 9.789231851693582485e+02 5.079726699439015078e+02
2124 9.785983857467207372e+02 5.077656626811128149e+02
2125 9.782738509466729511e+02 5.075588828778900279e+02
2126 9.779495819787131268e+02 5.073438689067315295e+02
2127 9.776255905761257736e+02 5.071233369118380097e+02
2128 9.773018807254472904e+02 5.069030628354775558e+02
2129 9.769784507213149709e+02 5.066877427165053405e+02
2130 9.766552948440868249e+02 5.064732423786400659e+02
2131 9.763324164255495816e+02 5.062469169934709612e+02
2132 9.760098264545736129e+02 5.060208633586943279e+02
2133 9.756875244561377940e+02 5.057950811795860773e+02
2134 9.753655099560611461e+02 5.055695701616928091e+02
2135 9.750437824809988570e+02 5.053443300108298786e+02
2136 9.747223415584430768e+02 5.051193604330817948e+02
2137 9.744011867167195078e+02 5.048946611348017655e+02
2138 9.740803174849870629e+02 5.046702318226110151e+02
2139 9.737597333566585576e+02 5.044474774888096817e+02
2140 9.734394267070371143e+02 5.042407272506735012e+02
2141 9.731193825126947559e+02 5.040342172938024987e+02
2142 9.727996003612189497e+02 5.038279473656677965e+02
2143 9.724800798408931541e+02 5.036219172139737452e+02
2144 9.721608205406930665e+02 5.034161265866596295e+02
2145 9.718418220502884424e+02 5.032105752318984173e+02
2146 9.715230839600383206e+02 5.030052628980960776e+02
2147 9.712046058609934107e+02 5.028001893338920354e+02
2148 9.708863873448917730e+02 5.025953542881593421e+02
2149 9.705684280041590455e+02 5.023907575100025724e+02
2150 9.702507274319077624e+02 5.021863987487585632e+02
2151 9.699332852219343977e+02 5.019822777539967547e+02
2152 9.696161010709263337e+02 5.017775799778896157e+02
2153 9.692991760459194666e+02 5.015718822191668664e+02
2154 9.689825107600695446e+02 5.013664172665985461e+02
2155 9.686661048130994232e+02 5.011611848848793329e+02
2156 9.683499578053895220e+02 5.009561848389092802e+02
2157 9.680340693379775985e+02 5.007514168937937029e+02
2158 9.677184390125563596e+02 5.005468808148428366e+02
2159 9.674030664314740307e+02 5.003425763675709277e+02
2160 9.670879511977311722e+02 5.001385033176968022e+02
2161 9.667730929149815893e+02 4.999346614311433541e+02
2162 9.664584911875291482e+02 4.997310504740373744e+02
2163 9.661441456203287999e+02 4.995276702127090402e+02
2164 9.658300558189829417e+02 4.993245204136912889e+02
2165 9.655162213897431229e+02 4.991216008437207847e+02
2166 9.652026419395059520e+02 4.989189112697365545e+02
2167 9.648893170758150291e+02 4.987164514588798738e+02
2168 9.645762464068563986e+02 4.985142211784947790e+02
2169 9.642634295414616190e+02 4.983122201961272140e+02
2170 9.639508660891017371e+02 4.981104482795240074e+02
2171 9.636385556598905850e+02 4.979089051966345210e+02
2172 9.633264978645805741e+02 4.977075907156086600e+02
2173 9.630146923145638311e+02 4.975065046047976125e+02
2174 9.627031386218689022e+02 4.973056466327531666e+02
2175 9.623918363991620026e+02 4.971050165682274837e+02
2176 9.620807852597433794e+02 4.969046141801728709e+02
2177 9.617699848175487887e+02 4.967044392377420081e+02
2178 9.614594346871457446e+02 4.965044915102868117e+02
2179 9.611491344837352244e+02 4.963047707673592299e+02
2180 9.608390838231479165e+02 4.961052767787097650e+02
2181 9.605292824959614109e+02 4.959043516119243691e+02
2182 9.602197333775828838e+02 4.957003920714922742e+02
2183 9.599104387831542908e+02 4.954966811331297549e+02
2184 9.596013982979455932e+02 4.952932185078139469e+02
2185 9.592926115079693545e+02 4.950900039068455953e+02
2186 9.589840779999794904e+02 4.948870370418487710e+02
2187 9.586757973614689945e+02 4.946843176247696761e+02
2188 9.583677691806702796e+02 4.944818453678769288e+02
2189 9.580599930465514262e+02 4.942796199837605968e+02
2190 9.577524685488164096e+02 4.940776411853315722e+02
2191 9.574451952779029398e+02 4.938759086858217415e+02
2192 9.571381728249814387e+02 4.936744221987825654e+02
2193 9.568314007819535618e+02 4.934731814380851347e+02
2194 9.565248787414498111e+02 4.932721861179196594e+02
2195 9.562186062968299893e+02 4.930714359527950137e+02
2196 9.559125830421793353e+02 4.928709306575376559e+02
2197 9.556068085723092054e+02 4.926706699472920263e+02
2198 9.553012824827551412e+02 4.924706535375190697e+02
2199 9.549960043697740275e+02 4.922708811439966325e+02
2200 9.546909738303452286e+02 4.920713524828186110e+02
2201 9.543861898935369936e+02 4.918757422465316722e+02
2202 9.540816464674359167e+02 4.916840519381272543e+02
2203 9.537773403143436326e+02 4.914925969740714891e+02
2204 9.534732710506518742e+02 4.913013770779427318e+02
2205 9.531694382934347232e+02 4.911103919736398780e+02
2206 9.528658420017076196e+02 4.909165455452780975e+02
2207 9.525624876195546449e+02 4.907173514072899820e+02
2208 9.522593793159536517e+02 4.905183981788985648e+02
2209 9.519565166936188234e+02 4.903196855884714296e+02
2210 9.516538993559597657e+02 4.901212133646480424e+02
2211 9.513515269070832119e+02 4.899229812363417977e+02
2212 9.510493989517899536e+02 4.897249889327379719e+02
2213 9.507475152116996924e+02 4.895243319762495844e+02
2214 9.504458855356342610e+02 4.893044563475365862e+02
2215 9.501445266927744342e+02 4.890848969420546268e+02
2216 9.498434381722481703e+02 4.888656532387514062e+02
2217 9.495426194643479221e+02 4.886467247177359923e+02
2218 9.492420700605279080e+02 4.884281108602755239e+02
2219 9.489417894534011566e+02 4.882098111487904930e+02
2220 9.486417771367349587e+02 4.879918250668512201e+02
2221 9.483420327107063486e+02 4.877719035761628561e+02
2222 9.480425627503946089e+02 4.875397969841476424e+02
2223 9.477433776607749678e+02 4.873080206260018485e+02
2224 9.474444723865818787e+02 4.870980412576769822e+02
2225 9.471458194999485158e+02 4.868982008894981277e+02
2226 9.468474115570759295e+02 4.866986413391848600e+02
2227 9.465492481135290745e+02 4.864993620854515370e+02
2228 9.462513287259340586e+02 4.863003626084318967e+02
2229 9.459536529519743908e+02 4.861016423896719516e+02
2230 9.456562203503881392e+02 4.859032009121269766e+02
2231 9.453590304809639520e+02 4.857050376601545736e+02
2232 9.450620829045385562e+02 4.855071521195110336e+02
2233 9.447653771829933476e+02 4.853095437773455387e+02
2234 9.444689128792495012e+02 4.851122121221940233e+02
2235 9.441726895572670628e+02 4.849151566439762178e+02
2236 9.438767078341762726e+02 4.847143064080187287e+02
2237 9.435809830610158997e+02 4.844680371743764340e+02
2238 9.432855636147216956e+02 4.842132269939046978e+02
2239 9.429904547775635137e+02 4.839587673331233759e+02
2240 9.426956559592326812e+02 4.837046576862640563e+02
2241 9.424011665707095062e+02 4.834508975484021676e+02
2242 9.421069860242589584e+02 4.831974864154562965e+02
2243 9.418131137334295317e+02 4.829444237841864265e+02
2244 9.415195491130484697e+02 4.826917091521903558e+02
2245 9.412262915792191507e+02 4.824393420179020495e+02
2246 9.409333405493179043e+02 4.821873218805905026e+02
2247 9.406406954419903741e+02 4.819356482403564428e+02
2248 9.403483556771487883e+02 4.816843205981315919e+02
2249 9.400563206759687773e+02 4.814333384556746296e+02
2250 9.397645898608858488e+02 4.811827013155719328e+02
2251 9.394731626555926596e+02 4.809324086812325731e+02
2252 9.391820384850352639e+02 4.806824600568883739e+02
2253 9.388912167754104985e+02 4.804328549475905561e+02
2254 9.386006969541626859e+02 4.801835928592092273e+02
2255 9.383104784499810194e+02 4.799346732984303117e+02
2256 9.380205606927952431e+02 4.796860957727528216e+02
2257 9.377309431137734919e+02 4.794378597904890285e+02
2258 9.374416177831072901e+02 4.792208529714616816e+02
2259 9.371525486052912584e+02 4.790163440616569233e+02
2260 9.368637260425863360e+02 4.788121030976637940e+02
2261 9.365751496668589198e+02 4.786081296773700728e+02
2262 9.362868190508721682e+02 4.784044233994332558e+02
2263 9.359987337682856605e+02 4.782009838632785659e+02
2264 9.357108933936499398e+02 4.779978106690957702e+02
2265 9.354232975024081043e+02 4.777949034178383840e+02
2266 9.351359456708898961e+02 4.775922617112208286e+02
2267 9.348488374763124966e+02 4.773898851517169533e+02
2268 9.345619724967755246e+02 4.771877733425576480e+02
2269 9.342753503112608087e+02 4.769859258877293087e+02
2270 9.339889704996298860e+02 4.767843423919715633e+02
2271 9.337028326426203648e+02 4.765830224607748278e+02
2272 9.334169361271805201e+02 4.763838867840894977e+02
2273 9.331312769170513093e+02 4.761887710871159243e+02
2274 9.328458516088243186e+02 4.759938982029242993e+02
2275 9.325606598158111638e+02 4.757992677850530754e+02
2276 9.322757011520947117e+02 4.756048794876864463e+02
2277 9.319909752325285126e+02 4.754107329656518459e+02
2278 9.317064816727342986e+02 4.752168278744179588e+02
2279 9.314222200890999375e+02 4.750231638700945496e+02
2280 9.311381900987778408e+02 4.748297406094289954e+02
2281 9.308543913196833728e+02 4.746365577498062294e+02
2282 9.305708233704918939e+02 4.744436149492456138e+02
2283 9.302874858706392160e+02 4.742509118664004859e+02
2284 9.300043782424122583e+02 4.740611742111768194e+02
2285 9.297214939054445040e+02 4.738801515726015623e+02
2286 9.294388255229755487e+02 4.736993517671452878e+02
2287 9.291563727468746947e+02 4.735187744805075454e+02
2288 9.288741352296904097e+02 4.733384193989508617e+02
2289 9.285921126246475978e+02 4.731582862092980690e+02
2290 9.283103045856472590e+02 4.729783745989320778e+02
2291 9.280287107672633056e+02 4.727986842557931482e+02
2292 9.277473308247430168e+02 4.726192148683795153e+02
2293 9.274661644140035150e+02 4.724399661257443768e+02
2294 9.271852111916314243e+02 4.722609377174957785e+02
2295 9.269044708148802556e+02 4.720821293337941142e+02
2296 9.266239429416702933e+02 4.719035406653513860e+02
2297 9.263436272305851844e+02 4.717251714034304655e+02
2298 9.260635233408719387e+02 4.715470212398426497e+02
2299 9.257836309324388822e+02 4.713690898669470926e+02
2300 9.255039496658528151e+02 4.711913769776492131e+02
2301 9.252244792023403761e+02 4.710138822653997863e+02
2302 9.249452192037826990e+02 4.708366054241930101e+02
2303 9.246661693327172316e+02 4.706595461485658234e+02
2304 9.243873292523345526e+02 4.704827041335968261e+02
2305 9.241086982836364996e+02 4.703094467755047390e+02
2306 9.238302698906816204e+02 4.701428242894702407e+02
2307 9.235520387076849147e+02 4.699763953053223986e+02
2308 9.232740044358843079e+02 4.698101595762150851e+02
2309 9.229961667770526219e+02 4.696441168556927437e+02
2310 9.227185254334974616e+02 4.694782668976880018e+02
2311 9.224410801080582587e+02 4.693126094565204198e+02
2312 9.221638305041061585e+02 4.691471442868977419e+02
2313 9.218867763255428827e+02 4.689818711439129402e+02
2314 9.216099172767992513e+02 4.688167897830441575e+02
2315 9.213332530628342738e+02 4.686518999601539690e+02
2316 9.210567833891336704e+02 4.684872014314872786e+02
2317 9.207805079617090769e+02 4.683226939536721147e+02
2318 9.205044264870974757e+02 4.681583772837178117e+02
2319 9.202285386723585816e+02 4.679942511790137019e+02
2320 9.199528442250749549e+02 4.678303153973291728e+02
2321 9.196773428533501828e+02 4.676665696968121324e+02
2322 9.194020342658087657e+02 4.675030138359880425e+02
2323 9.191269181715932746e+02 4.673396475737596916e+02
2324 9.188519942803649201e+02 4.671764706694058304e+02
2325 9.185772623023020742e+02 4.670134828825799218e+02
2326 9.183027219480981103e+02 4.668506839733100264e+02
2327 9.180283729232005498e+02 4.666883711894915905e+02
2328 9.177542132755116882e+02 4.665304618875371148e+02
2329 9.174802390881967540e+02 4.663727363703180799e+02
2330 9.172064500827713118e+02 4.662151944029696438e+02
2331 9.169328459812439860e+02 4.660578357509946841e+02
2332 9.166594265061180522e+02 4.659006601802622072e+02
2333 9.163861913803883681e+02 4.657436674570068362e+02
2334 9.161131403275413732e+02 4.655868573478266512e+02
2335 9.158402728798243970e+02 4.654340922457258216e+02
2336 9.155675779396665348e+02 4.653004368721288415e+02
2337 9.152950395619840265e+02 4.651669248132470216e+02
2338 9.150226575340244608e+02 4.650335558859213734e+02
2339 9.147504316433931990e+02 4.649003299073177118e+02
2340 9.144783616780549664e+02 4.647672466949248360e+02
2341 9.142064474263299871e+02 4.646343060665536768e+02
2342 9.139346886768962577e+02 4.645015078403366715e+02
2343 9.136630852187875007e+02 4.643688518347276499e+02
2344 9.133916368413908913e+02 4.642363378684988220e+02
2345 9.131203433344500127e+02 4.641039657607428808e+02
2346 9.128492044880601952e+02 4.639717353308694214e+02
2347 9.125782233176231557e+02 4.638266857433601444e+02
2348 9.123074127370135784e+02 4.636795465922472772e+02
2349 9.120367739110806724e+02 4.635325769616331399e+02
2350 9.117663065875701704e+02 4.633857766073177800e+02
2351 9.114960105146996057e+02 4.632391452855677016e+02
2352 9.112258854411587663e+02 4.630926827531133654e+02
2353 9.109559311161092410e+02 4.629463887671485622e+02
2354 9.106861472891799849e+02 4.628002630853295045e+02
2355 9.104165337104698210e+02 4.626543054657729499e+02
2356 9.101470901305443704e+02 4.625085156670561446e+02
2357 9.098778163004357111e+02 4.623628934482156296e+02
2358 9.096087119716406733e+02 4.622174385687447398e+02
2359 9.093397768961201564e+02 4.620721507885943993e+02
2360 9.090710108262979929e+02 4.619270298681706208e+02
2361 9.088024135150600387e+02 4.617820755683342782e+02
2362 9.085339847157523536e+02 4.616372876503994576e+02
2363 9.082657241821809748e+02 4.614926658761331169e+02
2364 9.079976316686102109e+02 4.613482100077528685e+02
2365 9.077297069297625285e+02 4.612039198079271500e+02
2366 9.074619497208159373e+02 4.610597950397732916e+02
2367 9.071943597974041040e+02 4.609158354668566631e+02
2368 9.069269369156148741e+02 4.607720408531896510e+02
2369 9.066596808319893626e+02 4.606284109632307491e+02
2370 9.063925913035208168e+02 4.604849455618835350e+02
2371 9.061256680876532528e+02 4.603416444144951924e+02
2372 9.058589109422812271e+02 4.601985072868556585e+02
2373 9.055923196257479049e+02 4.600555339451966574e+02
2374 9.053258941352304419e+02 4.599103808283413741e+02
2375 9.050596383970199668e+02 4.597610675385956824e+02
2376 9.047935554792240964e+02 4.596119246422695710e+02
2377 9.045276451286213160e+02 4.594629519202377992e+02
2378 9.042619070924355356e+02 4.593141491537218144e+02
2379 9.039963411183355220e+02 4.591655161242912300e+02
2380 9.037309469544326248e+02 4.590170526138603009e+02
2381 9.034657243492811176e+02 4.588687584046888901e+02
2382 9.032006730518763788e+02 4.587206332793805359e+02
2383 9.029357928116545509e+02 4.585726770208834182e+02
2384 9.026710833784911756e+02 4.584248894124872891e+02
2385 9.024065445027005126e+02 4.582772702378248368e+02
2386 9.021421759350346292e+02 4.581298192808694694e+02
2387 9.018779774266824916e+02 4.579825363259353139e+02
2388 9.016139487292685999e+02 4.578354211576764214e+02
2389 9.013500893218063084e+02 4.576900516943861135e+02
2390 9.010863969274773808e+02 4.575458977572956201e+02
2391 9.008228705779673646e+02 4.574019072346570169e+02
2392 9.005595100328453100e+02 4.572580799221436791e+02
2393 9.002963150520936324e+02 4.571144156157394036e+02
2394 9.000332853961057253e+02 4.569709141117381250e+02
2395 8.997704208256874381e+02 4.568275752067438020e+02
2396 8.995077211020535515e+02 4.566843986976688257e+02
2397 8.992451859868285737e+02 4.565413843817333372e+02
2398 8.989828152420458309e+02 4.563985320564652852e+02
2399 8.987206086301464438e+02 4.562558415196991746e+02
2400 8.984585659139776226e+02 4.561133125695754416e+02
2401 8.981966868567935762e+02 4.559709450045394874e+02
2402 8.979349712222531252e+02 4.558287386233421330e+02
2403 8.976734187744195879e+02 4.556866932250373452e+02
2404 8.974120292777594159e+02 4.555448086089829758e+02
2405 8.971508024971420809e+02 4.554030845748387151e+02
2406 8.968897381978391650e+02 4.552615209225668309e+02
2407 8.966288361455231097e+02 4.551201174524304633e+02
2408 8.963680961062657389e+02 4.549788739649935110e+02
2409 8.961075178465395084e+02 4.548377902611197783e+02
2410 8.958471011332142098e+02 4.546968661419714408e+02
2411 8.955868457335587891e+02 4.545561014090104095e+02
2412 8.953267514152380500e+02 4.544154958639962274e+02
2413 8.950668179463131082e+02 4.542750493089850465e+02
2414 8.948070450952400279e+02 4.541347615463300258e+02
2415 8.945474326308706168e+02 4.539946323786804214e+02
2416 8.942879803224490161e+02 4.538546616089803933e+02
2417 8.940286879396127233e+02 4.537148490404691188e+02
2418 8.937695552523917968e+02 4.535751944766786892e+02
2419 8.935105820312061269e+02 4.534356977214360427e+02
2420 8.932517680468679373e+02 4.532963585788597811e+02
2421 8.929931130705780333e+02 4.531571768533606246e+02
2422 8.927346168739259156e+02 4.530181523496408431e+02
2423 8.924762746514555829e+02 4.529061222202806221e+02
2424 8.922180519416089055e+02 4.528122575347657062e+02
2425 8.919599362246310648e+02 4.527184670111622040e+02
2426 8.917019279694559373e+02 4.526228277895141332e+02
2427 8.914440286829407114e+02 4.525273178853024660e+02
2428 8.911862381947931908e+02 4.524319370611879663e+02
2429 8.909285563350845223e+02 4.523366850803986381e+02
2430 8.906709829342480589e+02 4.522415617067258609e+02
2431 8.904135178230792462e+02 4.521465667045249575e+02
2432 8.901561603271672993e+02 4.520543631709401211e+02
2433 8.898989071226957321e+02 4.519636103978374422e+02
2434 8.896417571704420197e+02 4.518729736260201548e+02
2435 8.893847103177608915e+02 4.517824526423710267e+02
2436 8.891277664123286968e+02 4.516920472343340975e+02
2437 8.888709253021429504e+02 4.516017571899123482e+02
2438 8.886141868355203997e+02 4.515115822976664504e+02
2439 8.883575508610973657e+02 4.514215223467124360e+02
2440 8.881010172278271284e+02 4.513315771267190826e+02
2441 8.878445857849804952e+02 4.512417464279071169e+02
2442 8.875882563821446638e+02 4.511520300410466007e+02
2443 8.873320288692211761e+02 4.510624277574548842e+02
2444 8.870759030964268277e+02 4.509729393689951280e+02
2445 8.868198789142904843e+02 4.508835646680736318e+02
2446 8.865639561736550149e+02 4.507943034476392654e+02
2447 8.863081347256735398e+02 4.507051555011798882e+02
2448 8.860524144218105675e+02 4.506161206227216667e+02
2449 8.857967951138398348e+02 4.505271986068264596e+02
2450 8.855412766538448750e+02 4.504383892485904539e+02
2451 8.852858588942160623e+02 4.503496923436424595e+02
2452 8.850305416876515210e+02 4.502611076881406120e+02
2453 8.847753248871555343e+02 4.501726350787725437e+02
2454 8.845202083460379754e+02 4.500842743127522567e+02
2455 8.842651919179126025e+02 4.499960251878181339e+02
2456 8.840102754566970589e+02 4.499078875022320858e+02
2457 8.837554588166121903e+02 4.498198610547766521e+02
2458 8.835007418521798854e+02 4.497319456447537505e+02
2459 8.832461244182240989e+02 4.496441410719832561e+02
2460 8.829916063698678954e+02 4.495564471368001023e+02
2461 8.827371875625342454e+02 4.494688636400532573e+02
2462 8.824828678519447749e+02 4.493813903831040761e+02
2463 8.822286470941176049e+02 4.492940271678235717e+02
2464 8.819745251453693982e+02 4.492067737965916194e+02
2465 8.817205018623112664e+02 4.491196300722949104e+02
2466 8.814665771018502483e+02 4.490325957983249054e+02
2467 8.812127507211874899e+02 4.489456707785760159e+02
2468 8.809590225778171089e+02 4.488588548174448078e+02
2469 8.807053925295261934e+02 4.487721477198265347e+02
2470 8.804518604343938932e+02 4.486855492911152510e+02
2471 8.801984261507900555e+02 4.485990593372007993e+02
2472 8.799450895373743151e+02 4.485126776644674464e+02
2473 8.796918504530960945e+02 4.484264040797928033e+02
2474 8.794387087571933534e+02 4.483402383905445845e+02
2475 8.791856643091915657e+02 4.482541804045805520e+02
2476 8.789327169689029233e+02 4.481682299302462980e+02
2477 8.786798665964261090e+02 4.480823867763726867e+02
2478 8.784271130521447049e+02 4.479966507522753432e+02
2479 8.781744561967278742e+02 4.479110216677525500e+02
2480 8.779218958911261552e+02 4.478254993330832576e+02
2481 8.776694319965758950e+02 4.477400835590257770e+02
2482 8.774170643745929965e+02 4.476547741568161314e+02
2483 8.771647928869763291e+02 4.475695709381663505e+02
2484 8.769126173958046593e+02 4.474844737152625953e+02
2485 8.766605377634367642e+02 4.473994823007640207e+02
2486 8.764085600388958710e+02 4.472886331521621059e+02
2487 8.761567095905867291e+02 4.471731776812794692e+02
2488 8.759049891168642716e+02 4.470578422441342923e+02
2489 8.756533984491138654e+02 4.469426266811963728e+02
2490 8.754019374190066856e+02 4.468275308332493978e+02
2491 8.751506058584952825e+02 4.467125545413923646e+02
2492 8.748994035998165373e+02 4.465976976470369664e+02
2493 8.746483304754887058e+02 4.464829599919072507e+02
2494 8.743973863183110780e+02 4.463683414180385967e+02
2495 8.741465709613643185e+02 4.462538417677768052e+02
2496 8.738958842380080796e+02 4.461394608837766782e+02
2497 8.736453259818832748e+02 4.460251986090019045e+02
2498 8.733948960269078725e+02 4.459110547867232981e+02
2499 8.731445942072790558e+02 4.457970292605181726e+02
2500 8.728944203574712901e+02 4.456831218742693181e+02
2501 8.726443743122356409e+02 4.455693324721642625e+02
2502 8.723944559066000011e+02 4.454556608986939636e+02
2503 8.721446649758679541e+02 4.453421069986524685e+02
2504 8.718950013556177510e+02 4.452286706171352648e+02
2505 8.716454648817020825e+02 4.451153515995387693e+02
2506 8.713960553902480797e+02 4.450021497915589634e+02
2507 8.711467727176554945e+02 4.448890650391914505e+02
2508 8.708976167005965863e+02 4.447760971887291817e+02
2509 8.706485871760161217e+02 4.446632460867629106e+02
2510 8.703996839811303516e+02 4.445505115801791476e+02
2511 8.701509069534249647e+02 4.444378935161599884e+02
2512 8.699022559306575886e+02 4.443253917421818642e+02
2513 8.696537307508541517e+02 4.442130061060145181e+02
2514 8.694053312523099066e+02 4.441007364557204937e+02
2515 8.691570569548310914e+02 4.439897352950903837e+02
2516 8.689089067209366704e+02 4.438788606304153745e+02
2517 8.686608803855071983e+02 4.437680993232420974e+02
2518 8.684129777909884069e+02 4.436574512220839779e+02
2519 8.681651987800903498e+02 4.435469161757692405e+02
2520 8.679175431957871751e+02 4.434364940334394873e+02
2521 8.676700108813143970e+02 4.433261846445494712e+02
2522 8.674226016801701462e+02 4.432159878588652191e+02
2523 8.671753154361141469e+02 4.431059035264634645e+02
2524 8.669281519931671482e+02 4.429959314977307372e+02
2525 8.666811111956095601e+02 4.428860716233619428e+02
2526 8.664341928879823627e+02 4.427763237543597370e+02
2527 8.661873969150841504e+02 4.426666877420331048e+02
2528 8.659407231219732921e+02 4.425571634379967350e+02
2529 8.656941713539657712e+02 4.424477506941701108e+02
2530 8.654477414566338211e+02 4.423384493627757479e+02
2531 8.652014332758078581e+02 4.422292592963394782e+02
2532 8.649552466575729568e+02 4.421201803476881196e+02
2533 8.647091814482704422e+02 4.420112123699490780e+02
2534 8.644632392749751943e+02 4.418902499798429062e+02
2535 8.642174358760416908e+02 4.417599944993062877e+02
2536 8.639717773395532276e+02 4.416298729416394053e+02
2537 8.637262634739345231e+02 4.414998851709547694e+02
2538 8.634808940878929207e+02 4.413700310515142746e+02
2539 8.632356689904180485e+02 4.412403104477284614e+02
2540 8.629905879907809094e+02 4.411107232241567999e+02
2541 8.627456502111140253e+02 4.409852795657808429e+02
2542 8.625008505818964295e+02 4.408624451980169852e+02
2543 8.622561872863087729e+02 4.407397276905060721e+02
2544 8.620116601567299313e+02 4.406171269272628024e+02
2545 8.617672690257755903e+02 4.404946427924605814e+02
2546 8.615230137262973358e+02 4.403722751704309530e+02
2547 8.612788940913833358e+02 4.402500239456642248e+02
2548 8.610349099543572038e+02 4.401278890028075921e+02
2549 8.607910611487777715e+02 4.400058702266659907e+02
2550 8.605473475084388610e+02 4.398839675022011306e+02
2551 8.603037688673682624e+02 4.397621807145306434e+02
2552 8.600603250598281875e+02 4.396405097489283662e+02
2553 8.598170159203143612e+02 4.395189544908238304e+02
2554 8.595738412835551117e+02 4.393975148258010108e+02
2555 8.593308009845121660e+02 4.392761906395989513e+02
2556 8.590878948583796273e+02 4.391549818181107412e+02
2557 8.588451227405826103e+02 4.390338882473832882e+02
2558 8.586024844667787193e+02 4.389129098136166931e+02
2559 8.583599789168113148e+02 4.387966379999638207e+02
2560 8.581176009671515885e+02 4.386839505619828969e+02
2561 8.578753450532975648e+02 4.385785711323932787e+02
2562 8.576332054944605261e+02 4.384732861092120970e+02
2563 8.573911821584918016e+02 4.383680953965460958e+02
2564 8.571492749134256428e+02 4.382629988986491867e+02
2565 8.569074836274747895e+02 4.381579965199206299e+02
2566 8.566658081690335393e+02 4.380530881649053185e+02
2567 8.564242484066757015e+02 4.379482737382941764e+02
2568 8.561828042091541420e+02 4.378435531449219411e+02
2569 8.559414754454019203e+02 4.377389262897688695e+02
2570 8.557002619845295612e+02 4.376343930779589186e+02
2571 8.554591636958276695e+02 4.375299534147599161e+02
2572 8.552181804487640875e+02 4.374256072055828781e+02
2573 8.549773121129846913e+02 4.373213543559824075e+02
2574 8.547365585583133907e+02 4.372171947716554428e+02
2575 8.544959196547507645e+02 4.371131283584413723e+02
2576 8.542553952724747433e+02 4.370091550223214654e+02
2577 8.540149852818396994e+02 4.369052746694188158e+02
2578 8.537746895533763336e+02 4.368014872059975460e+02
2579 8.535345079577913339e+02 4.366977925384627497e+02
2580 8.532944403659672616e+02 4.365941905733603789e+02
2581 8.530544866489619835e+02 4.364906812173758794e+02
2582 8.528146466780075343e+02 4.363872643773349864e+02
2583 8.525749203245118224e+02 4.362839399602031563e+02
2584 8.523353074600566970e+02 4.361807078730846001e+02
2585 8.520958079563980618e+02 4.360775680232222840e+02
2586 8.518564205658282162e+02 4.359814328466536040e+02
2587 8.516171365981467716e+02 4.358901846441081034e+02
2588 8.513779527645376675e+02 4.357990165326824012e+02
2589 8.511388689561855472e+02 4.357079284303503641e+02
2590 8.508998850644187542e+02 4.356169202552200090e+02
2591 8.506610009807118331e+02 4.355259919255332193e+02
2592 8.504222165966832563e+02 4.354351433596655170e+02
2593 8.501835318040961056e+02 4.353443744761248126e+02
2594 8.499449464948571631e+02 4.352536851935523714e+02
2595 8.497064605610171384e+02 4.351630754307213351e+02
2596 8.494680738947697591e+02 4.350725451065367224e+02
2597 8.492297863884527942e+02 4.349820941400358834e+02
2598 8.489915979345457799e+02 4.348917224503863395e+02
2599 8.487535084256727487e+02 4.348014299568869774e+02
2600 8.485155177545974539e+02 4.347112165789673099e+02
2601 8.482776258142290544e+02 4.346210822361871351e+02
2602 8.480398324976154072e+02 4.345310268482351148e+02
2603 8.478021376979481829e+02 4.344410503349308783e+02
2604 8.475645413085597966e+02 4.343511526162218388e+02
2605 8.473270432229232938e+02 4.342613336121846714e+02
2606 8.470896433346530330e+02 4.341715932430244607e+02
2607 8.468523415375037757e+02 4.340819314290743023e+02
2608 8.466151377253708006e+02 4.339923480907950761e+02
2609 8.463780317922891072e+02 4.339028431487749344e+02
2610 8.461410236324335301e+02 4.338134165237289039e+02
2611 8.459041131401191933e+02 4.337240681364989427e+02
2612 8.456673002097992367e+02 4.336347979080532582e+02
2613 8.454305847360670896e+02 4.335456057594859658e+02
2614 8.451939666136541973e+02 4.334564916120168050e+02
2615 8.449574457374305894e+02 4.333674553869913098e+02
2616 8.447210220024047658e+02 4.332784970058789327e+02
2617 8.444846953037232424e+02 4.331896163902748071e+02
2618 8.442484655366703237e+02 4.331008134618979284e+02
2619 8.440123325966678749e+02 4.330120881425911534e+02
2620 8.437762963792745268e+02 4.329234403543212579e+02
2621 8.435403567801865847e+02 4.328348700191780267e+02
2622 8.433045136952367784e+02 4.327463770593744243e+02
2623 8.430687670203947164e+02 4.326579613972459697e+02
2624 8.428331166517652946e+02 4.325696229552503951e+02
2625 8.425975624855907427e+02 4.324813616559675893e+02
2626 8.423621043788596126e+02 4.323935341048546661e+02
2627 8.421267416792695713e+02 4.323063058870239388e+02
2628 8.418914739151207414e+02 4.322191541095906473e+02
2629 8.416563009840958784e+02 4.321320786946718613e+02
2630 8.414212227840135938e+02 4.320450795645109565e+02
2631 8.411862392128269903e+02 4.319581566414765916e+02
2632 8.409513501686235486e+02 4.318713098480635608e+02
2633 8.407165558719495948e+02 4.317806962933236150e+02
2634 8.404818631382947842e+02 4.316815542264073997e+02
2635 8.402472781498645418e+02 4.315825047538237413e+02
2636 8.400128007813300428e+02 4.314835477733591915e+02
2637 8.397784309075434521e+02 4.313846831829781081e+02
2638 8.395441684035361050e+02 4.312859108808219730e+02
2639 8.393100131445191892e+02 4.311872307652087670e+02
2640 8.390759650058830630e+02 4.310886427346333676e+02
2641 8.388420238631972552e+02 4.309901466877659573e+02
2642 8.386081895922089871e+02 4.308917425234521374e+02
2643 8.383744620688439682e+02 4.307934301407126441e+02
2644 8.381408411692060554e+02 4.306952094387420402e+02
2645 8.379073267695756613e+02 4.305970803169091710e+02
2646 8.376739187464108909e+02 4.304990426747561969e+02
2647 8.374406169763465186e+02 4.304010964119981395e+02
2648 8.372074213361929651e+02 4.303032414285225400e+02
2649 8.369743317029378886e+02 4.302054776243888909e+02
2650 8.367413479537431158e+02 4.301078048998280110e+02
2651 8.365084699659471426e+02 4.300102231552425565e+02
2652 8.362756976170622920e+02 4.299127322912044633e+02
2653 8.360430307847763061e+02 4.298153322084571073e+02
2654 8.358104693469508675e+02 4.297180228079124618e+02
2655 8.355780131816215999e+02 4.296208039906525755e+02
2656 8.353456621669976130e+02 4.295236756579273560e+02
2657 8.351134161814617300e+02 4.294266377111557631e+02
2658 8.348812751035687825e+02 4.293296900519242172e+02
2659 8.346492388120468604e+02 4.292328325819863153e+02
2660 8.344173071857964032e+02 4.291360652032628309e+02
2661 8.341854801038889491e+02 4.290393878178411455e+02
2662 8.339537574455681579e+02 4.289428003279741120e+02
2663 8.337221390902490157e+02 4.288463026360804520e+02
2664 8.334906249175171524e+02 4.287498946447441313e+02
2665 8.332592148071285010e+02 4.286535762567135066e+02
2666 8.330279086390097518e+02 4.285573473749012692e+02
2667 8.327967062932571025e+02 4.284612079023836486e+02
2668 8.325656076501362577e+02 4.283651577424006973e+02
2669 8.323346125900823154e+02 4.282691967983544714e+02
2670 8.321037209936994259e+02 4.281733249738105087e+02
2671 8.318729327417599961e+02 4.280775421724955550e+02
2672 8.316422477152043484e+02 4.279818482982981891e+02
2673 8.314116657951416300e+02 4.278862432552683686e+02
2674 8.311811868628477669e+02 4.277907269476161218e+02
2675 8.309508107997662592e+02 4.276952992797121738e+02
2676 8.307205374875074995e+02 4.275999601560868655e+02
2677 8.304903668078487726e+02 4.275047094814303819e+02
2678 8.302602986427326641e+02 4.274095471605910461e+02
2679 8.300303328742691065e+02 4.273144730985763431e+02
2680 8.298004693847325370e+02 4.272194872005515549e+02
2681 8.295707080565634897e+02 4.271245893718400453e+02
2682 8.293410487723671167e+02 4.270297795179217246e+02
2683 8.291114914149131891e+02 4.269350575444340734e+02
2684 8.288820358671360964e+02 4.268404233571703230e+02
2685 8.286526820121340506e+02 4.267458768620804790e+02
2686 8.284234297331690868e+02 4.266514179652690473e+02
2687 8.281942789136670626e+02 4.265570465729966827e+02
2688 8.279652294372159531e+02 4.264627625916783131e+02
2689 8.277362813117736096e+02 4.263677570646163417e+02
2690 8.275074354206687985e+02 4.262722334588250988e+02
2691 8.272786920419968055e+02 4.261767965862704841e+02
2692 8.270500510597470338e+02 4.260814463578965956e+02
2693 8.268215123580669115e+02 4.259861826847889574e+02
2694 8.265930758212618912e+02 4.258910054781737244e+02
2695 8.263647413337943135e+02 4.257959146494168863e+02
2696 8.261365087802845437e+02 4.257009101100258590e+02
2697 8.259083772157047179e+02 4.256102873832377895e+02
2698 8.256803419854246613e+02 4.255214118822767659e+02
2699 8.254524019639928838e+02 4.254326197774848310e+02
2700 8.252245570422229548e+02 4.253439109755382219e+02
2701 8.249968071110833989e+02 4.252552853832758615e+02
2702 8.247691520616987191e+02 4.251667429076991311e+02
2703 8.245415917853484871e+02 4.250782834559712455e+02
2704 8.243141261734672298e+02 4.249899069354167978e+02
2705 8.240867551176442021e+02 4.249016132535217594e+02
2706 8.238594785096222495e+02 4.248134023179322867e+02
2707 8.236322962412991728e+02 4.247252740364544934e+02
2708 8.234052082047251133e+02 4.246372283170549622e+02
2709 8.231782142921055083e+02 4.245492650678588120e+02
2710 8.229513150948467910e+02 4.244575285093960701e+02
2711 8.227245147458785368e+02 4.243640498689705396e+02
2712 8.224978142650184054e+02 4.242706582777587414e+02
2713 8.222712135373069486e+02 4.241773536462828815e+02
2714 8.220447124479428567e+02 4.240841358852004532e+02
2715 8.218183108822809118e+02 4.239910049053052035e+02
2716 8.215920087258316471e+02 4.238979606175268486e+02
2717 8.213658045144887865e+02 4.238125866684576408e+02
2718 8.211396897098211412e+02 4.237310748566304710e+02
2719 8.209136618594620813e+02 4.236496333769606508e+02
2720 8.206877208716842915e+02 4.235682621639426202e+02
2721 8.204618666548720967e+02 4.234869611521561410e+02
2722 8.202360991175240770e+02 4.234057302762659560e+02
2723 8.200104181682506805e+02 4.233245694710214480e+02
2724 8.197848237157751328e+02 4.232434786712569235e+02
2725 8.195593156689333227e+02 4.231624578118903628e+02
2726 8.193338939366728937e+02 4.230815068279247839e+02
2727 8.191085584280538114e+02 4.230006256544468215e+02
2728 8.188833090522474549e+02 4.229198142266268974e+02
2729 8.186581457185374120e+02 4.228390724797189932e+02
2730 8.184330683363183425e+02 4.227584003490607074e+02
2731 8.182080768150963195e+02 4.226777977700726865e+02
2732 8.179831710644884879e+02 4.225972646782586253e+02
2733 8.177583509942226101e+02 4.225168010092052100e+02
2734 8.175336165141382025e+02 4.224364066985816066e+02
2735 8.173089675341841485e+02 4.223560816821394042e+02
2736 8.170844039644205168e+02 4.222758258957127282e+02
2737 8.168599257150174253e+02 4.221956392752175020e+02
2738 8.166355326962546997e+02 4.221155217566516171e+02
2739 8.164112248185225553e+02 4.220354732760946490e+02
2740 8.161870019923205746e+02 4.219554937697078572e+02
2741 8.159628641282585022e+02 4.218755831737335029e+02
2742 8.157388111370539718e+02 4.217957414244953611e+02
2743 8.155148403573516589e+02 4.217313604842056520e+02
2744 8.152909340119919079e+02 4.216760905393127246e+02
2745 8.150670863436461104e+02 4.216208548481449156e+02
2746 8.148432973082667559e+02 4.215656533877571519e+02
2747 8.146195668618458967e+02 4.215104861352282342e+02
2748 8.143958949604132158e+02 4.214553530676610649e+02
2749 8.141722815600376180e+02 4.214002541621822502e+02
2750 8.139487266168259794e+02 4.213451893959421568e+02
2751 8.137252300869241708e+02 4.212901587461147983e+02
2752 8.135017919265156934e+02 4.212351621898980625e+02
2753 8.132784120918233839e+02 4.211801997045130861e+02
2754 8.130550905391077094e+02 4.211252712672049370e+02
2755 8.128318272246676770e+02 4.210703768552420456e+02
2756 8.126086221048399238e+02 4.210155164459160915e+02
2757 8.123854751360003092e+02 4.209606900165425145e+02
2758 8.121623862745623228e+02 4.209058975444598900e+02
2759 8.119393554769767434e+02 4.208511390070298717e+02
2760 8.117163826997340266e+02 4.207964143816376463e+02
2761 8.114934678993608941e+02 4.207417236456915930e+02
2762 8.112706110324232895e+02 4.206870667766230554e+02
2763 8.110478120555243322e+02 4.206324437518866830e+02
2764 8.108250709253053401e+02 4.205778545489599196e+02
2765 8.106023875984454889e+02 4.205232991453431168e+02
2766 8.103797620316613575e+02 4.204687775185597616e+02
2767 8.101571941817073821e+02 4.204142896461563623e+02
2768 8.099346840053757433e+02 4.203598355057018807e+02
2769 8.097122314594964791e+02 4.203054150747881863e+02
2770 8.094898365009364625e+02 4.202510283310300565e+02
2771 8.092674990866009921e+02 4.201966752520646651e+02
2772 8.090452191734325424e+02 4.201423558155518094e+02
2773 8.088229967184104225e+02 4.200880699991741949e+02
2774 8.086008316785523675e+02 4.200338177806367526e+02
2775 8.083787240109127197e+02 4.199795991376668667e+02
2776 8.081566736725834517e+02 4.199254140480145452e+02
2777 8.079346806206938254e+02 4.198712624894520786e+02
2778 8.077127448124098237e+02 4.198171444397737559e+02
2779 8.074908662049355144e+02 4.197630598767966603e+02
2780 8.072690457470929459e+02 4.197048387859539957e+02
2781 8.070472874300880903e+02 4.196391014076854162e+02
2782 8.068256111315021144e+02 4.195314756349085883e+02
2783 8.066040485058121021e+02 4.194239537431723761e+02
2784 8.063825994141964202e+02 4.193165356075492696e+02
2785 8.061612637180496677e+02 4.192092211033508420e+02
2786 8.059400412789822212e+02 4.191020101061279206e+02
2787 8.057189319588193257e+02 4.189949024916684266e+02
2788 8.054979356196014351e+02 4.188878981359977161e+02
2789 8.052770521495331195e+02 4.187803170128631791e+02
2790 8.050562833140395469e+02 4.186688224707158952e+02
2791 8.048356319967056152e+02 4.185574318500670188e+02
2792 8.046150980567585975e+02 4.184461450304045229e+02
2793 8.043946813536402942e+02 4.183349618914433563e+02
2794 8.041743817470064641e+02 4.182238823131238519e+02
2795 8.039541990967260290e+02 4.181129061756128067e+02
2796 8.037341332628807322e+02 4.180020333593002988e+02
2797 8.035141841196059431e+02 4.178906003015088118e+02
2798 8.032943497993716164e+02 4.177918840401919169e+02
2799 8.030746176988354819e+02 4.176965498349577501e+02
2800 8.028549858493857982e+02 4.176013020074670976e+02
2801 8.026354541373481197e+02 4.175061404703774883e+02
2802 8.024160224492023872e+02 4.174110651364632645e+02
2803 8.021966906715830419e+02 4.173160759186139899e+02
2804 8.019774586912761833e+02 4.172211727298346204e+02
2805 8.017583265445167626e+02 4.171241244345570749e+02
2806 8.015392984614184115e+02 4.170206410942306547e+02
2807 8.013203790228176331e+02 4.169172532922235064e+02
2808 8.011015681014982874e+02 4.168139609344283372e+02
2809 8.008828655704163566e+02 4.167107639268531898e+02
2810 8.006642713027026730e+02 4.166076621756211580e+02
2811 8.004457851716591676e+02 4.165046555869693634e+02
2812 8.002274070507610304e+02 4.164017440672491830e+02
2813 8.000091368136554593e+02 4.162989275229261921e+02
2814 7.997909743341613193e+02 4.161962058605799371e+02
2815 7.995729194862695977e+02 4.160935789869031964e+02
2816 7.993549724751873100e+02 4.159880466383217481e+02
2817 7.991371375195891460e+02 4.158784913431932750e+02
2818 7.989194172686255797e+02 4.157690374682263723e+02
2819 7.987018115859440286e+02 4.156596849175908801e+02
2820 7.984843203353765375e+02 4.155504335955645274e+02
2821 7.982669433809380735e+02 4.154412834065344668e+02
2822 7.980496805868277761e+02 4.153322342549955124e+02
2823 7.978325318174274798e+02 4.152232860455508217e+02
2824 7.976154969373023960e+02 4.151144386829114978e+02
2825 7.973985758112002031e+02 4.150056920718962488e+02
2826 7.971817683040504789e+02 4.148970461174314437e+02
2827 7.969650742809652684e+02 4.147885007245500333e+02
2828 7.967484936072381743e+02 4.146800557983926296e+02
2829 7.965320261483440163e+02 4.145717112442067673e+02
2830 7.963156717699393994e+02 4.144634669673460508e+02
2831 7.960994303378611221e+02 4.143553228732708362e+02
2832 7.958833017181268588e+02 4.142472788675476068e+02
2833 7.956672857769343636e+02 4.141393348558488583e+02
2834 7.954513823806618120e+02 4.140314907439530430e+02
2835 7.952355913958663223e+02 4.139237464377436595e+02
2836 7.950199126892848653e+02 4.138161018432102765e+02
2837 7.948043461278339237e+02 4.137085568664472817e+02
2838 7.945888915786081270e+02 4.136011114136539959e+02
2839 7.943735489088805934e+02 4.134937653911345592e+02
2840 7.941583179861033841e+02 4.133865187052976466e+02
2841 7.939431986779062527e+02 4.132793712626565252e+02
2842 7.937281908520963043e+02 4.131723229698282012e+02
2843 7.935132943766584503e+02 4.130653737335339315e+02
2844 7.932985091197543852e+02 4.129585234605988830e+02
2845 7.930838349497231548e+02 4.128517720579513366e+02
2846 7.928692717350800194e+02 4.127451194326234827e+02
2847 7.926548193445162269e+02 4.126385654917500005e+02
2848 7.924404776468995806e+02 4.125321101425690244e+02
2849 7.922262465112734162e+02 4.124257532924215752e+02
2850 7.920121258068566021e+02 4.123194948487508782e+02
2851 7.917981154030422886e+02 4.122133347191025337e+02
2852 7.915842151693999540e+02 4.121072728111244601e+02
2853 7.913704249756729041e+02 4.120013090325666099e+02
2854 7.911567447020631789e+02 4.118949623907653290e+02
2855 7.909431762085104083e+02 4.117833649025292857e+02
2856 7.907297234075634833e+02 4.116718702854828962e+02
2857 7.905163861612738856e+02 4.115604784513600407e+02
2858 7.903031643318705619e+02 4.114491893119579231e+02
2859 7.900900577817600379e+02 4.113380027791365023e+02
2860 7.898770663735268727e+02 4.112269187648204820e+02
2861 7.896641899699334317e+02 4.111159371809969230e+02
2862 7.894514284339177266e+02 4.110050579397164370e+02
2863 7.892387816285956887e+02 4.108942809530932436e+02
2864 7.890262494172596917e+02 4.107836061333046587e+02
2865 7.888138316633779823e+02 4.106730333925906962e+02
2866 7.886015282305955907e+02 4.105625626432557169e+02
2867 7.883893389827330793e+02 4.104521937976659842e+02
2868 7.881772637837862021e+02 4.103419267682514260e+02
2869 7.879653024979269276e+02 4.102317614675051800e+02
2870 7.877534549895018472e+02 4.101216978079833666e+02
2871 7.875417211230325165e+02 4.100117357023044633e+02
2872 7.873301007632151141e+02 4.099018750631510102e+02
2873 7.871185937749201003e+02 4.097921158032670519e+02
2874 7.869072000231926722e+02 4.096824578354606956e+02
2875 7.866959193732518543e+02 4.095729010726021784e+02
2876 7.864847516904892473e+02 4.094634454276248334e+02
2877 7.862736968404717572e+02 4.093540908135245218e+02
2878 7.860627546889378436e+02 4.092448371433600869e+02
2879 7.858519251018000205e+02 4.091356843302527864e+02
2880 7.856412079451433783e+02 4.090266322873862919e+02
2881 7.854306030852251297e+02 4.089176809280074849e+02
2882 7.852201103884747226e+02 4.088088301654250358e+02
2883 7.850097297214942955e+02 4.087000799130109385e+02
2884 7.847994609510573127e+02 4.085914300841986915e+02
2885 7.845893039441086785e+02 4.084828805924850599e+02
2886 7.843792585677653051e+02 4.083744313514289956e+02
2887 7.841693246893141804e+02 4.082660822746512395e+02
2888 7.839595021762144142e+02 4.081578332758355145e+02
2889 7.837497908960945097e+02 4.080496842687275034e+02
2890 7.835401907167544096e+02 4.079416351671350753e+02
2891 7.833307015061631091e+02 4.078336858849285136e+02
2892 7.831213231324607023e+02 4.077258363360398334e+02
2893 7.829120554639563352e+02 4.076180864344637484e+02
2894 7.827028983691288886e+02 4.075104360942566473e+02
2895 7.824938517166259544e+02 4.074028852295369347e+02
2896 7.822849153752647453e+02 4.072954337544851455e+02
2897 7.820760892140308442e+02 4.071880815833435463e+02
2898 7.818673731020787727e+02 4.070808286304168746e+02
2899 7.816587669087311951e+02 4.069736748100710315e+02
2900 7.814502705034784640e+02 4.068666200367341617e+02
2901 7.812418837559790745e+02 4.067596642248960848e+02
2902 7.810336065360597786e+02 4.066528072891087504e+02
2903 7.808254387137134245e+02 4.065460491439851012e+02
2904 7.806173801591011170e+02 4.064393897042004937e+02
2905 7.804094307425502848e+02 4.063328288844913914e+02
2906 7.802015903345554761e+02 4.062263665996562167e+02
2907 7.799938601634862607e+02 4.061129710605559353e+02
2908 7.797862469545856356e+02 4.059973967231823622e+02
2909 7.795787518790059494e+02 4.058819247926626872e+02
2910 7.793713747984966176e+02 4.057665551859753350e+02
2911 7.791641155749814516e+02 4.056512878201532430e+02
2912 7.789569740705576351e+02 4.055361226122856806e+02
2913 7.787499501474966337e+02 4.054210594795163729e+02
2914 7.785430436682429445e+02 4.053060983390447518e+02
2915 7.783362544954137547e+02 4.051912391081251030e+02
2916 7.781295824917998516e+02 4.050764817040675325e+02
2917 7.779230275203647125e+02 4.049618260442365454e+02
2918 7.777165894442439367e+02 4.048472720460524670e+02
2919 7.775102681267457001e+02 4.047328196269902492e+02
2920 7.773040634313501869e+02 4.046184687045801525e+02
2921 7.770979752217089072e+02 4.045042191964072913e+02
2922 7.768920033616450382e+02 4.043900710201119750e+02
2923 7.766861477151538793e+02 4.042760240933891964e+02
2924 7.764804081464006913e+02 4.041620783339890295e+02
2925 7.762747845197226297e+02 4.040482336597167432e+02
2926 7.760692766996266982e+02 4.039344899884318920e+02
2927 7.758638845507905444e+02 4.038208472380489980e+02
2928 7.756586079380628007e+02 4.037073053265377780e+02
2929 7.754534467264606974e+02 4.035938641719222915e+02
2930 7.752484007811722222e+02 4.034805236922816789e+02
2931 7.750434699675541879e+02 4.033672838057491390e+02
2932 7.748386541511333689e+02 4.032541444305134064e+02
2933 7.746339531976053649e+02 4.031411054848171034e+02
2934 7.744293669728341456e+02 4.030281668869577629e+02
2935 7.742248953428528466e+02 4.029153285552873172e+02
2936 7.740205381738629740e+02 4.028025904082124953e+02
2937 7.738162953322338353e+02 4.026899523641944825e+02
2938 7.736121666845031086e+02 4.025774143417486357e+02
2939 7.734081520973757051e+02 4.024649762594447679e+02
2940 7.732042514377244515e+02 4.023526380359073755e+02
2941 7.730004645725891805e+02 4.022403995898152971e+02
2942 7.727967913691769581e+02 4.021282608399013725e+02
2943 7.725932316948618563e+02 4.020162217049530113e+02
2944 7.723897854171840436e+02 4.019042821038116813e+02
2945 7.721864524038502395e+02 4.017924419553734197e+02
2946 7.719832321879688379e+02 4.016825449211485761e+02
2947 7.717801227934420467e+02 4.015734696422524621e+02
2948 7.715771236741696839e+02 4.014644906219367044e+02
2949 7.713742347029275379e+02 4.013556077813649949e+02
2950 7.711714557526511271e+02 4.012468210417549699e+02
2951 7.709687872394981696e+02 4.011354164621736231e+02
2952 7.707662315552979635e+02 4.010234031982193983e+02
2953 7.705637889599413484e+02 4.009114959679768617e+02
2954 7.703614593148424774e+02 4.007996946707639836e+02
2955 7.701592424816078619e+02 4.006879992059963911e+02
2956 7.699571383220347798e+02 4.005764094731840146e+02
2957 7.697551466981103658e+02 4.004649253719339868e+02
2958 7.695532674720124078e+02 4.003535468019486530e+02
2959 7.693515005061088914e+02 4.002422736630259124e+02
2960 7.691498456629572047e+02 4.001311058550598432e+02
2961 7.689483028053041380e+02 4.000200432780398501e+02
2962 7.687468717960861113e+02 3.999090858320500388e+02
2963 7.685455524984273552e+02 3.997982334172706373e+02
2964 7.683443447756418436e+02 3.996874859339766886e+02
2965 7.681432484912309064e+02 3.995768432825379932e+02
2966 7.679422635088843663e+02 3.994663053634200196e+02
2967 7.677413896924792880e+02 3.993558720771821413e+02
2968 7.675406269060802060e+02 3.992455433244793426e+02
2969 7.673399750139387834e+02 3.991353190060603424e+02
2970 7.671394338804936979e+02 3.990251990227691294e+02
2971 7.669390033703696190e+02 3.989151832755438249e+02
2972 7.667386833483781174e+02 3.988052716654165124e+02
2973 7.665384736795161871e+02 3.986954640935139196e+02
2974 7.663383742289666998e+02 3.985857604610566796e+02
2975 7.661383848620979506e+02 3.984761606693593308e+02
2976 7.659385054444629759e+02 3.983666646198303170e+02
2977 7.657387358417998939e+02 3.982572722139717030e+02
2978 7.655390759200309958e+02 3.981479833533793453e+02
2979 7.653395255452636547e+02 3.980387979397427216e+02
2980 7.651400845837882798e+02 3.979297158748447032e+02
2981 7.649407529020793390e+02 3.978207370605612709e+02
2982 7.647415303667942226e+02 3.977118613988616858e+02
2983 7.645424168447743796e+02 3.976030887918088297e+02
2984 7.643434122030433855e+02 3.974944191415577279e+02
2985 7.641445163088070558e+02 3.973858523503566857e+02
2986 7.639457290294542418e+02 3.972773883205472316e+02
2987 7.637470502325551251e+02 3.971690269545632077e+02
2988 7.635484797858625825e+02 3.970607681549309405e+02
2989 7.633500175573092292e+02 3.969526118242692974e+02
2990 7.631516634150103755e+02 3.968445578652898575e+02
2991 7.629534172272614114e+02 3.967366061807958886e+02
2992 7.627552788625386029e+02 3.966287566736833696e+02
2993 7.625572481894982957e+02 3.965210092469400820e+02
2994 7.623593250769771430e+02 3.964133638036457796e+02
2995 7.621615093939914232e+02 3.963058202469722460e+02
2996 7.619638010097366987e+02 3.961983784801828392e+02
2997 7.617661997935886120e+02 3.960910384066324923e+02
2998 7.615687056151001570e+02 3.959837999297681677e+02
2999 7.613713165343978062e+02 3.958934384769345911e+02
3000 7.611740093137880194e+02 3.958265464076691273e+02
3001 7.609767687505237745e+02 3.957597177439084248e+02
3002 7.607795947701797559e+02 3.956929524115161598e+02
3003 7.605824872984364902e+02 3.956262503364748113e+02
3004 7.603854462610811424e+02 3.955596114448873095e+02
3005 7.601884715840051285e+02 3.954930356629753874e+02
3006 7.599915631932053657e+02 3.954265229170795237e+02
3007 7.597947210147846135e+02 3.953600731336593412e+02
3008 7.595979449749489731e+02 3.952936862392921853e+02
3009 7.594012350000108427e+02 3.952273621606741472e+02
3010 7.592045910163858480e+02 3.951611008246183587e+02
3011 7.590080132712233763e+02 3.950932846637896887e+02
3012 7.588115031634285970e+02 3.950251208399430993e+02
3013 7.586150608426122517e+02 3.949570224039169375e+02
3014 7.584186862320746059e+02 3.948889892793130798e+02
3015 7.582223792552248369e+02 3.948210213898526604e+02
3016 7.580261398355823985e+02 3.947531186593738539e+02
3017 7.578299678967753152e+02 3.946852810118328421e+02
3018 7.576338633625409784e+02 3.946175083713022786e+02
3019 7.574378261567250092e+02 3.945498006619725970e+02
3020 7.572418562032821683e+02 3.944821578081504754e+02
3021 7.570459534262751049e+02 3.944145797342589503e+02
3022 7.568501177498748120e+02 3.943470663648376444e+02
3023 7.566543490983602851e+02 3.942796176245418565e+02
3024 7.564586473961180673e+02 3.942122334381425048e+02
3025 7.562630125676423631e+02 3.941449137305259569e+02
3026 7.560674445375348114e+02 3.940776584266940858e+02
3027 7.558719432305041437e+02 3.940104674517631338e+02
3028 7.556765085713658436e+02 3.939433407309644508e+02
3029 7.554811404850424879e+02 3.938762781896435285e+02
3030 7.552858388965634049e+02 3.938092797532602845e+02
3031 7.550906037310637657e+02 3.937423453473883228e+02
3032 7.548954349137849249e+02 3.936754748977148779e+02
3033 7.547003323700748751e+02 3.936086683300408140e+02
3034 7.545052960253868832e+02 3.935419255702801706e+02
3035 7.543103258052798310e+02 3.934752465444594804e+02
3036 7.541154216354177606e+02 3.934086311787183377e+02
3037 7.539205834415711251e+02 3.933420793993090001e+02
3038 7.537258129198768302e+02 3.932655092589033075e+02
3039 7.535311199565506968e+02 3.931848775899068755e+02
3040 7.533365068060332987e+02 3.931043240192406643e+02
3041 7.531419733746819247e+02 3.930238484651196131e+02
3042 7.529475195689824432e+02 3.929434508458572282e+02
3043 7.527531452955489613e+02 3.928631310798642744e+02
3044 7.525588504611231428e+02 3.927828890856491739e+02
3045 7.523646349725754590e+02 3.927027247818181763e+02
3046 7.521704987369029141e+02 3.926226380870742787e+02
3047 7.519764416612300693e+02 3.925426289202175099e+02
3048 7.517824636528090423e+02 3.924626972001453282e+02
3049 7.515885646190187117e+02 3.923828428458514281e+02
3050 7.513947444673646032e+02 3.923030657764261377e+02
3051 7.512010031054788897e+02 3.922233659110564759e+02
3052 7.510073404411201636e+02 3.921437431690251287e+02
3053 7.508137563821725280e+02 3.920641974697110754e+02
3054 7.506202508366470738e+02 3.919847287325894172e+02
3055 7.504268237126797203e+02 3.919053368772305248e+02
3056 7.502334749185325791e+02 3.918260218233007777e+02
3057 7.500402043625922488e+02 3.917467834905612563e+02
3058 7.498470119533714069e+02 3.916676217988689359e+02
3059 7.496538975995067631e+02 3.915885366681752089e+02
3060 7.494608610882718267e+02 3.915116302170875997e+02
3061 7.492678982900299616e+02 3.914416607164617972e+02
3062 7.490750044431451897e+02 3.913717591648029384e+02
3063 7.488821794683575490e+02 3.913019254822095832e+02
3064 7.486894232865212189e+02 3.912321595889073365e+02
3065 7.484967358186048614e+02 3.911624614052487345e+02
3066 7.483041169856915076e+02 3.910928308517125629e+02
3067 7.481115667089774206e+02 3.910232678489045952e+02
3068 7.479190849097733462e+02 3.909537723175557176e+02
3069 7.477266715095026939e+02 3.908843441785232358e+02
3070 7.475343264297027872e+02 3.908149833527893406e+02
3071 7.473420495920240683e+02 3.907456897614617901e+02
3072 7.471498409182290743e+02 3.906764633257728860e+02
3073 7.469577003301935747e+02 3.906073039670793037e+02
3074 7.467656277499056614e+02 3.905382116068623759e+02
3075 7.465736230994655216e+02 3.904691861667269563e+02
3076 7.463816863010850966e+02 3.904002275684019878e+02
3077 7.461898172770891051e+02 3.903313357337395928e+02
3078 7.459980159499123147e+02 3.902625105847147893e+02
3079 7.458062822421022702e+02 3.901937520434256612e+02
3080 7.456146160763165653e+02 3.901250600320927333e+02
3081 7.454230173753247755e+02 3.900564344730588004e+02
3082 7.452314860620062973e+02 3.899878752887886435e+02
3083 7.450400220593518270e+02 3.899193824018688019e+02
3084 7.448486252904615412e+02 3.898509557350067212e+02
3085 7.446572956785464612e+02 3.897825952110317189e+02
3086 7.444660331469274297e+02 3.897143007528933367e+02
3087 7.442748376190347699e+02 3.896460722836620789e+02
3088 7.440837090184082854e+02 3.895779097265284463e+02
3089 7.438926472686971465e+02 3.895098130048029930e+02
3090 7.437016522936601177e+02 3.894417820419164968e+02
3091 7.435107240171638523e+02 3.893738167614180838e+02
3092 7.433198623631845976e+02 3.893059170869775016e+02
3093 7.431290672558067172e+02 3.892380829423823343e+02
3094 7.429383386192229182e+02 3.891703142515390255e+02
3095 7.427476763777342512e+02 3.891026109384727647e+02
3096 7.425570804557490874e+02 3.890349729273264643e+02
3097 7.423665507777839139e+02 3.889674001423608729e+02
3098 7.421760872684627657e+02 3.888998925079544620e+02
3099 7.419856906061189648e+02 3.888264775894640479e+02
3100 7.417953678892836251e+02 3.887475284666691664e+02
3101 7.416051224335687948e+02 3.886686731549910974e+02
3102 7.414149541315159695e+02 3.885899115274213500e+02
3103 7.412248628758460427e+02 3.885112434571369135e+02
3104 7.410348485594602153e+02 3.884326688175000299e+02
3105 7.408449110754388585e+02 3.883541874820584781e+02
3106 7.406550503170414004e+02 3.882757993245446073e+02
3107 7.404652661777057574e+02 3.881975042188752809e+02
3108 7.402755585510485616e+02 3.881193020391518758e+02
3109 7.400859273308639104e+02 3.880411926596592025e+02
3110 7.398963724111238207e+02 3.879631759548660170e+02
3111 7.397068936859781161e+02 3.878852517994245659e+02
3112 7.395174910497524934e+02 3.878074200681699040e+02
3113 7.393281643969501147e+02 3.877296806361197810e+02
3114 7.391389136222502430e+02 3.876520333784748686e+02
3115 7.389497386205079010e+02 3.875744781706174535e+02
3116 7.387606392867536442e+02 3.874970148881120622e+02
3117 7.385716155161937877e+02 3.874196434067048358e+02
3118 7.383826672042089285e+02 3.873423636023227914e+02
3119 7.381937942463544005e+02 3.872651753510746175e+02
3120 7.380049965383600465e+02 3.871880785292492533e+02
3121 7.378162739761296507e+02 3.871110730133163429e+02
3122 7.376276264557404829e+02 3.870341586799254401e+02
3123 7.374390538734425036e+02 3.869573354059057806e+02
3124 7.372505561256592728e+02 3.868806030682670780e+02
3125 7.370621331089868136e+02 3.868039615441974206e+02
3126 7.368737847201930435e+02 3.867274107110642376e+02
3127 7.366855108562183432e+02 3.866509504464137308e+02
3128 7.364973114141739643e+02 3.865745806279703061e+02
3129 7.363091862913430532e+02 3.864983011336367440e+02
3130 7.361211353851791728e+02 3.864221118414937450e+02
3131 7.359331585933069846e+02 3.863460126297995885e+02
3132 7.357452558135209983e+02 3.862700033769893366e+02
3133 7.355574269437859130e+02 3.861940839616759149e+02
3134 7.353696718822355933e+02 3.861182542626482928e+02
3135 7.351819907890638888e+02 3.860397362750537127e+02
3136 7.349943874781833983e+02 3.859569332473404302e+02
3137 7.348068646159000536e+02 3.858742391902963504e+02
3138 7.346194220791278440e+02 3.857916539399456042e+02
3139 7.344320597450081323e+02 3.857091773325669237e+02
3140 7.342447774909088594e+02 3.856268092046932452e+02
3141 7.340575751944246576e+02 3.855445493931111400e+02
3142 7.338704542352186309e+02 3.854551769482130226e+02
3143 7.336834205307424099e+02 3.853648954999181342e+02
3144 7.334964741723855468e+02 3.852755486693686748e+02
3145 7.333096144689068296e+02 3.851863135718023727e+02
3146 7.331228412918902677e+02 3.850971900633587097e+02
3147 7.329361545131346247e+02 3.850081780003524727e+02
3148 7.327495540046527367e+02 3.849192772392718211e+02
3149 7.325630396386717393e+02 3.848304876367800489e+02
3150 7.323766112876320449e+02 3.847418090497130265e+02
3151 7.321902688241873420e+02 3.846532413350817023e+02
3152 7.320040121212038002e+02 3.845647843500701129e+02
3153 7.318178420658939558e+02 3.844710448220316721e+02
3154 7.316317634026180485e+02 3.843758763183847122e+02
3155 7.314457768237633672e+02 3.842808332398876132e+02
3156 7.312598821852262745e+02 3.841859154117121307e+02
3157 7.310740793431622251e+02 3.840911226592675121e+02
3158 7.308883681539848567e+02 3.839964548082027704e+02
3159 7.307027484743665582e+02 3.839019116844055475e+02
3160 7.305172201612363097e+02 3.838074931140004651e+02
3161 7.303317830717805919e+02 3.837131989233514560e+02
3162 7.301464370634424768e+02 3.836190289390588646e+02
3163 7.299611819939204906e+02 3.835249829879606409e+02
3164 7.297760177211691826e+02 3.834310608971316583e+02
3165 7.295909441033973053e+02 3.833372624938832018e+02
3166 7.294059609990689523e+02 3.832435876057631958e+02
3167 7.292210682669015114e+02 3.831500360605555215e+02
3168 7.290362657658662329e+02 3.830566076862797331e+02
3169 7.288515533551866383e+02 3.829633023111901480e+02
3170 7.286669308943393162e+02 3.828701197637773248e+02
3171 7.284823982430525575e+02 3.827770598727657898e+02
3172 7.282979552613057876e+02 3.826841224671147756e+02
3173 7.281136018093300208e+02 3.825913073760178804e+02
3174 7.279293377476057003e+02 3.824986144289021013e+02
3175 7.277451629368638351e+02 3.824060434554286303e+02
3176 7.275610772380850904e+02 3.823135942854917175e+02
3177 7.273770805124986509e+02 3.822212667492184437e+02
3178 7.271931726215819936e+02 3.821290606769687201e+02
3179 7.270093534270607734e+02 3.820369758993350047e+02
3180 7.268256227909081417e+02 3.819450122471412783e+02
3181 7.266419805753439505e+02 3.818531695514440685e+02
3182 7.264584266428345245e+02 3.817614476435310280e+02
3183 7.262749608560931165e+02 3.816698463549208782e+02
3184 7.260915830780766100e+02 3.815783655173633520e+02
3185 7.259082931719884755e+02 3.814870049628388529e+02
3186 7.257250910012760414e+02 3.813957645235583982e+02
3187 7.255419764296310632e+02 3.813046440319625390e+02
3188 7.253589493209881311e+02 3.812136433207215873e+02
3189 7.251760095395253529e+02 3.811227622227352754e+02
3190 7.249931569496635575e+02 3.810320005711330396e+02
3191 7.248103914160652721e+02 3.809413581992722584e+02
3192 7.246277128036354043e+02 3.808508349407397304e+02
3193 7.244451209775185134e+02 3.807604306293495142e+02
3194 7.242626158031014256e+02 3.806701450991445199e+02
3195 7.240801971460102777e+02 3.805799781843947471e+02
3196 7.238978648721115405e+02 3.804899297195984786e+02
3197 7.237156188475099725e+02 3.803999995394792109e+02
3198 7.235334589385496429e+02 3.803101874789894623e+02
3199 7.233513850118131359e+02 3.802204933733067946e+02
3200 7.231693969341204138e+02 3.801309170578352905e+02
3201 7.229874945725290445e+02 3.800414583682048715e+02
3202 7.228056777461906677e+02 3.799524700496078253e+02
3203 7.226239459334528874e+02 3.798638638695146597e+02
3204 7.224422988491645583e+02 3.797753728169439000e+02
3205 7.222607363635216871e+02 3.796869967311974960e+02
3206 7.220792583469509509e+02 3.795987354518030088e+02
3207 7.218978646701086745e+02 3.795105888185144067e+02
3208 7.217165552038809437e+02 3.794225566713099056e+02
3209 7.215353298193832643e+02 3.793346388503935600e+02
3210 7.213541883879590841e+02 3.792468351961937856e+02
3211 7.211731307811807028e+02 3.791591455493637000e+02
3212 7.209921568708476798e+02 3.790715697507799291e+02
3213 7.208112665289874030e+02 3.789841076415433463e+02
3214 7.206304596278533836e+02 3.788967590629779920e+02
3215 7.204497360399262789e+02 3.788095238566311878e+02
3216 7.202690956379120735e+02 3.787224018642732517e+02
3217 7.200885382947424205e+02 3.786353929278967030e+02
3218 7.199080638835741865e+02 3.785484968897166027e+02
3219 7.197276722777891109e+02 3.784617135921702697e+02
3220 7.195473633509921001e+02 3.783750428779156323e+02
3221 7.193671369770125921e+02 3.782884845898329900e+02
3222 7.191869930299030784e+02 3.782020385710233086e+02
3223 7.190069313839387632e+02 3.781157046648078790e+02
3224 7.188269519136169947e+02 3.780294827147291130e+02
3225 7.186470544936580609e+02 3.779433725645491791e+02
3226 7.184672389990024612e+02 3.778573740582501728e+02
3227 7.182875053048126119e+02 3.777714870400335485e+02
3228 7.181078532864709132e+02 3.776857113543202900e+02
3229 7.179282828195807724e+02 3.776000468457498869e+02
3230 7.177487937799644442e+02 3.775144933591807899e+02
3231 7.175693860436641671e+02 3.774290507396898988e+02
3232 7.173900594869404586e+02 3.773437188325713691e+02
3233 7.172108139862730241e+02 3.772584974833382603e+02
3234 7.170316497766723387e+02 3.771688174377463838e+02
3235 7.168525736416409018e+02 3.770699846542856903e+02
3236 7.166735913223063790e+02 3.769712692578684141e+02
3237 7.164947026827084073e+02 3.768726710917303535e+02
3238 7.163159075871215009e+02 3.767741899993325774e+02
3239 7.161372059000572108e+02 3.766758258243605155e+02
3240 7.159585974862610556e+02 3.765775784107243567e+02
3241 7.157800822107139993e+02 3.764794476025581389e+02
3242 7.156016599386312009e+02 3.763814332442203181e+02
3243 7.154233305354615595e+02 3.762835351802917785e+02
3244 7.152450938668874869e+02 3.761857532555775947e+02
3245 7.150669497988239982e+02 3.760880873151048718e+02
3246 7.148888981974189392e+02 3.759905372041233704e+02
3247 7.147109389290518493e+02 3.758931027681051660e+02
3248 7.145330718603337345e+02 3.757957838527440799e+02
3249 7.143552968581067262e+02 3.756985803039547136e+02
3250 7.141776137894436260e+02 3.756014919678737556e+02
3251 7.140000225216471108e+02 3.755045186908580490e+02
3252 7.138225229222497319e+02 3.754076603194847621e+02
3253 7.136451148590130060e+02 3.753109167005517861e+02
3254 7.134677981999273015e+02 3.752142876810762004e+02
3255 7.132905728132118384e+02 3.751177731082947844e+02
3256 7.131134385673123006e+02 3.750213728296633349e+02
3257 7.129363953309029966e+02 3.749250866928564960e+02
3258 7.127594429728849263e+02 3.748289145457674181e+02
3259 7.125825813623847580e+02 3.747328562365070184e+02
3260 7.124058103687563062e+02 3.746369116134044930e+02
3261 7.122291298615783717e+02 3.745410805250061230e+02
3262 7.120525397106546279e+02 3.744453628200755020e+02
3263 7.118760397860139619e+02 3.743497583475930242e+02
3264 7.116996299579091101e+02 3.742542669567556572e+02
3265 7.115233100968168856e+02 3.741588884969760898e+02
3266 7.113470800734369277e+02 3.740636228178834131e+02
3267 7.111709397586922705e+02 3.739684697693219846e+02
3268 7.109948890237284331e+02 3.738734292013510867e+02
3269 7.108189277399121693e+02 3.737785009642448699e+02
3270 7.106430557788326041e+02 3.736836849084928645e+02
3271 7.104672730122999837e+02 3.735889808847974791e+02
3272 7.102915793123446520e+02 3.734943887440759340e+02
3273 7.101159745512176187e+02 3.733999083374591237e+02
3274 7.099404586013896505e+02 3.733055395162901391e+02
3275 7.097650313355504750e+02 3.732112821321263141e+02
3276 7.095896926266095761e+02 3.731171360367364400e+02
3277 7.094144423476943757e+02 3.730231010821024711e+02
3278 7.092392803938739689e+02 3.729286810748419043e+02
3279 7.090642076853135904e+02 3.728322077902481055e+02
3280 7.088892255249141954e+02 3.727358428850791938e+02
3281 7.087143340482906524e+02 3.726382885892489298e+02
3282 7.085395341820099020e+02 3.725406246666314019e+02
3283 7.083648259102545808e+02 3.724430684849679665e+02
3284 7.081902091080175978e+02 3.723456199146933727e+02
3285 7.080156836504929743e+02 3.722482788264082956e+02
3286 7.078412494130748200e+02 3.721510450908787675e+02
3287 7.076669062713574476e+02 3.720539185790364058e+02
3288 7.074926541011343488e+02 3.719568991619784697e+02
3289 7.073184927783991043e+02 3.718599867109666093e+02
3290 7.071444221793441329e+02 3.717631810974282303e+02
3291 7.069704421803597825e+02 3.716664821929546179e+02
3292 7.067965526580351252e+02 3.715698898693014485e+02
3293 7.066227534891565938e+02 3.714734039983887897e+02
3294 7.064490445507088907e+02 3.713770244523003612e+02
3295 7.062754257198735104e+02 3.712807511032837624e+02
3296 7.061018968740280570e+02 3.711845838237495627e+02
3297 7.059284578907471541e+02 3.710885224862717564e+02
3298 7.057551086478016487e+02 3.709925669635873646e+02
3299 7.055818490231575879e+02 3.708967171285962081e+02
3300 7.054086788949762195e+02 3.708009728543600545e+02
3301 7.052355981416144459e+02 3.707053340141033004e+02
3302 7.050626066416232334e+02 3.706098004812121189e+02
3303 7.048897042737479524e+02 3.705143721292349710e+02
3304 7.047168909169274684e+02 3.704190488318810708e+02
3305 7.045441664502945969e+02 3.703238304630217499e+02
3306 7.043715307531753069e+02 3.702287168966884110e+02
3307 7.041989837050883807e+02 3.701337080070742331e+02
3308 7.040265251857446174e+02 3.700388036685328075e+02
3309 7.038541550750479701e+02 3.699440037555775689e+02
3310 7.036818732530925899e+02 3.698493081428827622e+02
3311 7.035096796001654411e+02 3.697547167052821351e+02
3312 7.033375739967439131e+02 3.696602293177693923e+02
3313 7.031655563234961619e+02 3.695658458554974573e+02
3314 7.029936264612806553e+02 3.694715661937788695e+02
3315 7.028217842911460593e+02 3.693773902080847620e+02
3316 7.026500296943304420e+02 3.692833177740451447e+02
3317 7.024783625522618422e+02 3.691893487674489620e+02
3318 7.023067827465558821e+02 3.690954830642431261e+02
3319 7.021352901590183819e+02 3.690017205405324603e+02
3320 7.019638846716424041e+02 3.689080610725800966e+02
3321 7.017925661666092765e+02 3.688145045368069077e+02
3322 7.016213345262881376e+02 3.687210508097909383e+02
3323 7.014501896332349133e+02 3.686276997682672913e+02
3324 7.012791313701927720e+02 3.685344512891283557e+02
3325 7.011081596200914419e+02 3.684413052494231806e+02
3326 7.009372742660468703e+02 3.683482615263574189e+02
3327 7.007664751913603141e+02 3.682553199972928724e+02
3328 7.005957622795195903e+02 3.681624805397476621e+02
3329 7.004251354141969159e+02 3.680697430313956602e+02
3330 7.002545944792498176e+02 3.679771073500663761e+02
3331 7.000841393587199946e+02 3.678845733737448427e+02
3332 6.999137692571088110e+02 3.677957989481065511e+02
3333 6.997434809759488417e+02 3.677080239824577461e+02
3334 6.995732739463446705e+02 3.676203468641562040e+02
3335 6.994031480583669236e+02 3.675327674745271906e+02
3336 6.992331032022601676e+02 3.674452856950396153e+02
3337 6.990631392684438197e+02 3.673579014073058033e+02
3338 6.988932561475112379e+02 3.672706144930815526e+02
3339 6.987234537302289255e+02 3.671834248342653950e+02
3340 6.985537319075367577e+02 3.670963323128990510e+02
3341 6.983840905705483237e+02 3.670093368111677705e+02
3342 6.982145296105493344e+02 3.669224382113985143e+02
3343 6.980450489189978498e+02 3.668356363960610338e+02
3344 6.978756483875242793e+02 3.667489312477677572e+02
3345 6.977063279079305858e+02 3.666623226492727667e+02
3346 6.975370873721902854e+02 3.665758104834723099e+02
3347 6.973679266724484478e+02 3.664893946334044585e+02
3348 6.971988457010204456e+02 3.664030749822488247e+02
3349 6.970298443503925228e+02 3.663168514133269014e+02
3350 6.968609225132212259e+02 3.662307238101012103e+02
3351 6.966920800823329500e+02 3.661446920561753586e+02
3352 6.965233169507240518e+02 3.660587560352939249e+02
3353 6.963546330115595993e+02 3.659729156313425733e+02
3354 6.961860281581745085e+02 3.658871707283473143e+02
3355 6.960175022840720658e+02 3.658015212104750162e+02
3356 6.958490552829240414e+02 3.657159669620321552e+02
3357 6.956806870485704621e+02 3.656305078674664060e+02
3358 6.955123969638162862e+02 3.655484068461250331e+02
3359 6.953441818397748193e+02 3.654679260613135625e+02
3360 6.951760407617729243e+02 3.653875316896040317e+02
3361 6.950079736340336467e+02 3.653072236276007061e+02
3362 6.948399803609291894e+02 3.652270017720368855e+02
3363 6.946720599073092899e+02 3.651511790954052117e+02
3364 6.945042090465420870e+02 3.650756753672641253e+02
3365 6.943364275783770836e+02 3.650002506418305188e+02
3366 6.941687154158830708e+02 3.649249048281906767e+02
3367 6.940010724722574196e+02 3.648496378355381466e+02
3368 6.938334990158613209e+02 3.647687414401361821e+02
3369 6.936660043301149017e+02 3.646725734359801550e+02
3370 6.934985979271451697e+02 3.645765288688142505e+02
3371 6.933312796704158245e+02 3.644806075509677612e+02
3372 6.931640494236517043e+02 3.643848092951301965e+02
3373 6.929969070508392406e+02 3.642891339143506571e+02
3374 6.928298524162250942e+02 3.641935812220372100e+02
3375 6.926628853843155866e+02 3.640981510319554673e+02
3376 6.924960058198759043e+02 3.640028431582283588e+02
3377 6.923292135879302123e+02 3.639076574153343131e+02
3378 6.921625085537604036e+02 3.638125936181074849e+02
3379 6.919958905829057585e+02 3.637176515817360496e+02
3380 6.918293595411621482e+02 3.636228311217611235e+02
3381 6.916629152945813530e+02 3.635281320540771048e+02
3382 6.914965577094707214e+02 3.634335541949290587e+02
3383 6.913302866523927150e+02 3.633390973609137404e+02
3384 6.911641019901636582e+02 3.632447613689769241e+02
3385 6.909980035898535107e+02 3.631505460364136866e+02
3386 6.908319913187855263e+02 3.630564511808672705e+02
3387 6.906660650445351166e+02 3.629624766203274930e+02
3388 6.905002246349299639e+02 3.628686221731315413e+02
3389 6.903344699580484303e+02 3.627748876579613579e+02
3390 6.901688008822198981e+02 3.626812728938436976e+02
3391 6.900032172760235198e+02 3.625877777001488766e+02
3392 6.898377190082878769e+02 3.624944018965899772e+02
3393 6.896723059480907523e+02 3.624011453032229610e+02
3394 6.895069779647582209e+02 3.623080077404437702e+02
3395 6.893417349278636266e+02 3.622149890289898622e+02
3396 6.891765767072274684e+02 3.621220889899372537e+02
3397 6.890115031729170596e+02 3.620293074447008053e+02
3398 6.888465141952452768e+02 3.619366442150331977e+02
3399 6.886816096447709015e+02 3.618440991230246482e+02
3400 6.885167893922969142e+02 3.617516719911007499e+02
3401 6.883520533088704951e+02 3.616593626420223018e+02
3402 6.881874012657832509e+02 3.615671708988850810e+02
3403 6.880228331345686001e+02 3.614750965851181377e+02
3404 6.878583487870034787e+02 3.613831395244834539e+02
3405 6.876939480951060659e+02 3.612912995410753183e+02
3406 6.875296309311364666e+02 3.611995764593182230e+02
3407 6.873653971675946650e+02 3.611079701039676593e+02
3408 6.872012466772217749e+02 3.610164803001084124e+02
3409 6.870371793329981074e+02 3.609251068731541636e+02
3410 6.868731950081430568e+02 3.608338496488461828e+02
3411 6.867092935761145327e+02 3.607427084532528170e+02
3412 6.865454749106085046e+02 3.606516831127689784e+02
3413 6.863817388855584340e+02 3.605607734541145533e+02
3414 6.862180853751340237e+02 3.604699793043346290e+02
3415 6.860545142537420134e+02 3.603793004907974478e+02
3416 6.858910253960245882e+02 3.602887368411951456e+02
3417 6.857276186768591515e+02 3.601982881835411376e+02
3418 6.855642939713575288e+02 3.601079543461710273e+02
3419 6.854010511425559571e+02 3.600182178655588814e+02
3420 6.852378886809736969e+02 3.599324019161174988e+02
3421 6.850748039745981259e+02 3.598466953328360773e+02
3422 6.849117985347144213e+02 3.597470294828614783e+02
3423 6.847488879599735583e+02 3.596340291125957833e+02
3424 6.845860796923614089e+02 3.595211555950722868e+02
3425 6.844233735849603590e+02 3.594084087392599258e+02
3426 6.842607694911334875e+02 3.592957883545443565e+02
3427 6.840982672645238836e+02 3.591832942507263056e+02
3428 6.839358667590541927e+02 3.590709262380214568e+02
3429 6.837735678289257066e+02 3.589586841270576087e+02
3430 6.836113703286176815e+02 3.588465677288759252e+02
3431 6.834492741128868829e+02 3.587345768549272407e+02
3432 6.832872790367662219e+02 3.586227113170719463e+02
3433 6.831253849555653233e+02 3.585109709275797627e+02
3434 6.829635917248683654e+02 3.583993554991266706e+02
3435 6.828018992005341943e+02 3.582878648447952514e+02
3436 6.826403072386954136e+02 3.581764987780728120e+02
3437 6.824788156957579304e+02 3.580652571128503041e+02
3438 6.823174244284000451e+02 3.579541396634216994e+02
3439 6.821561332935717701e+02 3.578431462444817157e+02
3440 6.819949421484939194e+02 3.577322766711260442e+02
3441 6.818338508506581093e+02 3.576215307588489054e+02
3442 6.816728592578253938e+02 3.575109083235428784e+02
3443 6.815119672280262648e+02 3.574004091814975368e+02
3444 6.813511746195587193e+02 3.572900331493974591e+02
3445 6.811904812909891689e+02 3.571797800443223423e+02
3446 6.810298871011505071e+02 3.570696496837458085e+02
3447 6.808693919091426778e+02 3.569596418855329034e+02
3448 6.807089955743302880e+02 3.568497564679401535e+02
3449 6.805486979563436307e+02 3.567399932496147130e+02
3450 6.803884989150770934e+02 3.566303520495919201e+02
3451 6.802283983106888172e+02 3.565208326872955809e+02
3452 6.800683960035999007e+02 3.564114349825360932e+02
3453 6.799084918544938319e+02 3.563021587555094243e+02
3454 6.797486857243153509e+02 3.561930038267959731e+02
3455 6.795889774742709051e+02 3.560839700173602864e+02
3456 6.794293669658271710e+02 3.559750571485482737e+02
3457 6.792698540683462625e+02 3.558656380081000634e+02
3458 6.791104412982186886e+02 3.557484483781646531e+02
3459 6.789511330004065712e+02 3.556326505391002115e+02
3460 6.787919283767586194e+02 3.555169805945715780e+02
3461 6.786328272790906340e+02 3.554014383604753675e+02
3462 6.784738295594945612e+02 3.552860236531024611e+02
3463 6.783149350703383789e+02 3.551707362891359026e+02
3464 6.781561436642645049e+02 3.550555760856507845e+02
3465 6.779974551941900245e+02 3.549405428601124299e+02
3466 6.778388695133054398e+02 3.548256364303750274e+02
3467 6.776803864750742150e+02 3.547108566146812905e+02
3468 6.775220059396546048e+02 3.545960650174066586e+02
3469 6.773637280197683594e+02 3.544808744081769305e+02
3470 6.772055528962780500e+02 3.543658114302291438e+02
3471 6.770474804219580847e+02 3.542508759015510691e+02
3472 6.768895104498545834e+02 3.541360676405109302e+02
3473 6.767316428332874239e+02 3.540213864658570060e+02
3474 6.765738774258475132e+02 3.539068321967152428e+02
3475 6.764162140813971291e+02 3.537924046525898802e+02
3476 6.762586526540688965e+02 3.536781036533614611e+02
3477 6.761011929982649917e+02 3.535639290192847852e+02
3478 6.759438349686573702e+02 3.534498805709905582e+02
3479 6.757865784201857196e+02 3.533359581294806731e+02
3480 6.756294232080579150e+02 3.532221615161311661e+02
3481 6.754723691877492229e+02 3.531084905526874991e+02
3482 6.753154162150004822e+02 3.529949450612662645e+02
3483 6.751585641458191276e+02 3.528815248643521159e+02
3484 6.750018128364780523e+02 3.527682297847978248e+02
3485 6.748451621435136758e+02 3.526550596458237123e+02
3486 6.746886119237271942e+02 3.525420142710149207e+02
3487 6.745321620341828748e+02 3.524290934843218110e+02
3488 6.743758123322072606e+02 3.523162971100585992e+02
3489 6.742195626753890565e+02 3.522036249729019914e+02
3490 6.740634129215783332e+02 3.520910768978903889e+02
3491 6.739073629288858456e+02 3.519786527104230345e+02
3492 6.737514125556828049e+02 3.518663522362586491e+02
3493 6.735955616605988325e+02 3.517541753015144081e+02
3494 6.734398100947655621e+02 3.516426124825254647e+02
3495 6.732841557772935630e+02 3.515375518277538731e+02
3496 6.731285944381955915e+02 3.514326027955009408e+02
3497 6.729731259509601387e+02 3.513277652312544888e+02
3498 6.728177501893005683e+02 3.512230389808166251e+02
3499 6.726624670271554578e+02 3.511184238903034043e+02
3500 6.725072763386862107e+02 3.510139198061439743e+02
3501 6.723521779982788757e+02 3.509095265750796671e+02
3502 6.721971718805415321e+02 3.508052440441628050e+02
3503 6.720422578603049715e+02 3.507010720607562462e+02
3504 6.718874358126219022e+02 3.505970104725325314e+02
3505 6.717327056127662672e+02 3.504930591274722929e+02
3506 6.715780671362331304e+02 3.503892178738646521e+02
3507 6.714235202587369713e+02 3.502854865603054009e+02
3508 6.712690648562132765e+02 3.501818650356961484e+02
3509 6.711147008048158114e+02 3.500783531492439238e+02
3510 6.709604279809174159e+02 3.499749507504600388e+02
3511 6.708062462611092087e+02 3.498716576891589511e+02
3512 6.706521555222000188e+02 3.497684738154590036e+02
3513 6.704981556412155896e+02 3.496653989797787858e+02
3514 6.703442464953984654e+02 3.495624330328387828e+02
3515 6.701904279622075364e+02 3.494595758256592717e+02
3516 6.700366999193175843e+02 3.493568272095601515e+02
3517 6.698830622446175767e+02 3.492541870361595215e+02
3518 6.697295148162121450e+02 3.491516551573731704e+02
3519 6.695760575124196521e+02 3.490492314254134385e+02
3520 6.694226902117718510e+02 3.489469156927888775e+02
3521 6.692694127930144532e+02 3.488447078123037386e+02
3522 6.691162251351046280e+02 3.487426076370554711e+02
3523 6.689631271172125935e+02 3.486406150204358028e+02
3524 6.688101186187200256e+02 3.485387298161288641e+02
3525 6.686571995192194890e+02 3.484369518781110173e+02
3526 6.685043696985145516e+02 3.483352810606491516e+02
3527 6.683516290366187604e+02 3.482337172183010807e+02
3528 6.681989774137554150e+02 3.481322602059136102e+02
3529 6.680464147103567711e+02 3.480309098786218556e+02
3530 6.678939407919826863e+02 3.479301060405722978e+02
3531 6.677415545686717451e+02 3.478317785200752041e+02
3532 6.675892544478211903e+02 3.477335528855527969e+02
3533 6.674370403159260832e+02 3.476354289965818225e+02
3534 6.672849120596797547e+02 3.475374067130289291e+02
3535 6.671328695659732375e+02 3.474394858950521439e+02
3536 6.669809127218956064e+02 3.473416664030984293e+02
3537 6.668290414147321599e+02 3.472439480979030577e+02
3538 6.666772555319652156e+02 3.471463308404892700e+02
3539 6.665255549612734285e+02 3.470488144921673097e+02
3540 6.663739395905303127e+02 3.469513989145335700e+02
3541 6.662224093078046963e+02 3.468540839694690021e+02
3542 6.660709640013607213e+02 3.467568695191404231e+02
3543 6.659196035596559113e+02 3.466597554259970480e+02
3544 6.657683278713423078e+02 3.465627415527721382e+02
3545 6.656171368252644243e+02 3.464658277624798188e+02
3546 6.654660303104601553e+02 3.463690139184162149e+02
3547 6.653150082161597538e+02 3.462722998841583149e+02
3548 6.651640704928305468e+02 3.461748362450347258e+02
3549 6.650132182090978858e+02 3.460757487405409165e+02
3550 6.648624522547843299e+02 3.459767665073241005e+02
3551 6.647117725135116189e+02 3.458778893979655891e+02
3552 6.645611788691068114e+02 3.457791172653532499e+02
3553 6.644106712056045581e+02 3.456804499626818483e+02
3554 6.642602494072451691e+02 3.455818873434496368e+02
3555 6.641099133584741594e+02 3.454834292614606852e+02
3556 6.639596629439425897e+02 3.453850755708218117e+02
3557 6.638094980485053611e+02 3.452868261259428664e+02
3558 6.636594185572222386e+02 3.451886807815348561e+02
3559 6.635094243553558044e+02 3.450906393926103419e+02
3560 6.633595153283719128e+02 3.449927018144812223e+02
3561 6.632096913619390079e+02 3.448948679027589606e+02
3562 6.630599523419276693e+02 3.447971375133533911e+02
3563 6.629102981544097020e+02 3.446995105024716395e+02
3564 6.627607286856585915e+02 3.446019867266178949e+02
3565 6.626112438221481398e+02 3.445045660425917617e+02
3566 6.624618434505522373e+02 3.444072483074874071e+02
3567 6.623125274577444088e+02 3.443100333786941860e+02
3568 6.621632957307976994e+02 3.442129211138943674e+02
3569 6.620141481569837651e+02 3.441159113710623956e+02
3570 6.618650846237723044e+02 3.440190040084644352e+02
3571 6.617161050188309446e+02 3.439221988846580302e+02
3572 6.615672092300247868e+02 3.438254958584901146e+02
3573 6.614183971454152697e+02 3.437288947890972963e+02
3574 6.612696686532611920e+02 3.436323955359040383e+02
3575 6.611210236420160982e+02 3.435359979586229997e+02
3576 6.609724620003295286e+02 3.434397019172532168e+02
3577 6.608239836170464514e+02 3.433435072720799326e+02
3578 6.606755883812056709e+02 3.432474138836731754e+02
3579 6.605272761820400547e+02 3.431514216128882708e+02
3580 6.603790469089769886e+02 3.430555303208628857e+02
3581 6.602309004516358755e+02 3.429597398690185059e+02
3582 6.600828366998296133e+02 3.428640501190575378e+02
3583 6.599348555435632306e+02 3.427684609329648424e+02
3584 6.597869568730329775e+02 3.426729721730046094e+02
3585 6.596391405786271207e+02 3.425775837017213803e+02
3586 6.594914065509245802e+02 3.424822953819377744e+02
3587 6.593437546806945875e+02 3.423871070767552283e+02
3588 6.591961848588965722e+02 3.422920186495520625e+02
3589 6.590486969766795937e+02 3.421970299639832547e+02
3590 6.589012909253813177e+02 3.421021408839793594e+02
3591 6.587539665965290396e+02 3.420073512737462238e+02
3592 6.586067238721099102e+02 3.419129847419799830e+02
3593 6.584595618856402552e+02 3.418207127315990306e+02
3594 6.583124793019328536e+02 3.417285385217116982e+02
3595 6.581654760154427777e+02 3.416364619714183277e+02
3596 6.580185527633126412e+02 3.415330302070937023e+02
3597 6.578717247987744940e+02 3.414076877536408006e+02
3598 6.577250045665783773e+02 3.412824818497808792e+02
3599 6.575783919098901151e+02 3.411574123274295403e+02
3600 6.574318866721488348e+02 3.410324790187631834e+02
3601 6.572854886970673078e+02 3.409076817562192900e+02
3602 6.571391978286293352e+02 3.407830203724952867e+02
3603 6.569930139110912251e+02 3.406584947005475783e+02
3604 6.568469367889804289e+02 3.405341045735922307e+02
3605 6.567009663070947454e+02 3.404098498251030378e+02
3606 6.565551023105014110e+02 3.402857302888114646e+02
3607 6.564093446445376685e+02 3.401617457987065336e+02
3608 6.562636931548098573e+02 3.400378961890335745e+02
3609 6.561181476871917084e+02 3.399141812942940533e+02
3610 6.559727080878251400e+02 3.397906009492442081e+02
3611 6.558273742031193478e+02 3.396671549888958452e+02
3612 6.556821458797496689e+02 3.395438432485152020e+02
3613 6.555370229646578082e+02 3.394206655636206165e+02
3614 6.553920053050510433e+02 3.392976217699858807e+02
3615 6.552470927484008598e+02 3.391747117036359214e+02
3616 6.551022851424438613e+02 3.390519352008469696e+02
3617 6.549575823351802910e+02 3.389292920981487214e+02
3618 6.548129841748734634e+02 3.388067822323200744e+02
3619 6.546684905100489686e+02 3.386844054403908899e+02
3620 6.545241011894954681e+02 3.385621615596404581e+02
3621 6.543798160622627620e+02 3.384400504275976687e+02
3622 6.542356349776616753e+02 3.383180718820401012e+02
3623 6.540915577852633760e+02 3.381962257609928315e+02
3624 6.539475843348992612e+02 3.380745119027287728e+02
3625 6.538037144766599340e+02 3.379529301457682777e+02
3626 6.536599480608953172e+02 3.378314803288776602e+02
3627 6.535162849382132890e+02 3.377101622910687411e+02
3628 6.533727249594795694e+02 3.375889758715994162e+02
3629 6.532292679758172653e+02 3.374679209099722357e+02
3630 6.530859138386057339e+02 3.373469972459343467e+02
3631 6.529426614514757148e+02 3.372310825678266610e+02
3632 6.527995072904038807e+02 3.371157447150121698e+02
3633 6.526564510162986608e+02 3.370005303091209043e+02
3634 6.525134924909702931e+02 3.368854392015368262e+02
3635 6.523706315764613919e+02 3.367704712438609818e+02
3636 6.522278681350485385e+02 3.366556262879111046e+02
3637 6.520852020292396674e+02 3.365409041857225816e+02
3638 6.519426331217755433e+02 3.364263047895450427e+02
3639 6.518001612756278291e+02 3.363118279518443501e+02
3640 6.516577901814080178e+02 3.361754185232945247e+02
3641 6.515155364034470722e+02 3.360343177182303975e+02
3642 6.513734019913966904e+02 3.358933877133194983e+02
3643 6.512313867507593841e+02 3.357526282867816576e+02
3644 6.510894904874068061e+02 3.356120392171184790e+02
3645 6.509477130075786135e+02 3.354716202831118608e+02
3646 6.508060541178821268e+02 3.353313712638260995e+02
3647 6.506645136252923294e+02 3.351912919386047633e+02
3648 6.505230913371486849e+02 3.350513820870730228e+02
3649 6.503817870611570697e+02 3.349116414891345244e+02
3650 6.502406006053882948e+02 3.347720699249740051e+02
3651 6.500995317782753773e+02 3.346326671750551327e+02
3652 6.499585803886158146e+02 3.344934330201201647e+02
3653 6.498177462455685145e+02 3.343543672411911416e+02
3654 6.496770291586541362e+02 3.342154696195670454e+02
3655 6.495364289377544083e+02 3.340767399368264705e+02
3656 6.493959453931104235e+02 3.339381779748250096e+02
3657 6.492555783353229799e+02 3.337997835156960491e+02
3658 6.491153275753508751e+02 3.336615563418500869e+02
3659 6.489751929245115889e+02 3.335234962359742212e+02
3660 6.488351741944783271e+02 3.333856029810323776e+02
3661 6.486952711972812722e+02 3.332478763602649110e+02
3662 6.485554837453064465e+02 3.331103161571879809e+02
3663 6.484158112008360604e+02 3.329767142355767646e+02
3664 6.482762484899179753e+02 3.328519320597093838e+02
3665 6.481367903387374554e+02 3.327273026007379713e+02
3666 6.479974365802194143e+02 3.326028256571987072e+02
3667 6.478581870476016320e+02 3.324785010278773711e+02
3668 6.477190415744330494e+02 3.323543285118099107e+02
3669 6.475799999945741092e+02 3.322303079082830095e+02
3670 6.474410621421952783e+02 3.321064390168318141e+02
3671 6.473022278517771610e+02 3.319827216372411840e+02
3672 6.471634969581093628e+02 3.318591555695454645e+02
3673 6.470248692962896939e+02 3.317357406140279181e+02
3674 6.468863447017246244e+02 3.316124765712199292e+02
3675 6.467479230101275789e+02 3.314893632419014580e+02
3676 6.466096040575181405e+02 3.313664004271009844e+02
3677 6.464713876802228469e+02 3.312435879280953941e+02
3678 6.463332737148725755e+02 3.311209255464075341e+02
3679 6.461952619984036801e+02 3.309984130838098508e+02
3680 6.460573523680566268e+02 3.308760503423200703e+02
3681 6.459195446613751983e+02 3.307538371242044377e+02
3682 6.457818387162062663e+02 3.306317732319751599e+02
3683 6.456442343706988822e+02 3.305098584683909735e+02
3684 6.455067314633039359e+02 3.303880926364573725e+02
3685 6.453693298327729053e+02 3.302664755394253575e+02
3686 6.452320293181585384e+02 3.301450069807920045e+02
3687 6.450948297588124660e+02 3.300236867642999528e+02
3688 6.449577309943865657e+02 3.299025146939368369e+02
3689 6.448207328648305747e+02 3.297814905739359119e+02
3690 6.446838352103924308e+02 3.296606142087747457e+02
3691 6.445470378716178175e+02 3.295398854031759015e+02
3692 6.444103406893484589e+02 3.294193039621062553e+02
3693 6.442737435047230292e+02 3.292988696907764847e+02
3694 6.441372461591757883e+02 3.291785823946416372e+02
3695 6.440008484944353313e+02 3.290584418794002772e+02
3696 6.438645502963244098e+02 3.289391121823548474e+02
3697 6.437283506329641796e+02 3.288208893275734681e+02
3698 6.435922488331657405e+02 3.287028100787279072e+02
3699 6.434562447429489112e+02 3.285848742471348487e+02
3700 6.433203382086178408e+02 3.284670816443482408e+02
3701 6.431845290767601000e+02 3.283494320821604333e+02
3702 6.430488171942458848e+02 3.282319253726004717e+02
3703 6.429132024082284715e+02 3.281145613279344389e+02
3704 6.427776845661419429e+02 3.279973397606659660e+02
3705 6.426422635157022114e+02 3.278802604835335046e+02
3706 6.425069391049057685e+02 3.277633233095139644e+02
3707 6.423717111820292303e+02 3.276465280518181657e+02
3708 6.422365795956280863e+02 3.275298745238942502e+02
3709 6.421015441945373823e+02 3.274133625394253500e+02
3710 6.419666048278703556e+02 3.272969919123295881e+02
3711 6.418317613450176395e+02 3.271807624567602488e+02
3712 6.416970135956478316e+02 3.270646739871057207e+02
3713 6.415623614297054473e+02 3.269487263179887577e+02
3714 6.414278046974120571e+02 3.268329192642667067e+02
3715 6.412933421877625051e+02 3.267225699974397344e+02
3716 6.411589703739604147e+02 3.266125212236352695e+02
3717 6.410246890441110281e+02 3.265026103754754558e+02
3718 6.408904980543943566e+02 3.263928372625276211e+02
3719 6.407563972612622365e+02 3.262832016946097724e+02
3720 6.406223865214366242e+02 3.261737034817880954e+02
3721 6.404884656919084591e+02 3.260643424343790002e+02
3722 6.403546346299389143e+02 3.259551183629466777e+02
3723 6.402208931930572362e+02 3.258460310783040654e+02
3724 6.400872412390610862e+02 3.257370803915129613e+02
3725 6.399536786260152894e+02 3.256282661138823187e+02
3726 6.398202052122520627e+02 3.255195880569694964e+02
3727 6.396868208563699909e+02 3.254110460325791223e+02
3728 6.395535237506099975e+02 3.253161146020348156e+02
3729 6.394203014828502774e+02 3.252301502311502190e+02
3730 6.392871495928797003e+02 3.251443088732075353e+02
3731 6.391540679614363398e+02 3.250585903455912558e+02
3732 6.390210564694878030e+02 3.249729944659285934e+02
3733 6.388881149982294119e+02 3.248875210520859582e+02
3734 6.387552434290853398e+02 3.248021699221712311e+02
3735 6.386224416437074751e+02 3.247169408945317173e+02
3736 6.384897095239743976e+02 3.246318337877559088e+02
3737 6.383570469519920607e+02 3.245468484206708126e+02
3738 6.382244538100925411e+02 3.244619846123442244e+02
3739 6.380919299808338110e+02 3.243772421820829095e+02
3740 6.379594753469991701e+02 3.242926209494331147e+02
3741 6.378270897915969044e+02 3.242081207341794311e+02
3742 6.376947731978594902e+02 3.241237413563465566e+02
3743 6.375625254492439353e+02 3.240394826361965670e+02
3744 6.374303464294307560e+02 3.239553443942306217e+02
3745 6.372982358869957125e+02 3.238721892777515450e+02
3746 6.371661930443284518e+02 3.237894142687769090e+02
3747 6.370342176673650556e+02 3.237067609213975174e+02
3748 6.369023096397444306e+02 3.236242290508332644e+02
3749 6.367704688453321751e+02 3.235418184725492097e+02
3750 6.366386951682202380e+02 3.234595290022556355e+02
3751 6.365069884927253270e+02 3.233773604559077626e+02
3752 6.363753487033899319e+02 3.232953126497048402e+02
3753 6.362437756849800508e+02 3.232133854000911697e+02
3754 6.361122693224870090e+02 3.231315785237552518e+02
3755 6.359808295011252994e+02 3.230498918376297297e+02
3756 6.358494561063322408e+02 3.229683251588905932e+02
3757 6.357181490237682056e+02 3.228868783049579747e+02
3758 6.355869081393159377e+02 3.228055510934955237e+02
3759 6.354557333390796430e+02 3.227243433424098953e+02
3760 6.353246245093851030e+02 3.226432548698507503e+02
3761 6.351935815367792202e+02 3.225622854942112667e+02
3762 6.350626043080289946e+02 3.224814350341266618e+02
3763 6.349316927101216379e+02 3.224007033084745331e+02
3764 6.348008466302638908e+02 3.223200901363756543e+02
3765 6.346700659558810003e+02 3.222395953371918722e+02
3766 6.345393505746181972e+02 3.221592187305274706e+02
3767 6.344087003743377409e+02 3.220789601362282610e+02
3768 6.342781152431198279e+02 3.219988193743818670e+02
3769 6.341475950692622519e+02 3.219187962653164732e+02
3770 6.340171397412798342e+02 3.218388906296025880e+02
3771 6.338867491479034015e+02 3.217591022880503147e+02
3772 6.337564231780794444e+02 3.216794310617110000e+02
3773 6.336261617209710266e+02 3.215998767718766658e+02
3774 6.334959646659557393e+02 3.215204392400792699e+02
3775 6.333658318855995049e+02 3.214420124236984861e+02
3776 6.332357606575860700e+02 3.213723084426137575e+02
3777 6.331057458156465145e+02 3.213027140534551904e+02
3778 6.329757872589358385e+02 3.212332290665053165e+02
3779 6.328458848868202722e+02 3.211638532923655589e+02
3780 6.327160385988762528e+02 3.210945865419561187e+02
3781 6.325862482948903107e+02 3.210254286265162591e+02
3782 6.324565138748581603e+02 3.209563793576029411e+02
3783 6.323268352389850406e+02 3.208874385470912785e+02
3784 6.321972122876846925e+02 3.208186060071725478e+02
3785 6.320676449215786761e+02 3.207498815503557807e+02
3786 6.319381330414959166e+02 3.206812649894647507e+02
3787 6.318086765484732723e+02 3.206127561376410426e+02
3788 6.316792753634784958e+02 3.205439206562431309e+02
3789 6.315499300879400835e+02 3.204736988528072743e+02
3790 6.314206414588975349e+02 3.204035857672389511e+02
3791 6.312914093762750554e+02 3.203335812159857596e+02
3792 6.311622337402026233e+02 3.202636850157994672e+02
3793 6.310331144510159902e+02 3.201938969837342484e+02
3794 6.309040514092542935e+02 3.201242169371471959e+02
3795 6.307750445156614205e+02 3.200546446936980374e+02
3796 6.306460936711852128e+02 3.199851800713477701e+02
3797 6.305171987769763291e+02 3.199158228883590596e+02
3798 6.303883597343879046e+02 3.198465729632948751e+02
3799 6.302595764449763465e+02 3.197774301150194560e+02
3800 6.301308488104987191e+02 3.197083941626966634e+02
3801 6.300021767329142222e+02 3.196394649257895253e+02
3802 6.298735601143829399e+02 3.195706422240610891e+02
3803 6.297449988572651591e+02 3.195019258775720346e+02
3804 6.296164928641215965e+02 3.194333157066820377e+02
3805 6.294880420377122618e+02 3.193648115320483498e+02
3806 6.293596462809961167e+02 3.192964131746259682e+02
3807 6.292313054971314159e+02 3.192281204556657599e+02
3808 6.291030195894737744e+02 3.191599331967167359e+02
3809 6.289747884615775320e+02 3.190918512196221286e+02
3810 6.288466120171938201e+02 3.190238743465218363e+02
3811 6.287184901602710170e+02 3.189560023998506608e+02
3812 6.285904227949537244e+02 3.188882352023387625e+02
3813 6.284624098255821991e+02 3.188205725770097843e+02
3814 6.283344511566936035e+02 3.187530143471815904e+02
3815 6.282065466930184812e+02 3.186855603364655281e+02
3816 6.280786963394833720e+02 3.186182103687657445e+02
3817 6.279509000012084243e+02 3.185509642682792446e+02
3818 6.278231575835083049e+02 3.184838218594946966e+02
3819 6.276954689918900385e+02 3.184167829671931713e+02
3820 6.275678341320549407e+02 3.183498474164466074e+02
3821 6.274402529098956620e+02 3.182830150326178682e+02
3822 6.273127252314977795e+02 3.182162856413600025e+02
3823 6.271852510031376369e+02 3.181496590686163017e+02
3824 6.270578301312841631e+02 3.180831351406198451e+02
3825 6.269304625225958034e+02 3.180167136838921351e+02
3826 6.268031480839221103e+02 3.179503945252442918e+02
3827 6.266758867223022662e+02 3.178841774917746648e+02
3828 6.265486783449654240e+02 3.178180624108702546e+02
3829 6.264215228593294569e+02 3.177520491102054621e+02
3830 6.262944201730009581e+02 3.176861374177407811e+02
3831 6.261673701937749001e+02 3.176203271617247310e+02
3832 6.260403728296339523e+02 3.175546181706902757e+02
3833 6.259134279887483672e+02 3.174890102734574384e+02
3834 6.257865355794758671e+02 3.174235032991314256e+02
3835 6.256596953120078979e+02 3.173599717650126308e+02
3836 6.255329052869327597e+02 3.172982032574838058e+02
3837 6.254061645953992183e+02 3.172365294974399603e+02
3838 6.252794731521588574e+02 3.171749503266022430e+02
3839 6.251528308721341318e+02 3.171134655869510084e+02
3840 6.250262376704171174e+02 3.170520751207247940e+02
3841 6.248996934622698518e+02 3.169907787704197517e+02
3842 6.247731981631234248e+02 3.169295763787895908e+02
3843 6.246467516885783198e+02 3.168684677888451233e+02
3844 6.245203539544035038e+02 3.168074528438537527e+02
3845 6.243940048765358597e+02 3.167465313873393598e+02
3846 6.242677043710804128e+02 3.166857032630817912e+02
3847 6.241414523543096493e+02 3.166249683151163481e+02
3848 6.240152487426635162e+02 3.165643263877340132e+02
3849 6.238890934527477157e+02 3.165037773254798594e+02
3850 6.237629864013356382e+02 3.164433209731543002e+02
3851 6.236369275053660886e+02 3.163829571758113843e+02
3852 6.235109166819433995e+02 3.163226857787590802e+02
3853 6.233849538483375454e+02 3.162625066275589916e+02
3854 6.232590389219830058e+02 3.162024195680248795e+02
3855 6.231331718204800154e+02 3.161424244462245383e+02
3856 6.230073524615916085e+02 3.160825211084775788e+02
3857 6.228815807632455517e+02 3.160227094013548026e+02
3858 6.227558566435327521e+02 3.159629891716794532e+02
3859 6.226301800207079395e+02 3.159033602665258513e+02
3860 6.225045508131877341e+02 3.158438225332191109e+02
3861 6.223789689395521236e+02 3.157843758193347981e+02
3862 6.222534343185424177e+02 3.157250199726987034e+02
3863 6.221279468690624981e+02 3.156657548413863879e+02
3864 6.220025065101767723e+02 3.156065802737229546e+02
3865 6.218771131611114242e+02 3.155474961182823108e+02
3866 6.217517667412531637e+02 3.154885022238873375e+02
3867 6.216264671701486577e+02 3.154295984396091512e+02
3868 6.215012143675052130e+02 3.153707846147667624e+02
3869 6.213760082531894113e+02 3.153120605989268483e+02
3870 6.212508487472272236e+02 3.152534262419038669e+02
3871 6.211257357698035548e+02 3.151948813937582941e+02
3872 6.210006692412620168e+02 3.151364259047977043e+02
3873 6.208756490821044736e+02 3.150780596255758041e+02
3874 6.207506752129906999e+02 3.150197824068922046e+02
3875 6.206257475547380409e+02 3.149615940997916823e+02
3876 6.205008660283211839e+02 3.149034945555646914e+02
3877 6.203760305548719316e+02 3.148454836257458282e+02
3878 6.202512410556780651e+02 3.147875611621149119e+02
3879 6.201264974521842532e+02 3.147297270166947101e+02
3880 6.200017996659902337e+02 3.146719810417528151e+02
3881 6.198771476188524048e+02 3.146143230897992566e+02
3882 6.197525411105688136e+02 3.145579865588583175e+02
3883 6.196279788420301884e+02 3.145029701724401434e+02
3884 6.195034601269411496e+02 3.144480380163072937e+02
3885 6.193789848910254250e+02 3.143931899482930135e+02
3886 6.192545530601546488e+02 3.143384258264685513e+02
3887 6.191301647401660375e+02 3.142819706850943930e+02
3888 6.190058215876025542e+02 3.142239090006394235e+02
3889 6.188815243592954403e+02 3.141659327573725022e+02
3890 6.187572729792038899e+02 3.141080418145925250e+02
3891 6.186330673714356863e+02 3.140502360318295700e+02
3892 6.185089074602468600e+02 3.139925152688425101e+02
3893 6.183847931700412346e+02 3.139348793856198654e+02
3894 6.182607244253709950e+02 3.138773282423783826e+02
3895 6.181367011509348686e+02 3.138198616995645125e+02
3896 6.180127232715791479e+02 3.137624796178520228e+02
3897 6.178887907122962133e+02 3.137051818581431917e+02
3898 6.177649037816357804e+02 3.136408227835498792e+02
3899 6.176410724716715777e+02 3.135574033457847349e+02
3900 6.175173070090481815e+02 3.134740822375899256e+02
3901 6.173936072986717818e+02 3.133908593255773098e+02
3902 6.172699732456152333e+02 3.133077344765399062e+02
3903 6.171464047551183967e+02 3.132247075574509836e+02
3904 6.170229001586245658e+02 3.131540644802273619e+02
3905 6.168994490985129460e+02 3.130901176166038340e+02
3906 6.167760484423323533e+02 3.130262293050255948e+02
3907 6.166526981336547806e+02 3.129623994866496446e+02
3908 6.165293981161260035e+02 3.128986281026964775e+02
3909 6.164061483334671721e+02 3.128349150944500821e+02
3910 6.162829487294729915e+02 3.127712604032582249e+02
3911 6.161597992480136554e+02 3.127076639705319394e+02
3912 6.160366998330318893e+02 3.126441257377459237e+02
3913 6.159136504285455658e+02 3.125806456464383700e+02
3914 6.157906509786462266e+02 3.125172236382100550e+02
3915 6.156677014274993098e+02 3.124538596547256475e+02
3916 6.155448017193435817e+02 3.123905536377126850e+02
3917 6.154219517984914773e+02 3.123273055289616877e+02
3918 6.152991516093295559e+02 3.122641152703263288e+02
3919 6.151764010963166811e+02 3.122009828037230932e+02
3920 6.150537002039859544e+02 3.121379080711308802e+02
3921 6.149310488769427820e+02 3.120748910145923105e+02
3922 6.148084477009136890e+02 3.120064831514818593e+02
3923 6.146859014049467760e+02 3.119344871701708826e+02
3924 6.145634116491769419e+02 3.118625524818124291e+02
3925 6.144409783757496371e+02 3.117904507520667039e+02
3926 6.143186023027935789e+02 3.117155480450643381e+02
3927 6.141962850115928632e+02 3.116407091942284069e+02
3928 6.140740264379321616e+02 3.115659341460369092e+02
3929 6.139518265176737941e+02 3.114912228470112723e+02
3930 6.138296851867577288e+02 3.114165752437170909e+02
3931 6.137076023812026051e+02 3.113419912827633880e+02
3932 6.135855780371038009e+02 3.112674709108025581e+02
3933 6.134636120906349106e+02 3.111930140745305948e+02
3934 6.133417044780470633e+02 3.111186207206872609e+02
3935 6.132198551356688085e+02 3.110442907960555203e+02
3936 6.130980639999057757e+02 3.109700242474617085e+02
3937 6.129763310072411286e+02 3.108958210217758733e+02
3938 6.128546560942352244e+02 3.108216810659110934e+02
3939 6.127330391975244765e+02 3.107476043268241597e+02
3940 6.126114802538237427e+02 3.106735907515144390e+02
3941 6.124899791999237095e+02 3.105996402870254087e+02
3942 6.123685359726918023e+02 3.105257528804430081e+02
3943 6.122471505090721848e+02 3.104519284788967184e+02
3944 6.121258227460859871e+02 3.103781670295588810e+02
3945 6.120045526208297133e+02 3.103044684796451520e+02
3946 6.118833400704770611e+02 3.102308327764142177e+02
3947 6.117621850322775572e+02 3.101572598671675678e+02
3948 6.116410874435567848e+02 3.100837496992500064e+02
3949 6.115200472417168385e+02 3.100103022200487430e+02
3950 6.113990643642346186e+02 3.099369173769943018e+02
3951 6.112781387486635367e+02 3.098635951175600098e+02
3952 6.111572703326331748e+02 3.097903353892616565e+02
3953 6.110364590538474658e+02 3.097171381396581182e+02
3954 6.109157048500866267e+02 3.096440033163514158e+02
3955 6.107950076592062487e+02 3.095709308669851794e+02
3956 6.106743674191367290e+02 3.094979207392463536e+02
3957 6.105537840678844077e+02 3.094249728808648570e+02
3958 6.104332575435297485e+02 3.093520872396125583e+02
3959 6.103127877842289308e+02 3.092792637633043569e+02
3960 6.101923747282125987e+02 3.092065023997968751e+02
3961 6.100720183137864296e+02 3.091338030969900501e+02
3962 6.099517184793303386e+02 3.090611658028260536e+02
3963 6.098314751632997286e+02 3.089885904652892350e+02
3964 6.097112883042233307e+02 3.089160770324064060e+02
3965 6.095911578407051366e+02 3.088436254522464992e+02
3966 6.094710837114222386e+02 3.087712356729211365e+02
3967 6.093510658551276720e+02 3.086989076425839471e+02
3968 6.092311042106471177e+02 3.086266413094307950e+02
3969 6.091111987168808355e+02 3.085544366216996650e+02
3970 6.089913493128024129e+02 3.084822935276706630e+02
3971 6.088715559374601298e+02 3.084102119756661295e+02
3972 6.087518185299752531e+02 3.083381919140502987e+02
3973 6.086321370295424913e+02 3.082662332912294119e+02
3974 6.085125113754305630e+02 3.081943360556518883e+02
3975 6.083929415069812876e+02 3.081225001558080976e+02
3976 6.082734273636096987e+02 3.080507255402298483e+02
3977 6.081539688848040441e+02 3.079790121574915247e+02
3978 6.080345660101262411e+02 3.079073599562087793e+02
3979 6.079152186792100565e+02 3.078357688850392719e+02
3980 6.077959268317630404e+02 3.077642388926827834e+02
3981 6.076766904075651610e+02 3.076927699278799082e+02
3982 6.075575093464690326e+02 3.076213619394138163e+02
3983 6.074383835884001428e+02 3.075500148761090031e+02
3984 6.073193130733563976e+02 3.074787286868315732e+02
3985 6.072002977414080078e+02 3.074075033204889564e+02
3986 6.070813375326974892e+02 3.073363387260306467e+02
3987 6.069624323874394349e+02 3.072652348524472359e+02
3988 6.068435848336525851e+02 3.071774678652179205e+02
3989 6.067248066111686740e+02 3.070855938132955316e+02
3990 6.066060994193562692e+02 3.069937975484077128e+02
3991 6.064874631265481639e+02 3.069040560322225133e+02
3992 6.063688933248254216e+02 3.068274219649596830e+02
3993 6.062503827212864280e+02 3.067508498921724822e+02
3994 6.061319312532779122e+02 3.066743397634132862e+02
3995 6.060135388582216365e+02 3.065978915282807975e+02
3996 6.058952054736143964e+02 3.065215051364197620e+02
3997 6.057769310370268840e+02 3.064451805375205140e+02
3998 6.056587154861047111e+02 3.063689176813194877e+02
3999 6.055405587585678404e+02 3.062927165175987057e+02
4000 6.054224607922104724e+02 3.062165769961862907e+02
4001 6.053044215249009312e+02 3.061404990669553854e+02
4002 6.051864408945815512e+02 3.060644826798252325e+02
4003 6.050685188392687905e+02 3.059885277847603220e+02
4004 6.049506552970530038e+02 3.059126343317705619e+02
4005 6.048328502060979872e+02 3.058368022709113916e+02
4006 6.047151035046413199e+02 3.057610315522832138e+02
4007 6.045974151309945910e+02 3.056853221260319629e+02
4008 6.044797850235421492e+02 3.056096739423488771e+02
4009 6.043622131207422399e+02 3.055340869514692486e+02
4010 6.042446993611263224e+02 3.054585611036748105e+02
4011 6.041272436832983885e+02 3.053830963492912929e+02
4012 6.040098460259360991e+02 3.053076926386896162e+02
4013 6.038925063277903291e+02 3.052323499222855503e+02
4014 6.037752245276840313e+02 3.051570681505391462e+02
4015 6.036580004045993064e+02 3.050835815294519762e+02
4016 6.035408342611806347e+02 3.050012543442579727e+02
4017 6.034237313377090004e+02 3.049189826103461769e+02
4018 6.033066915745590677e+02 3.048367662906331361e+02
4019 6.031897149121687107e+02 3.047546053480752448e+02
4020 6.030728012910386724e+02 3.046724997456685742e+02
4021 6.029559506517324508e+02 3.045904494464487016e+02
4022 6.028391629348760716e+02 3.045084544134907105e+02
4023 6.027224380811582023e+02 3.044265146099086792e+02
4024 6.026057760313298104e+02 3.043446299988564192e+02
4025 6.024891767262047324e+02 3.042628005435267937e+02
4026 6.023726401066587641e+02 3.041810262071510351e+02
4027 6.022561661136298881e+02 3.040993069530004504e+02
4028 6.021397546881183871e+02 3.040176427443840339e+02
4029 6.020234057711863898e+02 3.039360335446503996e+02
4030 6.019071193039585523e+02 3.038544793171860761e+02
4031 6.017908952276210357e+02 3.037729800254167571e+02
4032 6.016747334834216190e+02 3.036915356328059943e+02
4033 6.015586340126702680e+02 3.036101461028558219e+02
4034 6.014425967567383395e+02 3.035288113991071555e+02
4035 6.013266216570586948e+02 3.034475314851378016e+02
4036 6.012107086551261546e+02 3.033663063245645048e+02
4037 6.010948576924962481e+02 3.032851358810416400e+02
4038 6.009790687107863505e+02 3.032040201182613828e+02
4039 6.008633416516751140e+02 3.031229589999541076e+02
4040 6.007476764569020133e+02 3.030419524898871373e+02
4041 6.006320730682679141e+02 3.029610005518654816e+02
4042 6.005165314276343906e+02 3.028801031497318945e+02
4043 6.004010514769240672e+02 3.027992602473663055e+02
4044 6.002856331581209588e+02 3.027184718086857629e+02
4045 6.001702764132688799e+02 3.026377377976446610e+02
4046 6.000549811844728083e+02 3.025570581782343993e+02
4047 5.999397474138983171e+02 3.024764329144832686e+02
4048 5.998245750437716879e+02 3.023958619704565081e+02
4049 5.997094640163795702e+02 3.023153453102559638e+02
4050 5.995944142740686402e+02 3.022348828980204303e+02
4051 5.994794257592461690e+02 3.021544746979249680e+02
4052 5.993644984143794545e+02 3.020741206741814153e+02
4053 5.992496321819962759e+02 3.019938207910378765e+02
4054 5.991348270046840980e+02 3.019135750127786650e+02
4055 5.990200828250905261e+02 3.018333833037243608e+02
4056 5.989053995859231918e+02 3.017532456282316957e+02
4057 5.987907772299487306e+02 3.016731619506936681e+02
4058 5.986762186523410492e+02 3.015770581763226232e+02
4059 5.985617332479603192e+02 3.014804900038294591e+02
4060 5.984473211400223818e+02 3.013840091278759701e+02
4061 5.983329822388299135e+02 3.012876154692493742e+02
4062 5.982187164548082592e+02 3.011913089488045330e+02
4063 5.981045236985069096e+02 3.010950894874638379e+02
4064 5.979904038805982509e+02 3.009989570062166422e+02
4065 5.978763569118781334e+02 3.009029114261202835e+02
4066 5.977623827032650752e+02 3.008069526682991750e+02
4067 5.976484811658000353e+02 3.007110806539446344e+02
4068 5.975346522106473230e+02 3.006152953043155662e+02
4069 5.974208957490933471e+02 3.005195965407378935e+02
4070 5.973072116925460477e+02 3.004239842846047281e+02
4071 5.971935999525361467e+02 3.003284584573761435e+02
4072 5.970800604407160108e+02 3.002330189805791747e+02
4073 5.969665930688596518e+02 3.001376657758076476e+02
4074 5.968531977488622715e+02 3.000423987647228046e+02
4075 5.967398743927403757e+02 2.999472178690518263e+02
4076 5.966266229126323424e+02 2.998521230105899917e+02
4077 5.965134432207963755e+02 2.997571141111980637e+02
4078 5.964003352296122102e+02 2.996621910928041643e+02
4079 5.962872988515797488e+02 2.995673538774026383e+02
4080 5.961743339993192876e+02 2.994726023870550193e+02
4081 5.960614405855714040e+02 2.993779365438884952e+02
4082 5.959486185231967283e+02 2.992833562700974994e+02
4083 5.958358677251757172e+02 2.991888614879427450e+02
4084 5.957231881046084254e+02 2.990944521197509971e+02
4085 5.956105795747143929e+02 2.990001280879155843e+02
4086 5.954980420488324171e+02 2.989058893148959442e+02
4087 5.953855754404204390e+02 2.988117357232181917e+02
4088 5.952731796630556573e+02 2.987176672354738116e+02
4089 5.951608546304333913e+02 2.986236837743211936e+02
4090 5.950486002563682177e+02 2.985297852624844950e+02
4091 5.949364164547923792e+02 2.984359716227534705e+02
4092 5.948243031397572622e+02 2.983422427779845520e+02
4093 5.947122602254312369e+02 2.982485986510998259e+02
4094 5.946002876261017036e+02 2.981550391650870893e+02
4095 5.944883852561729327e+02 2.980615642430000207e+02
4096 5.943765530301669742e+02 2.979681738079581805e+02
4097 5.942647908627232027e+02 2.978748677831465557e+02
4098 5.941530986685984317e+02 2.977816460918162420e+02
4099 5.940414763626658896e+02 2.976885086572836485e+02
4100 5.939299238599162436e+02 2.975954554029308383e+02
4101 5.938184410754562350e+02 2.975024862522051308e+02
4102 5.937070279245098163e+02 2.974096011286195562e+02
4103 5.935956843224165596e+02 2.973167999557528560e+02
4104 5.934844101846322246e+02 2.972240826572485162e+02
4105 5.933732054267291005e+02 2.971314491568156768e+02
4106 5.932620699643945272e+02 2.970388993782285070e+02
4107 5.931510037134320328e+02 2.969464332453267730e+02
4108 5.930400065897601962e+02 2.968540506820150426e+02
4109 5.929290785094131024e+02 2.967617516122632537e+02
4110 5.928182193885397737e+02 2.966695359601061455e+02
4111 5.927074291434040560e+02 2.965774036496437134e+02
4112 5.925967076903849602e+02 2.964853546050406408e+02
4113 5.924860549459755248e+02 2.963933887505268672e+02
4114 5.923754708267836122e+02 2.963015060103967926e+02
4115 5.922649552495312264e+02 2.962097063090099596e+02
4116 5.921545081310542855e+02 2.961179895707904279e+02
4117 5.920441293883025082e+02 2.960263557202272864e+02
4118 5.919338189383398685e+02 2.959348046818739704e+02
4119 5.918235766983433450e+02 2.958433363803484326e+02
4120 5.917134025856034896e+02 2.957519507403337116e+02
4121 5.916032965175240861e+02 2.956606476865768514e+02
4122 5.914932584116218095e+02 2.955694271438893566e+02
4123 5.913832881855266805e+02 2.954782890371475901e+02
4124 5.912733857569808151e+02 2.953872332912920342e+02
4125 5.911635510438392203e+02 2.952962598313271769e+02
4126 5.910537839640691118e+02 2.952053685823222509e+02
4127 5.909440844357502556e+02 2.951145594694104943e+02
4128 5.908344523770739443e+02 2.950238324177892650e+02
4129 5.907248877063437931e+02 2.949331873527199832e+02
4130 5.906153903419746030e+02 2.948426241995283590e+02
4131 5.905059602024932701e+02 2.947521428836038240e+02
4132 5.903965972065378764e+02 2.946617433304004408e+02
4133 5.902873012728574622e+02 2.945714254654351407e+02
4134 5.901780723203124808e+02 2.944811892142894862e+02
4135 5.900689102678737754e+02 2.943910345026086475e+02
4136 5.899598150346233751e+02 2.943009612561013455e+02
4137 5.898507865397536989e+02 2.942109694005406482e+02
4138 5.897418247025675555e+02 2.941210588617628332e+02
4139 5.896329294424776890e+02 2.940312295656675587e+02
4140 5.895241006790073470e+02 2.939414814382184886e+02
4141 5.894153383317892576e+02 2.938518144054426671e+02
4142 5.893066423205661977e+02 2.937622283934309166e+02
4143 5.891980125651904245e+02 2.936727233283370424e+02
4144 5.890894489856232212e+02 2.935832991363780025e+02
4145 5.889809515019355786e+02 2.934939557438349880e+02
4146 5.888725200343076267e+02 2.934046930770518316e+02
4147 5.887641545030276120e+02 2.933155110624355189e+02
4148 5.886558548284936023e+02 2.932264096264568138e+02
4149 5.885476209312112132e+02 2.931373886956486103e+02
4150 5.884394527317954271e+02 2.930484481966083194e+02
4151 5.883313501509688876e+02 2.929595880559949705e+02
4152 5.882233131095625822e+02 2.928708082005315987e+02
4153 5.881153415285150459e+02 2.927821085570034825e+02
4154 5.880074353288729299e+02 2.926934890522591104e+02
4155 5.878995944317908879e+02 2.926049496132099534e+02
4156 5.877918187585303258e+02 2.925164901668302377e+02
4157 5.876841082304601969e+02 2.924281106401565467e+02
4158 5.875764627690566613e+02 2.923398109602886166e+02
4159 5.874688828110893155e+02 2.922480801493200602e+02
4160 5.873613706404644290e+02 2.921555428671026107e+02
4161 5.872539265334972924e+02 2.920630933888754726e+02
4162 5.871465504040846781e+02 2.919707316297391912e+02
4163 5.870392421662479592e+02 2.918784575048721877e+02
4164 5.869320017341308358e+02 2.917862709295305308e+02
4165 5.868248290220011540e+02 2.916941718190486199e+02
4166 5.867177240142384562e+02 2.916000044988945206e+02
4167 5.866106903047115111e+02 2.914958971860441466e+02
4168 5.865037329957327756e+02 2.913918944154327164e+02
4169 5.863968519833473465e+02 2.912879960778783470e+02
4170 5.862900471637622104e+02 2.911842020643106252e+02
4171 5.861833184333465852e+02 2.910805122657695847e+02
4172 5.860766656886310102e+02 2.909769265734071269e+02
4173 5.859700888263075740e+02 2.908734448784846336e+02
4174 5.858635877432293455e+02 2.907700670723752978e+02
4175 5.857571623364099196e+02 2.906667930465617928e+02
4176 5.856508125030237579e+02 2.905636226926378640e+02
4177 5.855445381404049385e+02 2.904605559023074193e+02
4178 5.854383391460481789e+02 2.903575925673846427e+02
4179 5.853322154176075856e+02 2.902547325797934263e+02
4180 5.852261668528963128e+02 2.901519758315678814e+02
4181 5.851201933498871313e+02 2.900493222148526229e+02
4182 5.850142948067111774e+02 2.899467716219008935e+02
4183 5.849084740712937673e+02 2.898272524749440322e+02
4184 5.848027408856108877e+02 2.897069091482068757e+02
4185 5.846970954700543643e+02 2.895867124325653208e+02
4186 5.845915376813190960e+02 2.894666621426268307e+02
4187 5.844860673763690784e+02 2.893467580932207284e+02
4188 5.843806844124345616e+02 2.892270000993996177e+02
4189 5.842753886470138696e+02 2.891073879764375647e+02
4190 5.841701799378713531e+02 2.889879215398310635e+02
4191 5.840650581430372767e+02 2.888686006052977291e+02
4192 5.839600231208072501e+02 2.887494249887770934e+02
4193 5.838550747297417729e+02 2.886303945064298659e+02
4194 5.837502128027754225e+02 2.885118818408900552e+02
4195 5.836454368027093551e+02 2.883941177567426166e+02
4196 5.835407463015934582e+02 2.882765010076009844e+02
4197 5.834361411576272758e+02 2.881590314078932806e+02
4198 5.833316211987346378e+02 2.880421907088427815e+02
4199 5.832271857451418100e+02 2.879263946675528700e+02
4200 5.831228342246301963e+02 2.878107465676510515e+02
4201 5.830185664962906458e+02 2.876952462173163099e+02
4202 5.829143824194817398e+02 2.875798934249522176e+02
4203 5.828102818538294514e+02 2.874646879991841502e+02
4204 5.827062646592272586e+02 2.873496297488620712e+02
4205 5.826023306958340982e+02 2.872347184830575202e+02
4206 5.824984798240760711e+02 2.871199540110658290e+02
4207 5.823947119046436001e+02 2.870053361424037917e+02
4208 5.822910267984918846e+02 2.868908646868111418e+02
4209 5.821874243668411282e+02 2.867765394542492459e+02
4210 5.820839044711744918e+02 2.866623602549012162e+02
4211 5.819804669732387765e+02 2.865483268991726504e+02
4212 5.818771117350430586e+02 2.864344391976893007e+02
4213 5.817738386188588038e+02 2.863206969612987791e+02
4214 5.816706474872186163e+02 2.862071000010697048e+02
4215 5.815675382029163529e+02 2.860936481282909085e+02
4216 5.814645106290066678e+02 2.859803411544725691e+02
4217 5.813615646288034213e+02 2.858671788913442811e+02
4218 5.812587000658807028e+02 2.857541611508569304e+02
4219 5.811559168040703298e+02 2.856412877451800796e+02
4220 5.810532147074638942e+02 2.855285584867037869e+02
4221 5.809505936404099202e+02 2.854159731880374693e+02
4222 5.808480534675142053e+02 2.853035316620095045e+02
4223 5.807455940536395929e+02 2.851912337216680839e+02
4224 5.806432152639050628e+02 2.850790791802792228e+02
4225 5.805409169636857314e+02 2.849670678513285225e+02
4226 5.804386990186106914e+02 2.848551995485195221e+02
4227 5.803365612945650582e+02 2.847434740857740962e+02
4228 5.802345036576874691e+02 2.846318912772322847e+02
4229 5.801325259743701963e+02 2.845204509372521215e+02
4230 5.800306281112588067e+02 2.844091528804088398e+02
4231 5.799288099352511381e+02 2.842979969214950984e+02
4232 5.798270713134974130e+02 2.841869828755213234e+02
4233 5.797254121133996705e+02 2.840761105577144576e+02
4234 5.796238322026097194e+02 2.839653797835183582e+02
4235 5.795223314490317534e+02 2.838547903685935125e+02
4236 5.794209097208187131e+02 2.837443421288166974e+02
4237 5.793195668863735364e+02 2.836340348802811491e+02
4238 5.792183028143476804e+02 2.835238684392958248e+02
4239 5.791171173736415767e+02 2.834138426223851752e+02
4240 5.790160094884333830e+02 2.833137720739263159e+02
4241 5.789149706769428576e+02 2.832221873181469505e+02
4242 5.788139971672699176e+02 2.831306981687943107e+02
4243 5.787130888701694857e+02 2.830393045244372274e+02
4244 5.786122456965345009e+02 2.829480062837420746e+02
4245 5.785114675573960312e+02 2.828568033454727697e+02
4246 5.784107543639230471e+02 2.827656956084910576e+02
4247 5.783101060274221936e+02 2.826746829717556579e+02
4248 5.782095224593369949e+02 2.825837653343236298e+02
4249 5.781090035712492181e+02 2.824929425953490068e+02
4250 5.780085492748764864e+02 2.824022146540829112e+02
4251 5.779081594820737564e+02 2.823115814098737815e+02
4252 5.778078341048317270e+02 2.822210427621673716e+02
4253 5.777075730552780897e+02 2.821305986105067518e+02
4254 5.776073762456766190e+02 2.820402488545313417e+02
4255 5.775072435884258084e+02 2.819499933939780476e+02
4256 5.774071749960608031e+02 2.818598321286803525e+02
4257 5.773071703812516944e+02 2.817697649585686008e+02
4258 5.772072296568030652e+02 2.816797917836699980e+02
4259 5.771073527356556951e+02 2.815899125041084403e+02
4260 5.770075395308837187e+02 2.815001270201037187e+02
4261 5.769077899556968987e+02 2.814104352319729401e+02
4262 5.768081039234377840e+02 2.813208370401295042e+02
4263 5.767084813475837564e+02 2.812313323450824782e+02
4264 5.766089221417458930e+02 2.811419210474379611e+02
4265 5.765094262196689670e+02 2.810526030478980033e+02
4266 5.764099934355338064e+02 2.809642747721084675e+02
4267 5.763106227673187050e+02 2.808775253329317820e+02
4268 5.762113134403001595e+02 2.807908701658496398e+02
4269 5.761120653689102937e+02 2.807043091648849327e+02
4270 5.760128784677183376e+02 2.806178422241663952e+02
4271 5.759137526514290357e+02 2.805314692379266148e+02
4272 5.758146878348838982e+02 2.804451901005027707e+02
4273 5.757156839330599496e+02 2.803590047063375437e+02
4274 5.756167408610695020e+02 2.802729129499774672e+02
4275 5.755178585341611779e+02 2.801869147260736099e+02
4276 5.754190368677178640e+02 2.801010099293818030e+02
4277 5.753202757772579616e+02 2.800151984547621851e+02
4278 5.752215751784344775e+02 2.799294801971789184e+02
4279 5.751229349870344549e+02 2.798438550517003023e+02
4280 5.750243551189796563e+02 2.797583229134992280e+02
4281 5.749258354903256532e+02 2.796728836778523259e+02
4282 5.748273760172619404e+02 2.795875372401402501e+02
4283 5.747289766161113675e+02 2.795022834958475642e+02
4284 5.746306372033303660e+02 2.794171223405629689e+02
4285 5.745323576955079261e+02 2.793320536699788477e+02
4286 5.744341380093667340e+02 2.792470773798908681e+02
4287 5.743359780617614661e+02 2.791621933661990056e+02
4288 5.742378777696796988e+02 2.790774015249063496e+02
4289 5.741398370502403168e+02 2.789927017521197286e+02
4290 5.740418558206953321e+02 2.789080939440496536e+02
4291 5.739439339984277240e+02 2.788235779970094086e+02
4292 5.738460715009523483e+02 2.787391538074158461e+02
4293 5.737482682459151420e+02 2.786548212717893307e+02
4294 5.736505241510933502e+02 2.785705802867532270e+02
4295 5.735528391343948442e+02 2.784864307490335023e+02
4296 5.734552131138577806e+02 2.784023725554603175e+02
4297 5.733576460076513968e+02 2.783184056029655267e+02
4298 5.732601377340749877e+02 2.782345297885845525e+02
4299 5.731626882115573380e+02 2.781507450094558180e+02
4300 5.730652973586575172e+02 2.780670511628200074e+02
4301 5.729679650940638567e+02 2.779834481460204643e+02
4302 5.728706913365934952e+02 2.778999358565037028e+02
4303 5.727734760051935154e+02 2.778165141918182144e+02
4304 5.726763190189394663e+02 2.777331830496153771e+02
4305 5.725792202970353628e+02 2.776499423276487164e+02
4306 5.724821797588135723e+02 2.775667919237740193e+02
4307 5.723851973237350421e+02 2.774837317359499593e+02
4308 5.722882729113888445e+02 2.774007616622364480e+02
4309 5.721914064414909262e+02 2.773178816007961132e+02
4310 5.720945978338855866e+02 2.772350914498939574e+02
4311 5.719978470085439994e+02 2.771523911078959941e+02
4312 5.719011538855645540e+02 2.770697804732711234e+02
4313 5.718045183851729689e+02 2.769872594445894833e+02
4314 5.717079404277208141e+02 2.769048279205235872e+02
4315 5.716114199336867614e+02 2.768224857998469588e+02
4316 5.715149568236752202e+02 2.767402329814351560e+02
4317 5.714185510184171335e+02 2.766580693642654296e+02
4318 5.713222024387689544e+02 2.765759948474162115e+02
4319 5.712259110057128737e+02 2.764940093300677404e+02
4320 5.711296766403561378e+02 2.764121127115009813e+02
4321 5.710334992639316170e+02 2.763303048910991606e+02
4322 5.709373787977970096e+02 2.762485857683458903e+02
4323 5.708413151634341602e+02 2.761669552428263614e+02
4324 5.707453082824501962e+02 2.760854132142265485e+02
4325 5.706493580765766183e+02 2.760039595823345167e+02
4326 5.705534644676683911e+02 2.759225942470371820e+02
4327 5.704576273777046254e+02 2.758413171083244038e+02
4328 5.703618467287882368e+02 2.757601280662858017e+02
4329 5.702661224431457185e+02 2.756790270211122333e+02
4330 5.701704544431264594e+02 2.755980138730946010e+02
4331 5.700748426512033120e+02 2.755170885226252153e+02
4332 5.699792869899714560e+02 2.754362508701960337e+02
4333 5.698837873821494213e+02 2.753555008164006495e+02
4334 5.697883437505772690e+02 2.752748382619318477e+02
4335 5.696929560182179557e+02 2.751942631075834242e+02
4336 5.695976241081565377e+02 2.751137752542496173e+02
4337 5.695023479435989202e+02 2.750333746029239705e+02
4338 5.694071274478736768e+02 2.749530610547012657e+02
4339 5.693119625444304575e+02 2.748728345107754762e+02
4340 5.692168531568397611e+02 2.747926948724409613e+02
4341 5.691217992087932771e+02 2.747126420410920673e+02
4342 5.690268006241034300e+02 2.746326759182229011e+02
4343 5.689318573267032662e+02 2.745527964054269887e+02
4344 5.688369692406462264e+02 2.744730034043982414e+02
4345 5.687421362901056909e+02 2.743932968169297624e+02
4346 5.686473583993753209e+02 2.743136765449144150e+02
4347 5.685526354928682622e+02 2.742341424903443681e+02
4348 5.684579674951170318e+02 2.741546945553114938e+02
4349 5.683633543307738591e+02 2.740753326420067992e+02
4350 5.682687959246102309e+02 2.739960566527208243e+02
4351 5.681742922015158683e+02 2.739168664898429029e+02
4352 5.680798430864999773e+02 2.738377620558623562e+02
4353 5.679854485046895434e+02 2.737587432533667879e+02
4354 5.678911083813308096e+02 2.736798099850429935e+02
4355 5.677968226417872302e+02 2.736009621536772443e+02
4356 5.677025912115407209e+02 2.735221996621540939e+02
4357 5.676084140161908635e+02 2.734435224134571172e+02
4358 5.675142909814545646e+02 2.733649303106687398e+02
4359 5.674202220331662829e+02 2.732864232569699539e+02
4360 5.673262070972773472e+02 2.732080011556405452e+02
4361 5.672322460998561837e+02 2.731296639100586958e+02
4362 5.671383389670880888e+02 2.730514114237007561e+02
4363 5.670444856252744330e+02 2.729732436001422684e+02
4364 5.669506860008333433e+02 2.728951603430564319e+02
4365 5.668569400202989073e+02 2.728171615562150123e+02
4366 5.667632476103211729e+02 2.727392471434880008e+02
4367 5.666696086976661491e+02 2.726614170088430456e+02
4368 5.665760232092146680e+02 2.725836710563467022e+02
4369 5.664824910719636364e+02 2.725060091901630130e+02
4370 5.663890122130251257e+02 2.724284313145537340e+02
4371 5.662955865596253489e+02 2.723509373338789032e+02
4372 5.662022140391064795e+02 2.722735271525963867e+02
4373 5.661088945789242644e+02 2.721962006752614229e+02
4374 5.660156281066490465e+02 2.721189578065269643e+02
4375 5.659224145499657652e+02 2.720417984511438476e+02
4376 5.658292538366730469e+02 2.719647225139600550e+02
4377 5.657361458946829771e+02 2.718877298999212258e+02
4378 5.656430906520217832e+02 2.718108205140705422e+02
4379 5.655500880368290382e+02 2.717339942615482187e+02
4380 5.654571379773570925e+02 2.716572510475918421e+02
4381 5.653642385605988920e+02 2.715929451327316428e+02
4382 5.652713825290207978e+02 2.715305225142491850e+02
4383 5.651785691691778766e+02 2.714681564313852391e+02
4384 5.650857984326299857e+02 2.714058468301348626e+02
4385 5.649930702709992829e+02 2.713435936565422821e+02
4386 5.649003846359723866e+02 2.712813968567003826e+02
4387 5.648077414792990112e+02 2.712192563767512752e+02
4388 5.647151407527913989e+02 2.711571721628851037e+02
4389 5.646225824083262523e+02 2.710951441613411248e+02
4390 5.645300663978420062e+02 2.710331723184070825e+02
4391 5.644375926733408733e+02 2.709712565804197197e+02
4392 5.643451611868877080e+02 2.709093968937637555e+02
4393 5.642527718906102336e+02 2.708475932048727941e+02
4394 5.641604247366989284e+02 2.707858454602290976e+02
4395 5.640681196774065711e+02 2.707241536063628473e+02
4396 5.639758566650488092e+02 2.706625175898532802e+02
4397 5.638836356520034769e+02 2.706009373573276662e+02
4398 5.637914565907111637e+02 2.705394128554615918e+02
4399 5.636993194336737361e+02 2.704779440309790743e+02
4400 5.636072241334567252e+02 2.704165308306526185e+02
4401 5.635151706426860301e+02 2.703551732013024775e+02
4402 5.634231589140512142e+02 2.702938710897974488e+02
4403 5.633311889003024362e+02 2.702326244430544193e+02
4404 5.632392605542523825e+02 2.701714332080386498e+02
4405 5.631473738287750166e+02 2.701102973317629221e+02
4406 5.630555286768064889e+02 2.700492167612885623e+02
4407 5.629637250513436584e+02 2.699881914437248156e+02
4408 5.628719629054455709e+02 2.699272213262286755e+02
4409 5.627802421922324356e+02 2.698663063560055093e+02
4410 5.626885628648859665e+02 2.698054464803082055e+02
4411 5.625969248766482451e+02 2.697446416464376853e+02
4412 5.625053283580421066e+02 2.696826671042954331e+02
4413 5.624137739833503247e+02 2.696205366836934445e+02
4414 5.623222617817738183e+02 2.695584632808041192e+02
4415 5.622307917049084836e+02 2.694964468395286303e+02
4416 5.621393637044149045e+02 2.694344873038211290e+02
4417 5.620479777320185804e+02 2.693725846176885739e+02
4418 5.619566337395093569e+02 2.693107387251904470e+02
4419 5.618653316787417680e+02 2.692489495704393789e+02
4420 5.617740715016344666e+02 2.691872170976002394e+02
4421 5.616828531601706800e+02 2.691255412508911604e+02
4422 5.615916766063977548e+02 2.690639219745824562e+02
4423 5.615005417924273843e+02 2.690023592129969074e+02
4424 5.614094486704344718e+02 2.689408529105103298e+02
4425 5.613183971926588356e+02 2.688794030115508349e+02
4426 5.612273873114037315e+02 2.688180094605984891e+02
4427 5.611364189790359660e+02 2.687566722021866212e+02
4428 5.610454921479861241e+02 2.686953911809004012e+02
4429 5.609546067707486827e+02 2.686341663413775791e+02
4430 5.608637627998807602e+02 2.685729976283079168e+02
4431 5.607729601880038217e+02 2.685118849864336994e+02
4432 5.606821988878019738e+02 2.684508283605493375e+02
4433 5.605914788520226466e+02 2.683898276955014808e+02
4434 5.605008000334761391e+02 2.683288829361884495e+02
4435 5.604101623850364149e+02 2.682679940275614854e+02
4436 5.603195658596395106e+02 2.682071609146230458e+02
4437 5.602290104102849000e+02 2.681463835424281115e+02
4438 5.601384959900343574e+02 2.680856618560837887e+02
4439 5.600480225520125259e+02 2.680249958007483428e+02
4440 5.599575900494065763e+02 2.679643853216325056e+02
4441 5.598671984354657525e+02 2.679038303639989635e+02
4442 5.597768476635022807e+02 2.678433308731615625e+02
4443 5.596865376868901194e+02 2.677828867944867852e+02
4444 5.595962684590655272e+02 2.677224980733918756e+02
4445 5.595060399335271768e+02 2.676621646553467144e+02
4446 5.594158520638350183e+02 2.676018864858719439e+02
4447 5.593257048036114156e+02 2.675416635105404453e+02
4448 5.592355981065405786e+02 2.674814956749764860e+02
4449 5.591455319263679939e+02 2.674213829248554362e+02
4450 5.590555062169014491e+02 2.673613252059049614e+02
4451 5.589655209320093263e+02 2.673013224639033183e+02
4452 5.588755760256224221e+02 2.672413746446805476e+02
4453 5.587856714517322416e+02 2.671814816941183039e+02
4454 5.586958071643917947e+02 2.671216435581491169e+02
4455 5.586059831177150272e+02 2.670618601827567318e+02
4456 5.585161992658772760e+02 2.670021315139766216e+02
4457 5.584264555631144731e+02 2.669424574978949636e+02
4458 5.583367519637242822e+02 2.668828380806496625e+02
4459 5.582470884220639391e+02 2.668232732084289296e+02
4460 5.581574648925525253e+02 2.667637628274724761e+02
4461 5.580678813296689214e+02 2.667043068840712863e+02
4462 5.579783376879530579e+02 2.666449053245671053e+02
4463 5.578888339220052330e+02 2.665855580953523258e+02
4464 5.577993699864861128e+02 2.665262651428706704e+02
4465 5.577099458361162760e+02 2.664670264136166224e+02
4466 5.576205614256772378e+02 2.664078418541356541e+02
4467 5.575312167100096303e+02 2.663487114110233733e+02
4468 5.574419116440150219e+02 2.662896350309267746e+02
4469 5.573526461826544391e+02 2.662306126605434429e+02
4470 5.572634202809487078e+02 2.661716442466217245e+02
4471 5.571742338939786805e+02 2.661127297359599311e+02
4472 5.570850869768845541e+02 2.660538690754078175e+02
4473 5.569959794848663250e+02 2.659950622118653314e+02
4474 5.569069113731834477e+02 2.659363090922826132e+02
4475 5.568178825971547212e+02 2.658776096636609623e+02
4476 5.567288931121580617e+02 2.658189638730515298e+02
4477 5.566399428736312984e+02 2.657603716675558303e+02
4478 5.565510318370702407e+02 2.657018329943261392e+02
4479 5.564621599580309521e+02 2.656433478005648112e+02
4480 5.563733271921278174e+02 2.655849160335244505e+02
4481 5.562845334950339975e+02 2.655265376405078541e+02
4482 5.561957788224822252e+02 2.654682125688680685e+02
4483 5.561070631302626452e+02 2.654099407660083330e+02
4484 5.560183863742252015e+02 2.653517221793817384e+02
4485 5.559297485102779319e+02 2.652935567564921371e+02
4486 5.558411494943871958e+02 2.652354444448923232e+02
4487 5.557525892825781284e+02 2.651773851921857954e+02
4488 5.556640678309335044e+02 2.651193789460263019e+02
4489 5.555755850955947608e+02 2.650614256541165332e+02
4490 5.554871410327615422e+02 2.650035252642098271e+02
4491 5.553987355986907914e+02 2.649456777241087480e+02
4492 5.553103687496985685e+02 2.648878829816664506e+02
4493 5.552220404421577769e+02 2.648301409847852028e+02
4494 5.551337506324996411e+02 2.647724516814170101e+02
4495 5.550454992772125706e+02 2.647148150195639573e+02
4496 5.549572863328430685e+02 2.646572309472771281e+02
4497 5.548691117559948225e+02 2.645996994126578556e+02
4498 5.547809755033293868e+02 2.645422203638565861e+02
4499 5.546928775315651592e+02 2.644847937490733329e+02
4500 5.546048177974779492e+02 2.644274195165577339e+02
4501 5.545167962579009782e+02 2.643700976146088806e+02
4502 5.544288128697243110e+02 2.643128279915750909e+02
4503 5.543408675898951969e+02 2.642556105958539092e+02
4504 5.542529603754176151e+02 2.641984453758925042e+02
4505 5.541650911833527289e+02 2.641413322801873846e+02
4506 5.540772599708179769e+02 2.640842712572837172e+02
4507 5.539894666949878683e+02 2.640272622557765771e+02
4508 5.539017113130936423e+02 2.639703052243096408e+02
4509 5.538139937824224717e+02 2.639134001115760952e+02
4510 5.537263140603186002e+02 2.638565468663178990e+02
4511 5.536386721041819783e+02 2.637997454373260666e+02
4512 5.535510670791037455e+02 2.637488021350317240e+02
4513 5.534634954987129731e+02 2.636991682369448995e+02
4514 5.533759568679386120e+02 2.636495847372314074e+02
4515 5.532884511471341966e+02 2.636000515800436119e+02
4516 5.532009782967086267e+02 2.635505687095942449e+02
4517 5.531135382771265085e+02 2.635011360701564058e+02
4518 5.530261310489089510e+02 2.634517536060635621e+02
4519 5.529387565726318599e+02 2.634024212617089802e+02
4520 5.528514148089274158e+02 2.633531389815464081e+02
4521 5.527641057184827105e+02 2.633039067100899615e+02
4522 5.526768292620409966e+02 2.632547243919132143e+02
4523 5.525895854003997556e+02 2.632055919716501080e+02
4524 5.525023740944128576e+02 2.631565093939942130e+02
4525 5.524151953049884014e+02 2.631074766036994674e+02
4526 5.523280489930900785e+02 2.630584935455790969e+02
4527 5.522409351197362639e+02 2.630095601645062402e+02
4528 5.521538536460003570e+02 2.629606764054139489e+02
4529 5.520668045330108953e+02 2.629118422132947899e+02
4530 5.519797877419500765e+02 2.628630575332008448e+02
4531 5.518928032340563732e+02 2.628143223102436536e+02
4532 5.518058509706211225e+02 2.627656364895945558e+02
4533 5.517189309129912544e+02 2.627170000164840076e+02
4534 5.516320430225674727e+02 2.626684128362019806e+02
4535 5.515451872608050508e+02 2.626198748940975065e+02
4536 5.514583635892136044e+02 2.625713861355793597e+02
4537 5.513715709313743218e+02 2.625306850611895584e+02
4538 5.512848046346923638e+02 2.624918223755463487e+02
4539 5.511980640190274698e+02 2.624529974435680515e+02
4540 5.511113490556367651e+02 2.624142102223339066e+02
4541 5.510246597158171653e+02 2.623754606689802245e+02
4542 5.509379959709044670e+02 2.623367487407010685e+02
4543 5.508513577922743707e+02 2.622980743947477436e+02
4544 5.507647451513414580e+02 2.622594375884291367e+02
4545 5.506781580195593051e+02 2.622208382791106942e+02
4546 5.505915963684207100e+02 2.621822764242149901e+02
4547 5.505050601694578063e+02 2.621437519812217829e+02
4548 5.504185493221623346e+02 2.621071085369431444e+02
4549 5.503320614419435515e+02 2.620764378048044136e+02
4550 5.502455937968306898e+02 2.620457988136037102e+02
4551 5.501591463635201080e+02 2.620151915254048163e+02
4552 5.500727191187399967e+02 2.619846159023204564e+02
4553 5.499863120392508335e+02 2.619540719065120697e+02
4554 5.498999251018456107e+02 2.619235595001906063e+02
4555 5.498135582833491526e+02 2.618930786456153328e+02
4556 5.497272115606186844e+02 2.618626293050947424e+02
4557 5.496408849105434911e+02 2.618322114409856454e+02
4558 5.495545783100452581e+02 2.618018250156937938e+02
4559 5.494682917360770489e+02 2.617714699916735981e+02
4560 5.493820251656243272e+02 2.617411463314274442e+02
4561 5.492957785757042757e+02 2.617108539975068879e+02
4562 5.492095519433657955e+02 2.616805929525112333e+02
4563 5.491233452456899613e+02 2.616503631590885561e+02
4564 5.490371590059673963e+02 2.616152949569789712e+02
4565 5.489509964940480131e+02 2.615779794389993071e+02
4566 5.488648585550140524e+02 2.615406993290773130e+02
4567 5.487787451620496313e+02 2.615034545897774478e+02
4568 5.486926562883737688e+02 2.614662451837082244e+02
4569 5.486065919072400447e+02 2.614290710735213565e+02
4570 5.485205519919362587e+02 2.613919322219127253e+02
4571 5.484345365157849983e+02 2.613548285916216400e+02
4572 5.483485454521432985e+02 2.613177601454307819e+02
4573 5.482625787744019590e+02 2.612807268461663170e+02
4574 5.481766364559866815e+02 2.612437286566979537e+02
4575 5.480907184703572739e+02 2.612067655399385444e+02
4576 5.480048247910074224e+02 2.611698374588444267e+02
4577 5.479189553914656017e+02 2.611329443764149119e+02
4578 5.478331102452933692e+02 2.610960862556923985e+02
4579 5.477472893260874116e+02 2.610592630597628272e+02
4580 5.476614926074777259e+02 2.610224747517546007e+02
4581 5.475757200631284149e+02 2.609857212948394931e+02
4582 5.474899716667378016e+02 2.609490026522318544e+02
4583 5.474042473920372913e+02 2.609123187871892355e+02
4584 5.473185472127927369e+02 2.608756696630115357e+02
4585 5.472328711028030739e+02 2.608390552430416847e+02
4586 5.471472190359020260e+02 2.608024754906651879e+02
4587 5.470615909859557178e+02 2.607659303693101265e+02
4588 5.469759867572513485e+02 2.607307402316149592e+02
4589 5.468904055376477800e+02 2.606953276290923327e+02
4590 5.468048481086601669e+02 2.606571120142566542e+02
4591 5.467193157565069441e+02 2.606189339451192950e+02
4592 5.466338084528808849e+02 2.605807933825377063e+02
4593 5.465483261695119381e+02 2.605426902874127109e+02
4594 5.464628688781652954e+02 2.605046246206886735e+02
4595 5.463774365506440063e+02 2.604665963433528759e+02
4596 5.462920291587865904e+02 2.604286054164360849e+02
4597 5.462066466744678337e+02 2.603906518010123250e+02
4598 5.461212890695987880e+02 2.603527354581985946e+02
4599 5.460359563161272263e+02 2.603148563491545247e+02
4600 5.459506483860363915e+02 2.602770144350835722e+02
4601 5.458653652513456791e+02 2.602392096772315426e+02
4602 5.457801068841108645e+02 2.602014420368871583e+02
4603 5.456948732564234206e+02 2.601637114753821720e+02
4604 5.456096643404107454e+02 2.601260179540909121e+02
4605 5.455244801082360482e+02 2.600883614344303396e+02
4606 5.454393205320983498e+02 2.600507418778603324e+02
4607 5.453541855842327095e+02 2.600131592458832870e+02
4608 5.452690752369095435e+02 2.599756135000438348e+02
4609 5.451839894624349654e+02 2.599381046019295809e+02
4610 5.450989282331507866e+02 2.599006325131699100e+02
4611 5.450138915214342887e+02 2.598631971954371238e+02
4612 5.449288792996981101e+02 2.598257986104454176e+02
4613 5.448438915403909277e+02 2.597884367199517328e+02
4614 5.447589282159955246e+02 2.597511114857546772e+02
4615 5.446739892990316321e+02 2.597138228696952069e+02
4616 5.445890747620528600e+02 2.596765708336563989e+02
4617 5.445041845776489708e+02 2.596393553395632807e+02
4618 5.444193187184445151e+02 2.596021763493827734e+02
4619 5.443344771570991725e+02 2.595650338251239759e+02
4620 5.442496598663076384e+02 2.595279277288375965e+02
4621 5.441648668187997373e+02 2.594908580226162371e+02
4622 5.440800979873404231e+02 2.594538246685939953e+02
4623 5.439953533447292102e+02 2.594168276289472033e+02
4624 5.439106328638006289e+02 2.593798668658932343e+02
4625 5.438259365174243385e+02 2.593429423416912414e+02
4626 5.437412642785038770e+02 2.593060540186422145e+02
4627 5.436566161199784801e+02 2.592692018590880707e+02
4628 5.435719920148216033e+02 2.592323858254125639e+02
4629 5.434873919360414902e+02 2.591956058800407163e+02
4630 5.434028158566803768e+02 2.591588619854385911e+02
4631 5.433182637498157419e+02 2.591221541041136902e+02
4632 5.432337355885592842e+02 2.590854821986150114e+02
4633 5.431492313460566947e+02 2.590488462315320817e+02
4634 5.430647509954886800e+02 2.590122461654959238e+02
4635 5.429802945100697116e+02 2.589756819631784879e+02
4636 5.428958626402456957e+02 2.589326505619383738e+02
4637 5.428114594899362828e+02 2.588872924686488091e+02
4638 5.427270859016997520e+02 2.588419772780900416e+02
4639 5.426427418424042344e+02 2.587967049505922432e+02
4640 5.425584272789571969e+02 2.587514754465171336e+02
4641 5.424741421783071473e+02 2.587062887262586059e+02
4642 5.423898865074432933e+02 2.586611447502418741e+02
4643 5.423056602333946330e+02 2.586160434789244391e+02
4644 5.422214633232307506e+02 2.585709848727950089e+02
4645 5.421372957440614755e+02 2.585259688923746921e+02
4646 5.420531574630367686e+02 2.584809954982158047e+02
4647 5.419690484473467222e+02 2.584360646509025514e+02
4648 5.418849686642219012e+02 2.583911763110509128e+02
4649 5.418009180275920471e+02 2.583481663914709543e+02
4650 5.417168937460797906e+02 2.583136353243364169e+02
4651 5.416328919210452568e+02 2.582791307375844667e+02
4652 5.415489125322690143e+02 2.582446526116884229e+02
4653 5.414649555595520951e+02 2.582102009271344514e+02
4654 5.413810209827148583e+02 2.581757756644211099e+02
4655 5.412971087815971032e+02 2.581413768040596892e+02
4656 5.412132189360579559e+02 2.581070043265739287e+02
4657 5.411293514259768926e+02 2.580726582125006985e+02
4658 5.410455062312518066e+02 2.580383384423887492e+02
4659 5.409616833318007139e+02 2.580040449968000758e+02
4660 5.408778827075612980e+02 2.579697778563087240e+02
4661 5.407941043384898876e+02 2.579355370015019275e+02
4662 5.407103482045629335e+02 2.579013224129788000e+02
4663 5.406266142857755312e+02 2.578671340713517566e+02
4664 5.405429025621432402e+02 2.578329719572450358e+02
4665 5.404592130137001504e+02 2.577988360512961776e+02
4666 5.403755456204996790e+02 2.577647263341544885e+02
4667 5.402919003626149106e+02 2.577306427864827469e+02
4668 5.402082772201380294e+02 2.576965853889552704e+02
4669 5.401246761731807737e+02 2.576625541222596212e+02
4670 5.400410972018732991e+02 2.576285489670956963e+02
4671 5.399575402863662248e+02 2.575945699041758417e+02
4672 5.398740054068285872e+02 2.575606169142247950e+02
4673 5.397904925434485222e+02 2.575266899779800838e+02
4674 5.397070016764339471e+02 2.574927890761916274e+02
4675 5.396235327860111965e+02 2.574589141896215096e+02
4676 5.395400858524266141e+02 2.574250652990450021e+02
4677 5.394566608559446195e+02 2.573912423852490292e+02
4678 5.393732577768496412e+02 2.573574454290336462e+02
4679 5.392898765954449800e+02 2.573236744112110728e+02
4680 5.392065172920522400e+02 2.572899293126058637e+02
4681 5.391231798470130343e+02 2.572562101140553636e+02
4682 5.390398642406872796e+02 2.572225167964090247e+02
4683 5.389565704534547876e+02 2.571888493405288614e+02
4684 5.388732984657134466e+02 2.571552077272892802e+02
4685 5.387900482578802439e+02 2.571215919375774206e+02
4686 5.387068198103914938e+02 2.570880019522922453e+02
4687 5.386236131037021551e+02 2.570544377523455637e+02
4688 5.385404281182863997e+02 2.570208993186615771e+02
4689 5.384572648346364758e+02 2.569873866321766513e+02
4690 5.383741232332645268e+02 2.569538996738395440e+02
4691 5.382910032947007721e+02 2.569204384246116319e+02
4692 5.382079049994946445e+02 2.568870028654665703e+02
4693 5.381248283282143348e+02 2.568535929773901785e+02
4694 5.380417732614465649e+02 2.568202087413809522e+02
4695 5.379587397797970425e+02 2.567868501384494948e+02
4696 5.378757278638903472e+02 2.567535171496188013e+02
4697 5.377927374943692485e+02 2.567202097559243157e+02
4698 5.377097686518958426e+02 2.566869279384135893e+02
4699 5.376268213171506432e+02 2.566536716781470204e+02
4700 5.375438954708326946e+02 2.566204409561964894e+02
4701 5.374609910936599135e+02 2.565872357536468940e+02
4702 5.373781081663686336e+02 2.565540560515951825e+02
4703 5.372952466697140608e+02 2.565209018311505815e+02
4704 5.372124065844700453e+02 2.564877730734345960e+02
4705 5.371295878914280593e+02 2.564546697595810087e+02
4706 5.370467905713995833e+02 2.564215918707360515e+02
4707 5.369640146052137197e+02 2.563885393880580637e+02
4708 5.368812599737181017e+02 2.563555122927176626e+02
4709 5.367985266577792345e+02 2.563225105658976304e+02
4710 5.367158146382819268e+02 2.562895341887933114e+02
4711 5.366331238961290637e+02 2.562565831426121008e+02
4712 5.365504544122427433e+02 2.562236574085733878e+02
4713 5.364678061675626850e+02 2.561907569679091807e+02
4714 5.363851791430475942e+02 2.561578818018636525e+02
4715 5.363025733196743658e+02 2.561250318916929132e+02
4716 5.362199886784378577e+02 2.560922072186655214e+02
4717 5.361374252003522543e+02 2.560594077640623709e+02
4718 5.360548828664487928e+02 2.560266335091761221e+02
4719 5.359723616577780376e+02 2.559938844353120260e+02
4720 5.358898615554085154e+02 2.559611605237873562e+02
4721 5.358073825404266017e+02 2.559284617559314654e+02
4722 5.357249245939374305e+02 2.558957881130860983e+02
4723 5.356424876970644391e+02 2.558631395766050503e+02
4724 5.355600718309489139e+02 2.558305161278542244e+02
4725 5.354776769767504447e+02 2.557979177482117734e+02
4726 5.353953031156465840e+02 2.557653444190679011e+02
4727 5.353129502288336425e+02 2.557327961218250039e+02
4728 5.352306182975257798e+02 2.557002728378976997e+02
4729 5.351483073029546631e+02 2.556677745487124014e+02
4730 5.350660172263708318e+02 2.556353012357080843e+02
4731 5.349837480490429016e+02 2.556028528803356039e+02
4732 5.349014997522568819e+02 2.555704294640579519e+02
4733 5.348192723173175409e+02 2.555380309683500855e+02
4734 5.347370657255472679e+02 2.555056573746992115e+02
4735 5.346548799582866422e+02 2.554733086646049003e+02
4736 5.345727149968938647e+02 2.554409848195780626e+02
4737 5.344905708227457808e+02 2.554086858211423419e+02
4738 5.344084474172366299e+02 2.553764116508329778e+02
4739 5.343263447617786142e+02 2.553441622901979429e+02
4740 5.342442628378021254e+02 2.553119377207964646e+02
4741 5.341622016267550634e+02 2.552797379242003899e+02
4742 5.340801611101036315e+02 2.552475628819932467e+02
4743 5.339981412693316543e+02 2.552154125757707845e+02
4744 5.339161420859411464e+02 2.551832869871408036e+02
4745 5.338341635414512893e+02 2.551511860977230981e+02
4746 5.337522056173992269e+02 2.551191098891493425e+02
4747 5.336702682953404064e+02 2.550870583430634326e+02
4748 5.335883515568478970e+02 2.550550314411210877e+02
4749 5.335064553835119341e+02 2.550230291649901062e+02
4750 5.334245797569409433e+02 2.549910514963503374e+02
4751 5.333427246587610853e+02 2.549590984168933687e+02
4752 5.332608900706162558e+02 2.549271699083231795e+02
4753 5.331790759741676311e+02 2.548952659523551176e+02
4754 5.330972823510944636e+02 2.548633865307173210e+02
4755 5.330155091830933998e+02 2.548315316251492106e+02
4756 5.329337564518787076e+02 2.547997012174020028e+02
4757 5.328520241391827312e+02 2.547678952892399877e+02
4758 5.327703122267545268e+02 2.547361138224379147e+02
4759 5.326886203209940049e+02 2.547080884379994927e+02
4760 5.326069458078158050e+02 2.546823009622641791e+02
4761 5.325252878292225205e+02 2.546565320925703872e+02
4762 5.324436463716125445e+02 2.546307818152035054e+02
4763 5.323620214213960935e+02 2.546050501164601769e+02
4764 5.322804129649962306e+02 2.545793369826481864e+02
4765 5.321988209888481833e+02 2.545536424000876252e+02
4766 5.321172454793994575e+02 2.545279663551094700e+02
4767 5.320356864231102918e+02 2.545023088340563220e+02
4768 5.319541438064528620e+02 2.544766698232822080e+02
4769 5.318726176159118495e+02 2.544510493091526939e+02
4770 5.317911078379841001e+02 2.544254472780446008e+02
4771 5.317096144591791926e+02 2.543998637163462888e+02
4772 5.316281374660186430e+02 2.543742986104576289e+02
4773 5.315466768450362451e+02 2.543487519467894629e+02
4774 5.314652325827780714e+02 2.543232237117641148e+02
4775 5.313838046658025860e+02 2.542977138918154765e+02
4776 5.313023930806804174e+02 2.542722224733886094e+02
4777 5.312209978139942450e+02 2.542467494429396595e+02
4778 5.311396188523393675e+02 2.542212947869364825e+02
4779 5.310582561823226797e+02 2.541958584918579334e+02
4780 5.309769097905639228e+02 2.541704405441941503e+02
4781 5.308955796636944342e+02 2.541450409304466120e+02
4782 5.308142657883582842e+02 2.541196596371277678e+02
4783 5.307329681512112529e+02 2.540942966507613789e+02
4784 5.306516867389211711e+02 2.540689519578827742e+02
4785 5.305704215381683753e+02 2.540436255450377701e+02
4786 5.304891725356450252e+02 2.540183173987838643e+02
4787 5.304079397180555588e+02 2.539930275056894402e+02
4788 5.303267230721164651e+02 2.539677558523342782e+02
4789 5.302455225845560562e+02 2.539425024253089020e+02
4790 5.301643382421150363e+02 2.539172672112150906e+02
4791 5.300831700315455919e+02 2.538920501966658207e+02
4792 5.300020179396128697e+02 2.538668513682847561e+02
4793 5.299208819530934989e+02 2.538416707127071845e+02
4794 5.298397620587755910e+02 2.538165082165789670e+02
4795 5.297586582434601041e+02 2.537913638665570772e+02
4796 5.296775704939598199e+02 2.537662376493095451e+02
4797 5.295964987970988886e+02 2.537411295515154563e+02
4798 5.295154431397138524e+02 2.537160395598646687e+02
4799 5.294344035086536451e+02 2.536909676610581812e+02
4800 5.293533798907777737e+02 2.536659138418077930e+02
4801 5.292723722729595011e+02 2.536408780888362458e+02
4802 5.291913806420819810e+02 2.536158603888771950e+02
4803 5.291104049850420097e+02 2.535908607286752954e+02
4804 5.290294452887474108e+02 2.535658790949860020e+02
4805 5.289485015401177179e+02 2.535409154745754847e+02
4806 5.288675737260846290e+02 2.535159698542210549e+02
4807 5.287866618335920066e+02 2.534910422207105114e+02
4808 5.287057658495945134e+02 2.534661325608429365e+02
4809 5.286248857610596588e+02 2.534412408614276160e+02
4810 5.285440215549662071e+02 2.534163671092852042e+02
4811 5.284631732183048598e+02 2.533915112912465304e+02
4812 5.283823407380781418e+02 2.533666733941538212e+02
4813 5.283015241013001742e+02 2.533418534048595632e+02
4814 5.282207232949970148e+02 2.533170513102272139e+02
4815 5.281399383062064317e+02 2.532922670971307753e+02
4816 5.280591691219774475e+02 2.532675007524550495e+02
4817 5.279784157293714770e+02 2.532427522630956673e+02
4818 5.278976781154611899e+02 2.532180216159586053e+02
4819 5.278169562673313067e+02 2.531933087979607251e+02
4820 5.277362501713353140e+02 2.531686215494153203e+02
4821 5.276555598090712920e+02 2.531439572119771242e+02
4822 5.275748851657251635e+02 2.531193105924380120e+02
4823 5.274942262284758954e+02 2.530946816779349149e+02
4824 5.274135829845132548e+02 2.530700704556155358e+02
4825 5.273329554210389460e+02 2.530454769126371275e+02
4826 5.272523435252660420e+02 2.530209010361677144e+02
4827 5.271717472844190979e+02 2.529963428133854393e+02
4828 5.270911666857339242e+02 2.529718022314782786e+02
4829 5.270106017164575860e+02 2.529472792776447818e+02
4830 5.269300523638496543e+02 2.529227739390935312e+02
4831 5.268495187007814593e+02 2.528977249007284911e+02
4832 5.267690009939923357e+02 2.528726692082878742e+02
4833 5.266884992384068482e+02 2.528476316653843412e+02
4834 5.266080134208923482e+02 2.528226122589749707e+02
4835 5.265275435283268735e+02 2.527976109760264478e+02
4836 5.264470895476013084e+02 2.527726278035160306e+02
4837 5.263666514656176787e+02 2.527476627284306971e+02
4838 5.262862292692898336e+02 2.527227157377677429e+02
4839 5.262058229455434457e+02 2.526977868185344960e+02
4840 5.261254324813153289e+02 2.526728759577483174e+02
4841 5.260450578635546890e+02 2.526479831424362885e+02
4842 5.259646990792218730e+02 2.526231083596361202e+02
4843 5.258843561152890516e+02 2.525982515963951300e+02
4844 5.258040289587397638e+02 2.525734128397706684e+02
4845 5.257237175965699407e+02 2.525485920768301753e+02
4846 5.256434220157858590e+02 2.525237892946510954e+02
4847 5.255631422034063007e+02 2.524990044803207070e+02
4848 5.254828781464617578e+02 2.524742376209362931e+02
4849 5.254026298319937496e+02 2.524494887036050272e+02
4850 5.253223972470550507e+02 2.524247577154441444e+02
4851 5.252421803787109411e+02 2.524000446435806282e+02
4852 5.251619792140379559e+02 2.523753494751514381e+02
4853 5.250817937401233166e+02 2.523506721973034246e+02
4854 5.250016239440665231e+02 2.523260127971933002e+02
4855 5.249214698129784438e+02 2.523013712619876685e+02
4856 5.248413313339818842e+02 2.522767475788629383e+02
4857 5.247612084942097681e+02 2.522521417350052957e+02
4858 5.246811012808079795e+02 2.522275537176107321e+02
4859 5.246010096809327479e+02 2.522029835138854992e+02
4860 5.245209336817525809e+02 2.521784311110448584e+02
4861 5.244408732704466729e+02 2.521538964963144167e+02
4862 5.243608284342060415e+02 2.521293796569295296e+02
4863 5.242807991602333004e+02 2.521048805801350454e+02
4864 5.242007854357417500e+02 2.520803992531857318e+02
4865 5.241207872479567413e+02 2.520559356633461334e+02
4866 5.240408045841147668e+02 2.520314897978903446e+02
4867 5.239608374314633465e+02 2.520070616441023503e+02
4868 5.238808857772620513e+02 2.519826511892757708e+02
4869 5.238009496087811385e+02 2.519582584207138325e+02
4870 5.237210289133022343e+02 2.519338833257295960e+02
4871 5.236411236781185607e+02 2.519095258916456430e+02
4872 5.235612338905347087e+02 2.518851861057942756e+02
4873 5.234813595378661830e+02 2.518608639555173170e+02
4874 5.234015006074398570e+02 2.518365594281666802e+02
4875 5.233216570865939730e+02 2.518122725111030888e+02
4876 5.232418289626780279e+02 2.517880031916974417e+02
4877 5.231620162230526603e+02 2.517637514573303008e+02
4878 5.230822188550897636e+02 2.517395172953912095e+02
4879 5.230024368461724862e+02 2.517153006932800281e+02
4880 5.229226701836951179e+02 2.516911016384057120e+02
4881 5.228429188550629760e+02 2.516669201181867948e+02
4882 5.227631828476930878e+02 2.516427561200515015e+02
4883 5.226834621490131667e+02 2.516186096314373799e+02
4884 5.226037567464621816e+02 2.515944806397916977e+02
4885 5.225240666274903560e+02 2.515703691325709883e+02
4886 5.224443917795588277e+02 2.515462750972414767e+02
4887 5.223647321901399891e+02 2.515221985212787956e+02
4888 5.222850878467173743e+02 2.514981393921679285e+02
4889 5.222054587367856584e+02 2.514740976974035505e+02
4890 5.221258448478505443e+02 2.514500734244895170e+02
4891 5.220462461674288761e+02 2.514260665609391481e+02
4892 5.219666626830481846e+02 2.514020770942755973e+02
4893 5.218870943822474828e+02 2.513781050120306304e+02
4894 5.218075412525768115e+02 2.513541503017461309e+02
4895 5.217280032815971254e+02 2.513302129509729923e+02
4896 5.216484804568802929e+02 2.513062929472717428e+02
4897 5.215689727660093240e+02 2.512823902782118353e+02
4898 5.214894801965782563e+02 2.512585049313724994e+02
4899 5.214100027361919274e+02 2.512346368943421169e+02
4900 5.213305403724664302e+02 2.512107861547184484e+02
4901 5.212510930930283166e+02 2.511869527001084634e+02
4902 5.211716608855157347e+02 2.511631365181285673e+02
4903 5.210922437375777463e+02 2.511393375964044594e+02
4904 5.210128416368736453e+02 2.511155559225709624e+02
4905 5.209334545710739803e+02 2.510917914842722496e+02
4906 5.208540825278605553e+02 2.510680442691617600e+02
4907 5.207747254949260878e+02 2.510443142649024253e+02
4908 5.206953834599733000e+02 2.510206014591659027e+02
4909 5.206160564107169648e+02 2.509969058396334844e+02
4910 5.205367443348818597e+02 2.509732273939955007e+02
4911 5.204574472202035622e+02 2.509495661099516610e+02
4912 5.203781650544295871e+02 2.509259219752105707e+02
4913 5.202988978253169989e+02 2.509022949774903850e+02
4914 5.202196455206343444e+02 2.508786851045180697e+02
4915 5.201404081281608569e+02 2.508550923440299130e+02
4916 5.200611856356865701e+02 2.508315166837714685e+02
4917 5.199819780310122042e+02 2.508079581114972711e+02
4918 5.199027853019496206e+02 2.507844166149711214e+02
4919 5.198236074363207990e+02 2.507608921819656871e+02
4920 5.197444444219590878e+02 2.507373848002629870e+02
4921 5.196652962467081807e+02 2.507138944576541633e+02
4922 5.195861628984227991e+02 2.506904211419391402e+02
4923 5.195070443649680101e+02 2.506669648409272781e+02
4924 5.194279406342203629e+02 2.506435255424367199e+02
4925 5.193488516940658428e+02 2.506201032342949020e+02
4926 5.192697775324023723e+02 2.505966979043382139e+02
4927 5.191907181371376510e+02 2.505733095404119695e+02
4928 5.191116734961908605e+02 2.505499381303705491e+02
4929 5.190326435974911874e+02 2.505265836620776270e+02
4930 5.189536284289785044e+02 2.505032461234054324e+02
4931 5.188746279786039395e+02 2.504799255022354032e+02
4932 5.187956422343281702e+02 2.504566217864580722e+02
4933 5.187166711841239248e+02 2.504333349639727260e+02
4934 5.186377148159727994e+02 2.504100650226878884e+02
4935 5.185587731178688955e+02 2.503868119505205243e+02
4936 5.184798460778150684e+02 2.503635757353973190e+02
4937 5.184009336838262243e+02 2.503403563652532569e+02
4938 5.183220359239268191e+02 2.503171538280322466e+02
4939 5.182431527861523364e+02 2.502939681116876045e+02
4940 5.181642842585488324e+02 2.502707992041810883e+02
4941 5.180854303291727092e+02 2.502476470934835788e+02
4942 5.180065909860909414e+02 2.502245117675746826e+02
4943 5.179277662173807357e+02 2.502013932144429589e+02
4944 5.178489560111304399e+02 2.501782914220859482e+02
4945 5.177701603554384064e+02 2.501552063785098028e+02
4946 5.176913792384136741e+02 2.501321380717296847e+02
4947 5.176126126481755136e+02 2.501090864897694530e+02
4948 5.175338605728538823e+02 2.500860516206620616e+02
4949 5.174551230005890829e+02 2.500630334524489626e+02
4950 5.173763999195318775e+02 2.500400319731805041e+02
4951 5.172976913178432596e+02 2.500170471709158733e+02
4952 5.172189971836952509e+02 2.499940790337230396e+02
4953 5.171403175306863886e+02 2.499705235036857118e+02
4954 5.170616530317488468e+02 2.499453309021142218e+02
4955 5.169830043852580275e+02 2.499201581923583433e+02
4956 5.169043715771018697e+02 2.498950053587487616e+02
4957 5.168257545931811592e+02 2.498698723856287813e+02
4958 5.167471534194104379e+02 2.498447592573541272e+02
4959 5.166685680417186859e+02 2.498196659582928305e+02
4960 5.165899984460475025e+02 2.497945924728257410e+02
4961 5.165114446183523569e+02 2.497695387853456737e+02
4962 5.164329065446028153e+02 2.497445048802582903e+02
4963 5.163543842107809496e+02 2.497194907419813319e+02
4964 5.162758776028831562e+02 2.496944963549449881e+02
4965 5.161973867069197013e+02 2.496695217035920109e+02
4966 5.161189115089131292e+02 2.496445667723773170e+02
4967 5.160404519949003088e+02 2.496196315457681578e+02
4968 5.159620081509315241e+02 2.495947160082441769e+02
4969 5.158835799630704742e+02 2.495698201442975233e+02
4970 5.158051674173942729e+02 2.495449439384323682e+02
4971 5.157267704999933358e+02 2.495200873751651613e+02
4972 5.156483891969718343e+02 2.494952504390249146e+02
4973 5.155700234944469003e+02 2.494704331145526908e+02
4974 5.154916733785493079e+02 2.494456353863017739e+02
4975 5.154133388354232466e+02 2.494208572388379821e+02
4976 5.153350198512262068e+02 2.493960986567389000e+02
4977 5.152567164121290944e+02 2.493713596245948452e+02
4978 5.151784285043158889e+02 2.493466401270079302e+02
4979 5.151001561139842124e+02 2.493219401485926596e+02
4980 5.150218992273445338e+02 2.492972607197214359e+02
4981 5.149436577399317230e+02 2.492731733898932305e+02
4982 5.148654313686778323e+02 2.492491052029565708e+02
4983 5.147872201001110852e+02 2.492250561431822291e+02
4984 5.147090239207730065e+02 2.492010261948547623e+02
4985 5.146308428172188769e+02 2.491770153422722842e+02
4986 5.145526767760163693e+02 2.491530235697466082e+02
4987 5.144745257837473673e+02 2.491290508616036732e+02
4988 5.143963898270066011e+02 2.491050972021825487e+02
4989 5.143182688924021022e+02 2.490811625758364301e+02
4990 5.142401629665553173e+02 2.490572469669320128e+02
4991 5.141620720361005397e+02 2.490333503598497487e+02
4992 5.140839960876860459e+02 2.490094727389833622e+02
4993 5.140059351079725047e+02 2.489856140887406752e+02
4994 5.139278890836342271e+02 2.489617743935429530e+02
4995 5.138498580013585979e+02 2.489379536378249611e+02
4996 5.137718418478459625e+02 2.489141518060350222e+02
4997 5.136938406098104224e+02 2.488903688826351868e+02
4998 5.136158542739784707e+02 2.488666048521010055e+02
4999 5.135378828270904705e+02 2.488428596989212451e+02
5000 5.134599262558991768e+02 2.488191334075986276e+02
5001 5.133819845471709868e+02 2.487954259626491762e+02
5002 5.133040576876848036e+02 2.487717373486022154e+02
5003 5.132261456642331723e+02 2.487480675500009113e+02
5004 5.131482484636217123e+02 2.487244165514014753e+02
5005 5.130703660726683211e+02 2.487007843373737614e+02
5006 5.129924984782045385e+02 2.486771708925009534e+02
5007 5.129146456670748648e+02 2.486535762013797637e+02
5008 5.128368076261367605e+02 2.486300002486202345e+02
5009 5.127589843422604190e+02 2.486064430188455390e+02
5010 5.126811758023292214e+02 2.485829044966925778e+02
5011 5.126033822246896534e+02 2.485565357446554628e+02
5012 5.125256057744645659e+02 2.485275523216818954e+02
5013 5.124478474578435225e+02 2.484985971347037434e+02
5014 5.123701072550516074e+02 2.484696701415111306e+02
5015 5.122923851463465326e+02 2.484407713000022397e+02
5016 5.122146811120188659e+02 2.484119005681844783e+02
5017 5.121369951323910072e+02 2.483830579041730573e+02
5018 5.120593271878178712e+02 2.483542432661911619e+02
5019 5.119816772586870570e+02 2.483254566125695249e+02
5020 5.119040453254174849e+02 2.482966979017458016e+02
5021 5.118264313684607600e+02 2.482679670922645698e+02
5022 5.117488353683001492e+02 2.482392641427766478e+02
5023 5.116712573054510926e+02 2.482105890120386391e+02
5024 5.115936971604602377e+02 2.481819416589132175e+02
5025 5.115161549139065187e+02 2.481533220423676767e+02
5026 5.114386305464003044e+02 2.481247301214749541e+02
5027 5.113611240385835117e+02 2.480961658554118969e+02
5028 5.112836353711293782e+02 2.480676292034597452e+02
5029 5.112061645247429169e+02 2.480391201250034783e+02
5030 5.111287114801599500e+02 2.480106385795314452e+02
5031 5.110512762181478479e+02 2.479821845266351943e+02
5032 5.109738587195050172e+02 2.479537579260088762e+02
5033 5.108964589650609014e+02 2.479253587374492724e+02
5034 5.108190769356758096e+02 2.478969869208546584e+02
5035 5.107417126122412014e+02 2.478686424362257128e+02
5036 5.106643659756791749e+02 2.478403252436634432e+02
5037 5.105870370069426940e+02 2.478120353033707772e+02
5038 5.105097256870150773e+02 2.477837725756506586e+02
5039 5.104324319969106227e+02 2.477555370209065018e+02
5040 5.103551559176737555e+02 2.477273285996415382e+02
5041 5.102778974303794826e+02 2.476991472724588164e+02
5042 5.102006565161331082e+02 2.476709930000600934e+02
5043 5.101234331560703481e+02 2.476428657432465172e+02
5044 5.100462273313569312e+02 2.476147654629176316e+02
5045 5.099690390231885431e+02 2.475866921200710067e+02
5046 5.098918682127912803e+02 2.475586456758022962e+02
5047 5.098147148814210254e+02 2.475306260913046685e+02
5048 5.097375790103630493e+02 2.475026333278682955e+02
5049 5.096604605809330906e+02 2.474746673468800680e+02
5050 5.095833595744765603e+02 2.474467281098239653e+02
5051 5.095062759723679164e+02 2.474188155782800038e+02
5052 5.094292098458289502e+02 2.473898005009062047e+02
5053 5.093521620442747917e+02 2.473597313151845185e+02
5054 5.092751329673482701e+02 2.473296908492403361e+02
5055 5.091981225948946417e+02 2.472996790643622091e+02
5056 5.091211309067894035e+02 2.472696959219285873e+02
5057 5.090441578829388050e+02 2.472397413834067095e+02
5058 5.089672035032799613e+02 2.472098154103539400e+02
5059 5.088902677477795464e+02 2.471799179644154663e+02
5060 5.088133505964348728e+02 2.471500490073254070e+02
5061 5.087364520292741759e+02 2.471202085009062159e+02
5062 5.086595720263547378e+02 2.470903964070679137e+02
5063 5.085827105677646500e+02 2.470606126878082875e+02
5064 5.085058676336219037e+02 2.470308573052122370e+02
5065 5.084290432040742758e+02 2.470011302214524562e+02
5066 5.083522372592997272e+02 2.469714313987871606e+02
5067 5.082754497795056068e+02 2.469417607995621893e+02
5068 5.081986807449292769e+02 2.469121183862084195e+02
5069 5.081219301358376583e+02 2.468825041212435565e+02
5070 5.080451979325276284e+02 2.468529179672704288e+02
5071 5.079684841153248840e+02 2.468233598869772720e+02
5072 5.078917886645851354e+02 2.467938298431372175e+02
5073 5.078151115606931967e+02 2.467643277986083490e+02
5074 5.077384527840634405e+02 2.467348537163329354e+02
5075 5.076618123151393434e+02 2.467054075593376865e+02
5076 5.075851901343934287e+02 2.466759892907329572e+02
5077 5.075085862223277786e+02 2.466465988737130033e+02
5078 5.074320005594728968e+02 2.466172362715547877e+02
5079 5.073554331263886752e+02 2.465879014476194300e+02
5080 5.072788839036638819e+02 2.465585943653497054e+02
5081 5.072023528719158207e+02 2.465293149882716079e+02
5082 5.071258400117908991e+02 2.465000632799928439e+02
5083 5.070493453039641167e+02 2.464708392042037133e+02
5084 5.069728687291391225e+02 2.464416427246757166e+02
5085 5.068964102680480437e+02 2.464124738052620387e+02
5086 5.068199699014514295e+02 2.463833324098966386e+02
5087 5.067435476101385916e+02 2.463542185025947049e+02
5088 5.066671433749267521e+02 2.463251320474521435e+02
5089 5.065907571766619526e+02 2.462960730086446404e+02
5090 5.065143889962181447e+02 2.462670413504287126e+02
5091 5.064380388144972471e+02 2.462380370371401739e+02
5092 5.063617066124298844e+02 2.462090600331945041e+02
5093 5.062853922042819477e+02 2.461813871839651995e+02
5094 5.062090948780913209e+02 2.461539799807794395e+02
5095 5.061328145355994934e+02 2.461265991361746046e+02
5096 5.060565511585861032e+02 2.460992446143336849e+02
5097 5.059803047288588687e+02 2.460719163795210704e+02
5098 5.059040752282531912e+02 2.460446143960834320e+02
5099 5.058278626386314158e+02 2.460173386284477601e+02
5100 5.057516669418837409e+02 2.459900890411229284e+02
5101 5.056754881199275928e+02 2.459628655986979027e+02
5102 5.055993261547079101e+02 2.459356682658425655e+02
5103 5.055231810281968592e+02 2.459084970073070906e+02
5104 5.054470527223930958e+02 2.458813517879211190e+02
5105 5.053709412193232993e+02 2.458542325725945261e+02
5106 5.052948465010406949e+02 2.458271393263160860e+02
5107 5.052187685496257359e+02 2.458000720141543525e+02
5108 5.051427073471853646e+02 2.457730306012560959e+02
5109 5.050666628758542060e+02 2.457460150528474685e+02
5110 5.049906351177925217e+02 2.457190253342323274e+02
5111 5.049146240551884262e+02 2.456920614107932010e+02
5112 5.048386296702561253e+02 2.456651232479902092e+02
5113 5.047626519452363141e+02 2.456382108113612333e+02
5114 5.046866908623966879e+02 2.456113240665212629e+02
5115 5.046107464040308059e+02 2.455844629791628222e+02
5116 5.045348185524592850e+02 2.455576275150548895e+02
5117 5.044589072900288329e+02 2.455308176400432671e+02
5118 5.043830125991123055e+02 2.455040333200501834e+02
5119 5.043071344621091612e+02 2.454772745210738094e+02
5120 5.042312728614443813e+02 2.454505412091881738e+02
5121 5.041554277795697203e+02 2.454238333505431342e+02
5122 5.040795991989628533e+02 2.453971509113634966e+02
5123 5.040037871021269780e+02 2.453704938579495547e+02
5124 5.039279914715917243e+02 2.453438621566765221e+02
5125 5.038522122899127567e+02 2.453172557739941340e+02
5126 5.037764495396705229e+02 2.452906746764258799e+02
5127 5.037007032034725853e+02 2.452641188305706237e+02
5128 5.036249732639512331e+02 2.452375882031002448e+02
5129 5.035492597037647329e+02 2.452110827607603767e+02
5130 5.034735625055967034e+02 2.451846024703704074e+02
5131 5.033978816521568547e+02 2.451581472988226551e+02
5132 5.033222171261796802e+02 2.451317172130824531e+02
5133 5.032465689104253102e+02 2.451053121801876955e+02
5134 5.031709369876793403e+02 2.450789321672488654e+02
5135 5.030953213407524345e+02 2.450525771414488929e+02
5136 5.030197219524806655e+02 2.450262470700424444e+02
5137 5.029441388057251743e+02 2.449999419203558091e+02
5138 5.028685718833721694e+02 2.449736616597871262e+02
5139 5.027930211683330413e+02 2.449474062558056460e+02
5140 5.027174866435440777e+02 2.449211756759520142e+02
5141 5.026419682919664069e+02 2.448949698878371635e+02
5142 5.025664660965861685e+02 2.448687888591430806e+02
5143 5.024909800404144562e+02 2.448426325576218971e+02
5144 5.024155101064866926e+02 2.448165009510960886e+02
5145 5.023400562778635958e+02 2.447903940074578202e+02
5146 5.022646185376298718e+02 2.447643116946690327e+02
5147 5.021891968688955217e+02 2.447382539807614705e+02
5148 5.021137912547945348e+02 2.447122208338355449e+02
5149 5.020384016784855135e+02 2.446862122220612150e+02
5150 5.019630281231516165e+02 2.446602281136769363e+02
5151 5.018876705720002747e+02 2.446342684769897744e+02
5152 5.018123290082634753e+02 2.446083332803754899e+02
5153 5.017370034151972504e+02 2.445824224922774306e+02
5154 5.016616937760813926e+02 2.445565360812071276e+02
5155 5.015864000742210465e+02 2.445306740157441538e+02
5156 5.015111222929442079e+02 2.445048362645351006e+02
5157 5.014358604156036563e+02 2.444790227962937479e+02
5158 5.013606144255758181e+02 2.444532335798015765e+02
5159 5.012853843062612782e+02 2.444274685839061760e+02
5160 5.012101700410842113e+02 2.444017277775221260e+02
5161 5.011349716847151967e+02 2.443753101600937327e+02
5162 5.010597896727457510e+02 2.443485564882143137e+02
5163 5.009846241180888455e+02 2.443218272555005512e+02
5164 5.009094750039128030e+02 2.442951224314940930e+02
5165 5.008343423134100476e+02 2.442684419858017293e+02
5166 5.007592260297967641e+02 2.442417858880949950e+02
5167 5.006841261363122726e+02 2.442151541081108519e+02
5168 5.006090426162197673e+02 2.441885466156506368e+02
5169 5.005339754528054073e+02 2.441619633805798344e+02
5170 5.004589246293794531e+02 2.441354043728282477e+02
5171 5.003838901292747323e+02 2.441088695623898843e+02
5172 5.003088719358482876e+02 2.440823589193221892e+02
5173 5.002338700324792171e+02 2.440558724137464424e+02
5174 5.001588844025707772e+02 2.440294100158470201e+02
5175 5.000839150295489617e+02 2.440029716958716222e+02
5176 5.000089618968630134e+02 2.439765574241310162e+02
5177 4.999340249879851399e+02 2.439501671709982986e+02
5178 4.998591042864103429e+02 2.439238009069096051e+02
5179 4.997841997756569299e+02 2.438974586023630877e+02
5180 4.997093114392657185e+02 2.438711402279192271e+02
5181 4.996344392608006046e+02 2.438448457542002643e+02
5182 4.995595832238483354e+02 2.438185751518901441e+02
5183 4.994847433120177698e+02 2.437923283917345145e+02
5184 4.994099195089414707e+02 2.437661054445404432e+02
5185 4.993351117982736582e+02 2.437399062811757631e+02
5186 4.992603201636920858e+02 2.437137308725697551e+02
5187 4.991855445888960503e+02 2.436875791897119257e+02
5188 4.991107850576079841e+02 2.436614512036528879e+02
5189 4.990360415535726588e+02 2.436353468855029689e+02
5190 4.989613140605571289e+02 2.436092662064334320e+02
5191 4.988866025623506175e+02 2.435832091376745439e+02
5192 4.988119070427650286e+02 2.435571756505174790e+02
5193 4.987372274856342642e+02 2.435311657163119605e+02
5194 4.986625638748145661e+02 2.435051793064676815e+02
5195 4.985879161941840607e+02 2.434792163924535089e+02
5196 4.985132844276431570e+02 2.434532769457972279e+02
5197 4.984386685591144897e+02 2.434273609380852577e+02
5198 4.983640685725422372e+02 2.434014683409629924e+02
5199 4.982894844518929176e+02 2.433755991261340910e+02
5200 4.982149161811550471e+02 2.433497532653606754e+02
5201 4.981403637443384014e+02 2.433239307304625072e+02
5202 4.980658271254751526e+02 2.432981314933176691e+02
5203 4.979913063086188458e+02 2.432723555258617409e+02
5204 4.979168012778454795e+02 2.432466028000880556e+02
5205 4.978423120172515723e+02 2.432208732880467323e+02
5206 4.977678385109563237e+02 2.431951669618456719e+02
5207 4.976933807430998513e+02 2.431694837936495617e+02
5208 4.976189386978441007e+02 2.431438237556795912e+02
5209 4.975445123593723338e+02 2.431181868202137935e+02
5210 4.974701017118895834e+02 2.430925729595868177e+02
5211 4.973957067396219713e+02 2.430669821461892184e+02
5212 4.973213274268169926e+02 2.430414143524678821e+02
5213 4.972469637577434582e+02 2.430158695509253448e+02
5214 4.971726157166916096e+02 2.429903477141198778e+02
5215 4.970982832879726629e+02 2.429648488146656859e+02
5216 4.970239664559192647e+02 2.429393728252319136e+02
5217 4.969496652048849796e+02 2.429139197185429282e+02
5218 4.968753795192445750e+02 2.428884894673786619e+02
5219 4.968011093833939640e+02 2.428630820445727352e+02
5220 4.967268547817493527e+02 2.428376974230146175e+02
5221 4.966526156987490026e+02 2.428123355756476940e+02
5222 4.965783921188511840e+02 2.427869964754698060e+02
5223 4.965041840265354267e+02 2.427616800955329381e+02
5224 4.964299913344389665e+02 2.427369698620269105e+02
5225 4.963558137037140341e+02 2.427124215540338241e+02
5226 4.962816510727811874e+02 2.426878941251173671e+02
5227 4.962075034273686924e+02 2.426633875510728728e+02
5228 4.961333707532235167e+02 2.426389018077461515e+02
5229 4.960592530361117269e+02 2.426144368710338028e+02
5230 4.959851502618171253e+02 2.425899927168824206e+02
5231 4.959110624161426131e+02 2.425655693212885637e+02
5232 4.958369894849096227e+02 2.425411666602993535e+02
5233 4.957629314539574921e+02 2.425167847100109384e+02
5234 4.956888883091444882e+02 2.424924234465696316e+02
5235 4.956148600363470109e+02 2.424680828461710007e+02
5236 4.955408466214600480e+02 2.424437628850597832e+02
5237 4.954668480503966066e+02 2.424194635395301418e+02
5238 4.953928643090878268e+02 2.423951847859251814e+02
5239 4.953188953834837207e+02 2.423709266006364658e+02
5240 4.952449412595515810e+02 2.423466889601044727e+02
5241 4.951710019232774016e+02 2.423224718408183662e+02
5242 4.950970773606652529e+02 2.422982752193152862e+02
5243 4.950231675577370538e+02 2.422740990721807179e+02
5244 4.949492725005330271e+02 2.422499433760484635e+02
5245 4.948753921751108464e+02 2.422258081075997325e+02
5246 4.948015265675468299e+02 2.422016932435635681e+02
5247 4.947276756639347468e+02 2.421775987607169043e+02
5248 4.946538394503863287e+02 2.421535246358835991e+02
5249 4.945800179130310994e+02 2.421294708459350886e+02
5250 4.945062110380164313e+02 2.421054373677899036e+02
5251 4.944324188115077163e+02 2.420814241784135277e+02
5252 4.943586412279979641e+02 2.420571815560095672e+02
5253 4.942848785834299861e+02 2.420320659450573544e+02
5254 4.942111312423311347e+02 2.420069713982069288e+02
5255 4.941373991902826788e+02 2.419818978900817115e+02
5256 4.940636824128839635e+02 2.419568453953620519e+02
5257 4.939899808957551386e+02 2.419318138887843759e+02
5258 4.939162946245347143e+02 2.419068033451417818e+02
5259 4.938426235848813235e+02 2.418818137392833023e+02
5260 4.937689677624723004e+02 2.418568450461140458e+02
5261 4.936953271430040218e+02 2.418318972405942588e+02
5262 4.936217017121927029e+02 2.418069702977404916e+02
5263 4.935480914557734309e+02 2.417820641926241478e+02
5264 4.934744963595002218e+02 2.417571789003719971e+02
5265 4.934009164091462480e+02 2.417323143961657195e+02
5266 4.933273515905037812e+02 2.417074706552417354e+02
5267 4.932538018893838512e+02 2.416826476528908643e+02
5268 4.931802672916165307e+02 2.416578453644589786e+02
5269 4.931067477830508210e+02 2.416330637653454403e+02
5270 4.930332433495545956e+02 2.416083028310042096e+02
5271 4.929597539770142589e+02 2.415835625369429067e+02
5272 4.928862796513353146e+02 2.415588428587225280e+02
5273 4.928128203584415701e+02 2.415341437719583269e+02
5274 4.927393760842761026e+02 2.415094652523183072e+02
5275 4.926659468147999519e+02 2.414848072755236785e+02
5276 4.925925325359933140e+02 2.414601698173489410e+02
5277 4.925191332338544612e+02 2.414355528536208340e+02
5278 4.924457488944004808e+02 2.414109563602194157e+02
5279 4.923723795036668207e+02 2.413863803130767280e+02
5280 4.922990250477072891e+02 2.413618246881771086e+02
5281 4.922256855125941115e+02 2.413372894615571056e+02
5282 4.921523608844179307e+02 2.413127746093053361e+02
5283 4.920790511492876931e+02 2.412882801075618886e+02
5284 4.920057562933304780e+02 2.412638059325182667e+02
5285 4.919324763026916685e+02 2.412393520604181276e+02
5286 4.918592111635347237e+02 2.412149184675555205e+02
5287 4.917859608620415202e+02 2.411905051302760512e+02
5288 4.917127253844117263e+02 2.411661120249760586e+02
5289 4.916395046428565365e+02 2.411426360594880123e+02
5290 4.915662979765636464e+02 2.411199332987993955e+02
5291 4.914931050912747423e+02 2.410972502308308947e+02
5292 4.914199259737414422e+02 2.410745868321681940e+02
5293 4.913467606107330994e+02 2.410519430794463460e+02
5294 4.912736089890361768e+02 2.410293189493495447e+02
5295 4.912004710954548727e+02 2.410067144186113808e+02
5296 4.911273469168108363e+02 2.409841294640141598e+02
5297 4.910542364399432245e+02 2.409615640623893285e+02
5298 4.909811396047181233e+02 2.409394732048232868e+02
5299 4.909080561145739807e+02 2.409176153403289504e+02
5300 4.908349858812882758e+02 2.408957773153732660e+02
5301 4.907619288916282585e+02 2.408739591052376170e+02
5302 4.906888851323798235e+02 2.408521606852560524e+02
5303 4.906158545903469985e+02 2.408303820308155139e+02
5304 4.905428372523515463e+02 2.408086231173557223e+02
5305 4.904698331052337039e+02 2.407868839203684388e+02
5306 4.903968421358521823e+02 2.407651644153980612e+02
5307 4.903238643310829730e+02 2.407434645780407436e+02
5308 4.902508996778207688e+02 2.407217843839446800e+02
5309 4.901779481629778843e+02 2.407001238088097637e+02
5310 4.901050097408736974e+02 2.406794712396992963e+02
5311 4.900320831770458199e+02 2.406623882948924233e+02
5312 4.899591669626826729e+02 2.406453232532471418e+02
5313 4.898862610862058773e+02 2.406282760871869186e+02
5314 4.898133655360563239e+02 2.406112467692025518e+02
5315 4.897404803006936618e+02 2.405942352718525683e+02
5316 4.896676053685961847e+02 2.405772415677627691e+02
5317 4.895947407282614563e+02 2.405602656296261728e+02
5318 4.895218863682056849e+02 2.405433074302030434e+02
5319 4.894490422769639508e+02 2.405263669423197257e+02
5320 4.893762084430898653e+02 2.405094441388696680e+02
5321 4.893033848551556275e+02 2.404925389928121717e+02
5322 4.892305715017525927e+02 2.404756514771729314e+02
5323 4.891577683714901923e+02 2.404587815650433811e+02
5324 4.890849754529963320e+02 2.404419292295802677e+02
5325 4.890121927349179032e+02 2.404250944440063620e+02
5326 4.889394202059197028e+02 2.404082771816088950e+02
5327 4.888666578546852861e+02 2.403914774157406384e+02
5328 4.887939056699163416e+02 2.403746951198189379e+02
5329 4.887211636403328043e+02 2.403579302673256564e+02
5330 4.886484317546732541e+02 2.403411828318071457e+02
5331 4.885757100016940058e+02 2.403244527868737066e+02
5332 4.885029983701699052e+02 2.403077401061996738e+02
5333 4.884302968488937609e+02 2.402910447635228763e+02
5334 4.883576054266761730e+02 2.402743667326449497e+02
5335 4.882849240923461025e+02 2.402577059874306542e+02
5336 4.882122528347505863e+02 2.402410625018079031e+02
5337 4.881395916427542261e+02 2.402244362497674786e+02
5338 4.880669405052399838e+02 2.402078272053626051e+02
5339 4.879942994111081589e+02 2.401912353427093478e+02
5340 4.879216683492772972e+02 2.401746606359857878e+02
5341 4.878490473086833390e+02 2.401581030594321930e+02
5342 4.877764362782803005e+02 2.401415625873504212e+02
5343 4.877038352470393647e+02 2.401250391941043745e+02
5344 4.876312442039499047e+02 2.401085328541191188e+02
5345 4.875586631380185736e+02 2.400920435418811394e+02
5346 4.874860917159500673e+02 2.400786009703898287e+02
5347 4.874135280897125995e+02 2.400664472897996973e+02
5348 4.873409718083157145e+02 2.400543065279280199e+02
5349 4.872684228635820887e+02 2.400421786662662953e+02
5350 4.871958812473462785e+02 2.400300636863445618e+02
5351 4.871233469514556305e+02 2.400179615697319093e+02
5352 4.870508199677693142e+02 2.400058722980362234e+02
5353 4.869783002881592893e+02 2.399937958529037587e+02
5354 4.869057879045091113e+02 2.399817322160189406e+02
5355 4.868332828087153530e+02 2.399696813691051034e+02
5356 4.867607849926862968e+02 2.399576432939235815e+02
5357 4.866882944483425035e+02 2.399456179722737090e+02
5358 4.866158111676165845e+02 2.399336053859928199e+02
5359 4.865433351424535431e+02 2.399216055169563901e+02
5360 4.864708663648102061e+02 2.399096183470774690e+02
5361 4.863984048266556215e+02 2.398976438583068500e+02
5362 4.863259505199709452e+02 2.398856820326328432e+02
5363 4.862535034367492131e+02 2.398737328520813890e+02
5364 4.861810635689953415e+02 2.398617962987155465e+02
5365 4.861086309087265249e+02 2.398498723546358349e+02
5366 4.860362054479717813e+02 2.398379610019798918e+02
5367 4.859637871787719519e+02 2.398260622229221894e+02
5368 4.858913760931798151e+02 2.398141759996744042e+02
5369 4.858189721832599162e+02 2.398023023144846775e+02
5370 4.857465754410890213e+02 2.397904411496382693e+02
5371 4.856741858587553224e+02 2.397785924874568764e+02
5372 4.856018034283588918e+02 2.397667563102985753e+02
5373 4.855294281420115681e+02 2.397549326005579644e+02
5374 4.854570599918370135e+02 2.397431213406659651e+02
5375 4.853846989699707137e+02 2.397313225130898218e+02
5376 4.853123450685591251e+02 2.397195361003324194e+02
5377 4.852399982797616076e+02 2.397077620849331936e+02
5378 4.851676585957479801e+02 2.396960004494670216e+02
5379 4.850953260087003969e+02 2.396842511765447910e+02
5380 4.850230005108122100e+02 2.396725142488129450e+02
5381 4.849506820942886520e+02 2.396607896489536813e+02
5382 4.848783707513461536e+02 2.396490773596842700e+02
5383 4.848060664742130825e+02 2.396373773637581337e+02
5384 4.847337692551288342e+02 2.396256896439630850e+02
5385 4.846614790863445705e+02 2.396140141831227481e+02
5386 4.845891959601228223e+02 2.396023509640953080e+02
5387 4.845169198687375456e+02 2.395906999697744482e+02
5388 4.844446508044738948e+02 2.395790611830883847e+02
5389 4.843723887596288478e+02 2.395674345870002355e+02
5390 4.843001337265104098e+02 2.395558201645077077e+02
5391 4.842278856974377845e+02 2.395442178986431827e+02
5392 4.841556446647416578e+02 2.395326277724734894e+02
5393 4.840834106207641412e+02 2.395210497690998466e+02
5394 4.840111835578581463e+02 2.395094838716577499e+02
5395 4.839389634683881809e+02 2.394979300633167725e+02
5396 4.838667503447301215e+02 2.394863883272808778e+02
5397 4.837945441792703605e+02 2.394748586467877374e+02
5398 4.837223449644070570e+02 2.394633410051090152e+02
5399 4.836501526925491703e+02 2.394518353855501402e+02
5400 4.835779673561170284e+02 2.394403417714505338e+02
5401 4.835057889475417596e+02 2.394288601461827852e+02
5402 4.834336174592658040e+02 2.394173904931532775e+02
5403 4.833614528837424018e+02 2.394059327958017320e+02
5404 4.832892952134359916e+02 2.393944870376012943e+02
5405 4.832171444408219259e+02 2.393830532020582496e+02
5406 4.831450005583865277e+02 2.393716312727120794e+02
5407 4.830728635586270912e+02 2.393602212331352348e+02
5408 4.830007334340518810e+02 2.393488230669333348e+02
5409 4.829286101771799622e+02 2.393374367577445696e+02
5410 4.828564937805412001e+02 2.393260622892402125e+02
5411 4.827843842366766012e+02 2.393146996451239659e+02
5412 4.827122815381376313e+02 2.393033488091322454e+02
5413 4.826401856774870112e+02 2.392920097650339244e+02
5414 4.825680966472978639e+02 2.392806824966301917e+02
5415 4.824960144401541697e+02 2.392693669877549212e+02
5416 4.824239390486507091e+02 2.392580632222737336e+02
5417 4.823518704653930627e+02 2.392467711840847358e+02
5418 4.822798086829974409e+02 2.392354908571179521e+02
5419 4.822077536940905134e+02 2.392242222253354385e+02
5420 4.821357054913100910e+02 2.392129652727308837e+02
5421 4.820636640673040461e+02 2.392017199833300367e+02
5422 4.819916294147312215e+02 2.391904863411901943e+02
5423 4.819196015262609194e+02 2.391792643304004002e+02
5424 4.818475803945730149e+02 2.391680539350810477e+02
5425 4.817755660123581265e+02 2.391568551393840494e+02
5426 4.817035583723171044e+02 2.391456679274925818e+02
5427 4.816315574671613717e+02 2.391344922836211992e+02
5428 4.815595632896131519e+02 2.391233281920153786e+02
5429 4.814875758324043886e+02 2.391121756369522302e+02
5430 4.814155950882782804e+02 2.391010346027391336e+02
5431 4.813436210499881440e+02 2.390899050737150446e+02
5432 4.812716537102971870e+02 2.390787870342490464e+02
5433 4.811996930619798718e+02 2.390676804687417700e+02
5434 4.811277390978202106e+02 2.390565853616237177e+02
5435 4.810557918106134139e+02 2.390455016973566842e+02
5436 4.809838511931639573e+02 2.390344294604322783e+02
5437 4.809119172382873444e+02 2.390233686353730604e+02
5438 4.808399899388092535e+02 2.390123192067314619e+02
5439 4.807680692875653676e+02 2.390012811590905244e+02
5440 4.806961552774016582e+02 2.389902544770632176e+02
5441 4.806242479011744422e+02 2.389792391452927518e+02
5442 4.805523471517502117e+02 2.389682351484520666e+02
5443 4.804804530220053493e+02 2.389572424712442000e+02
5444 4.804085655048267540e+02 2.389462610984019477e+02
5445 4.803366845931111015e+02 2.389352910146879196e+02
5446 4.802648102797654133e+02 2.389243322048943128e+02
5447 4.801929425577067718e+02 2.389133846538427690e+02
5448 4.801210814198620938e+02 2.389024483463848014e+02
5449 4.800492268591688116e+02 2.388915232674010838e+02
5450 4.799773788685736235e+02 2.388806094018015926e+02
5451 4.799055374410340846e+02 2.388697067345254936e+02
5452 4.798337025695169018e+02 2.388588152505414541e+02
5453 4.797618742469994686e+02 2.388479349348468759e+02
5454 4.796900524664687282e+02 2.388370657724684349e+02
5455 4.796182372209212872e+02 2.388262077484616839e+02
5456 4.795464285033644387e+02 2.388153608479109380e+02
5457 4.794746263068145709e+02 2.388045250559292185e+02
5458 4.794028306242983035e+02 2.387937003576585084e+02
5459 4.793310414488522042e+02 2.387828867382694114e+02
5460 4.792592587735222196e+02 2.387720841829607821e+02
5461 4.791874825913645850e+02 2.387612926769601529e+02
5462 4.791157128954449149e+02 2.387505122055233926e+02
5463 4.790439496788388851e+02 2.387397427539346779e+02
5464 4.789721929346317211e+02 2.387289843075064937e+02
5465 4.789004426559185390e+02 2.387182368515793769e+02
5466 4.788286988358037775e+02 2.387075003715220021e+02
5467 4.787569614674022205e+02 2.386967748527311812e+02
5468 4.786852305438377471e+02 2.386860602806314660e+02
5469 4.786135060582439564e+02 2.386753566406751474e+02
5470 4.785417880037643954e+02 2.386646639183427396e+02
5471 4.784700763735517057e+02 2.386539820991421266e+02
5472 4.783983711607685336e+02 2.386433111686087614e+02
5473 4.783266723585870750e+02 2.386326511123060357e+02
5474 4.782549799601888481e+02 2.386220019158244270e+02
5475 4.781832939587649207e+02 2.386113635647819819e+02
5476 4.781116143475162517e+02 2.386007360448242594e+02
5477 4.780399411196527240e+02 2.385901193416236481e+02
5478 4.779682742683941115e+02 2.385795134408801914e+02
5479 4.778966137869693966e+02 2.385689183283207058e+02
5480 4.778249596951768581e+02 2.385579548299286614e+02
5481 4.777533122829319154e+02 2.385465688381637506e+02
5482 4.776816717080848207e+02 2.385351945273933438e+02
5483 4.776100379632955537e+02 2.385238318834214795e+02
5484 4.775384110412338714e+02 2.385124808920753310e+02
5485 4.774667909345786256e+02 2.385011415392057188e+02
5486 4.773951776360185022e+02 2.384898138106866270e+02
5487 4.773235711382516229e+02 2.384784976924152602e+02
5488 4.772519714339852044e+02 2.384671931703121857e+02
5489 4.771803785159362974e+02 2.384559002303212480e+02
5490 4.771087923768312180e+02 2.384446188584090009e+02
5491 4.770372130094058321e+02 2.384333490405655027e+02
5492 4.769656404064051571e+02 2.384220907628034354e+02
5493 4.768940745605837037e+02 2.384108440111584457e+02
5494 4.768225154647054751e+02 2.383996087716894579e+02
5495 4.767509631115436832e+02 2.383883850304776502e+02
5496 4.766794174938808055e+02 2.383771727736274499e+02
5497 4.766078786045088123e+02 2.383659719872656808e+02
5498 4.765363464362289392e+02 2.383547826575420174e+02
5499 4.764648209818512328e+02 2.383436047706285876e+02
5500 4.763933022341958576e+02 2.383324383127201713e+02
5501 4.763217901860915617e+02 2.383212832700339447e+02
5502 4.762502848303765859e+02 2.383101396288095657e+02
5503 4.761787861598982090e+02 2.382990073753091735e+02
5504 4.761072941675132029e+02 2.382878864958170482e+02
5505 4.760358088460873205e+02 2.382767769766399510e+02
5506 4.759643301884952962e+02 2.382656788041066704e+02
5507 4.758928581876216413e+02 2.382545919645682204e+02
5508 4.758213928363591663e+02 2.382435164443978408e+02
5509 4.757499341276105156e+02 2.382324522299907414e+02
5510 4.756784820542870307e+02 2.382213993077640168e+02
5511 4.756070366093092616e+02 2.382103576641569873e+02
5512 4.755355978951197926e+02 2.381985856245076718e+02
5513 4.754641662433959368e+02 2.381868132874971877e+02
5514 4.753927416505508177e+02 2.381750521253498221e+02
5515 4.753213241095360218e+02 2.381633021250623301e+02
5516 4.752499136133117759e+02 2.381515632736523571e+02
5517 4.751785101548469470e+02 2.381398355581588078e+02
5518 4.751071137271194971e+02 2.381281189656417325e+02
5519 4.750357243231158009e+02 2.381164134831824697e+02
5520 4.749643419358311007e+02 2.381047190978832475e+02
5521 4.748929665582693360e+02 2.380930357968672695e+02
5522 4.748215981834429726e+02 2.380813635672787711e+02
5523 4.747502368043735146e+02 2.380697023962828780e+02
5524 4.746788824140909924e+02 2.380580522710656339e+02
5525 4.746075350056337925e+02 2.380464131788336033e+02
5526 4.745361945720493964e+02 2.380347851068143257e+02
5527 4.744648611063936414e+02 2.380231680422560601e+02
5528 4.743935346017306642e+02 2.380115619724273870e+02
5529 4.743222150511341511e+02 2.379999668846179759e+02
5530 4.742509024476854051e+02 2.379883827661376756e+02
5531 4.741795967844746542e+02 2.379768096043167418e+02
5532 4.741082980546008230e+02 2.379652473865062063e+02
5533 4.740370062511710216e+02 2.379536961000772806e+02
5534 4.739657213673012279e+02 2.379421557324212984e+02
5535 4.738944433961157188e+02 2.379306262709504836e+02
5536 4.738231723307472407e+02 2.379191077030965289e+02
5537 4.737519081643372942e+02 2.379076000163119886e+02
5538 4.736806508900353947e+02 2.378961031980690279e+02
5539 4.736094005009998114e+02 2.378846172358603042e+02
5540 4.735381569903973400e+02 2.378731421171983129e+02
5541 4.734669203514027913e+02 2.378616778296153598e+02
5542 4.733956905771999004e+02 2.378502243606641002e+02
5543 4.733244676609801331e+02 2.378387816979167440e+02
5544 4.732532515959439934e+02 2.378273498289654810e+02
5545 4.731820423753000568e+02 2.378159287414223115e+02
5546 4.731108399922651415e+02 2.378045184229189033e+02
5547 4.730396444400644214e+02 2.377931188611065352e+02
5548 4.729684557119318811e+02 2.377817300436562675e+02
5549 4.728972738011088950e+02 2.377703519582588569e+02
5550 4.728260987008459892e+02 2.377589845926244436e+02
5551 4.727549304044014207e+02 2.377476279344826651e+02
5552 4.726837689050420295e+02 2.377362819715826561e+02
5553 4.726126141960425571e+02 2.377249466916929350e+02
5554 4.725414662706865556e+02 2.377136220826015744e+02
5555 4.724703251222650238e+02 2.377023081321155473e+02
5556 4.723991907440780551e+02 2.376910048280616365e+02
5557 4.723280631294329623e+02 2.376797121582852697e+02
5558 4.722569422716462668e+02 2.376684301106515420e+02
5559 4.721858281640416521e+02 2.376571586730443357e+02
5560 4.721147207999517263e+02 2.376458978333668881e+02
5561 4.720436201727168850e+02 2.376346475795411664e+02
5562 4.719725262756856523e+02 2.376234078995083792e+02
5563 4.719014391022146242e+02 2.376121787812284936e+02
5564 4.718303586456688663e+02 2.376009602126807465e+02
5565 4.717592848994211749e+02 2.375897521818626785e+02
5566 4.716882178568521908e+02 2.375785546767909864e+02
5567 4.716171575113513654e+02 2.375673676855010967e+02
5568 4.715461038563152556e+02 2.375561911960470525e+02
5569 4.714750568851493426e+02 2.375450251965017401e+02
5570 4.714040165912664975e+02 2.375338696749566338e+02
5571 4.713329829680880607e+02 2.375227246195213979e+02
5572 4.712619560090428763e+02 2.375115900183248812e+02
5573 4.711909357075680305e+02 2.375004658595139517e+02
5574 4.711199220571086812e+02 2.374893521312541225e+02
5575 4.710489150511175467e+02 2.374782488217293803e+02
5576 4.709779146830559853e+02 2.374671559191418453e+02
5577 4.709069209463925745e+02 2.374560734117121115e+02
5578 4.708359338346039067e+02 2.374450012876790765e+02
5579 4.707649533411749871e+02 2.374339395352998849e+02
5580 4.706939794595980970e+02 2.374228881428495583e+02
5581 4.706230121833737030e+02 2.374118470986216209e+02
5582 4.705520515060102866e+02 2.374008163909277300e+02
5583 4.704810974210237760e+02 2.373897960080974201e+02
5584 4.704101499219378866e+02 2.373787859384781314e+02
5585 4.703392090022849743e+02 2.373677861704356076e+02
5586 4.702682746556041593e+02 2.373567966923532992e+02
5587 4.701973468754428040e+02 2.373458174926325341e+02
5588 4.701264256553563996e+02 2.373348485596926594e+02
5589 4.700555109889076562e+02 2.373238898819707003e+02
5590 4.699846028696673557e+02 2.373129414479213892e+02
5591 4.699137012912139539e+02 2.373020032460173923e+02
5592 4.698428062471334101e+02 2.372910752647488550e+02
5593 4.697719177310196983e+02 2.372801574926236867e+02
5594 4.697010357364746369e+02 2.372692499181673327e+02
5595 4.696301602571073204e+02 2.372583525299228029e+02
5596 4.695592912865345738e+02 2.372474653164506151e+02
5597 4.694884288183812941e+02 2.372365882663287380e+02
5598 4.694175728462798247e+02 2.372257213681527617e+02
5599 4.693467233638696712e+02 2.372148646105353862e+02
5600 4.692758803647986952e+02 2.372040179821068477e+02
5601 4.692050438427221479e+02 2.371931814715146629e+02
5602 4.691342137913027841e+02 2.371823550674236856e+02
5603 4.690633902042110890e+02 2.371715387585157373e+02
5604 4.689925730751247102e+02 2.371607325334901759e+02
5605 4.689217623977293670e+02 2.371499363810632985e+02
5606 4.688509581657182821e+02 2.371391502899686827e+02
5607 4.687801603727918973e+02 2.371283742489566748e+02
5608 4.687093690126586125e+02 2.371176082467950437e+02
5609 4.686385840790339898e+02 2.371068522722682133e+02
5610 4.685678055656410947e+02 2.370961063141778595e+02
5611 4.684970334662109508e+02 2.370853703613422852e+02
5612 4.684262677744816301e+02 2.370746444025968174e+02
5613 4.683555084841987082e+02 2.370639284267937228e+02
5614 4.682847555891153206e+02 2.370532224228019516e+02
5615 4.682140090829923338e+02 2.370425263795071658e+02
5616 4.681432689595972647e+02 2.370318402858117395e+02
5617 4.680725352127060432e+02 2.370211641306349009e+02
5618 4.680018078361011931e+02 2.370104979029124763e+02
5619 4.679310868235731391e+02 2.369998415915966063e+02
5620 4.678603721689194117e+02 2.369891951856565129e+02
5621 4.677896638659449877e+02 2.369785586740776182e+02
5622 4.677189619084625178e+02 2.369679320458617440e+02
5623 4.676482662902915877e+02 2.369573152900274806e+02
5624 4.675775770052591156e+02 2.369467083956095337e+02
5625 4.675068940471998644e+02 2.369361113516592638e+02
5626 4.674362174099553044e+02 2.369255241472442606e+02
5627 4.673655470873745799e+02 2.369149467714482853e+02
5628 4.672948830733138834e+02 2.369043792133715272e+02
5629 4.672242253616371386e+02 2.368938214621304041e+02
5630 4.671535739462150332e+02 2.368832735068574493e+02
5631 4.670829288209257015e+02 2.368727353367014814e+02
5632 4.670122899796547244e+02 2.368622069408272921e+02
5633 4.669416574162945608e+02 2.368516883084158451e+02
5634 4.668710311247451727e+02 2.368411794286641907e+02
5635 4.668004110989137416e+02 2.368306802907852955e+02
5636 4.667297973327142131e+02 2.368201908840081273e+02
5637 4.666591898200684341e+02 2.368097111975776272e+02
5638 4.665885885549051295e+02 2.367992412207546522e+02
5639 4.665179935311597887e+02 2.367887809428158903e+02
5640 4.664474047427756318e+02 2.367783303530539172e+02
5641 4.663768221837026431e+02 2.367678894407770258e+02
5642 4.663062458478983103e+02 2.367574581953092547e+02
5643 4.662356757293269993e+02 2.367470366059907292e+02
5644 4.661651118219599539e+02 2.367366246621765242e+02
5645 4.660945541197760917e+02 2.367262223532381427e+02
5646 4.660240026167609813e+02 2.367158296685623498e+02
5647 4.659534573069077510e+02 2.367054465975514290e+02
5648 4.658829181842156686e+02 2.366950731296232959e+02
5649 4.658123852426920166e+02 2.366847092542115547e+02
5650 4.657418584763507852e+02 2.366743549607650436e+02
5651 4.656713378792128424e+02 2.366640102387482045e+02
5652 4.656008234453063324e+02 2.366536750776407700e+02
5653 4.655303151686661636e+02 2.366433494669380764e+02
5654 4.654598130433345773e+02 2.366330333961504095e+02
5655 4.653893170633602949e+02 2.366227268548038580e+02
5656 4.653188272227996549e+02 2.366124298324394317e+02
5657 4.652483435157154759e+02 2.366021423186134882e+02
5658 4.651778659361777386e+02 2.365918643028977044e+02
5659 4.651073944782633021e+02 2.365815957748786218e+02
5660 4.650369291360560169e+02 2.365713367241583285e+02
5661 4.649664699036467823e+02 2.365610871403537772e+02
5662 4.648960167751331483e+02 2.365508470130970409e+02
5663 4.648255697446197132e+02 2.365406163320352277e+02
5664 4.647551288062178401e+02 2.365303950868305947e+02
5665 4.646846939540461676e+02 2.365201832671601210e+02
5666 4.646142651822298149e+02 2.365099808627158211e+02
5667 4.645438424849007788e+02 2.364997878632048582e+02
5668 4.644734258561979345e+02 2.364896042583488907e+02
5669 4.644030152902673763e+02 2.364794300378848106e+02
5670 4.643326107812616783e+02 2.364692651915639772e+02
5671 4.642622123233400089e+02 2.364591097091526990e+02
5672 4.641918199106689258e+02 2.364489635804320926e+02
5673 4.641214335374211828e+02 2.364388267951978264e+02
5674 4.640510531977769233e+02 2.364286993432604902e+02
5675 4.639806788859226572e+02 2.364185812144448846e+02
5676 4.639103105960518860e+02 2.364084723985910728e+02
5677 4.638399483223644779e+02 2.363983728855532433e+02
5678 4.637695920590675200e+02 2.363882826652001086e+02
5679 4.636992418003747503e+02 2.363782017274153020e+02
5680 4.636288975405064434e+02 2.363681300620965260e+02
5681 4.635585592736894682e+02 2.363580676591562337e+02
5682 4.634882269941579693e+02 2.363480145085211461e+02
5683 4.634179006961521168e+02 2.363379706001324791e+02
5684 4.633475803739192997e+02 2.363279359239457733e+02
5685 4.632772660217135012e+02 2.363179104699310074e+02
5686 4.632069576337948433e+02 2.363078942280721719e+02
5687 4.631366552044304967e+02 2.362978871883679233e+02
5688 4.630663587278947375e+02 2.362878893408309580e+02
5689 4.629960681984675830e+02 2.362779006754881266e+02
5690 4.629257836104363264e+02 2.362679211823806327e+02
5691 4.628555049580945706e+02 2.362579508515637201e+02
5692 4.627852322357425123e+02 2.362479896731067583e+02
5693 4.627149654376872263e+02 2.362380376370933561e+02
5694 4.626447045582421538e+02 2.362280947336209920e+02
5695 4.625744495917271593e+02 2.362181609528012132e+02
5696 4.625042005324691559e+02 2.362082362847596926e+02
5697 4.624339573748009684e+02 2.361983207196359729e+02
5698 4.623637201130626977e+02 2.361884142475834949e+02
5699 4.622934887416002425e+02 2.361785168587698536e+02
5700 4.622232632547664934e+02 2.361686285433762578e+02
5701 4.621530436469207643e+02 2.361587492915978714e+02
5702 4.620828299124288492e+02 2.361488790936437283e+02
5703 4.620126220456630790e+02 2.361390179397365614e+02
5704 4.619424200410021513e+02 2.361291658201129735e+02
5705 4.618722238928313004e+02 2.361193227250232667e+02
5706 4.618020335955424684e+02 2.361094886447314707e+02
5707 4.617318491435334522e+02 2.360996635695151156e+02
5708 4.616616705312091540e+02 2.360898474896657433e+02
5709 4.615914977529806151e+02 2.360800403954881403e+02
5710 4.615213308032652435e+02 2.360702422773009914e+02
5711 4.614511696764868702e+02 2.360604531254362541e+02
5712 4.613810143670762045e+02 2.360506729302397275e+02
5713 4.613108648694694693e+02 2.360409016820706825e+02
5714 4.612407211781098795e+02 2.360311393713014070e+02
5715 4.611705832874471866e+02 2.360213859883182295e+02
5716 4.611004511919369406e+02 2.360116415235206944e+02
5717 4.610303248860415692e+02 2.360019059673215907e+02
5718 4.609602041530470160e+02 2.359937396889162073e+02
5719 4.608900882282625275e+02 2.359857334563061499e+02
5720 4.608199770598325813e+02 2.359777343346228236e+02
5721 4.607498706433720486e+02 2.359697423154502474e+02
5722 4.606797689745011439e+02 2.359617573903870777e+02
5723 4.606096720488453116e+02 2.359537795510462672e+02
5724 4.605395798620355663e+02 2.359458087890553202e+02
5725 4.604694924097083799e+02 2.359378450960557529e+02
5726 4.603994096875053401e+02 2.359298884637035201e+02
5727 4.603293316910737758e+02 2.359219388836687585e+02
5728 4.602592584160661318e+02 2.359139963476358730e+02
5729 4.601891898581402529e+02 2.359060608473032801e+02
5730 4.601191260129594411e+02 2.358981323743836072e+02
5731 4.600490668761922848e+02 2.358902109206036641e+02
5732 4.599790124435126017e+02 2.358822964777041591e+02
5733 4.599089627105996669e+02 2.358743890374398404e+02
5734 4.598389176731380985e+02 2.358664885915794684e+02
5735 4.597688773268174600e+02 2.358585951319058438e+02
5736 4.596988416673332836e+02 2.358507086502156085e+02
5737 4.596288106903856487e+02 2.358428291383191606e+02
5738 4.595587843916806037e+02 2.358349565880409955e+02
5739 4.594887627669288577e+02 2.358270909912191087e+02
5740 4.594187458118466338e+02 2.358192323397056214e+02
5741 4.593487335221555554e+02 2.358113806253661267e+02
5742 4.592787258935824752e+02 2.358035358400800021e+02
5743 4.592087229218589641e+02 2.357956979757404099e+02
5744 4.591387246027226183e+02 2.357878670242540124e+02
5745 4.590687309319154110e+02 2.357800429775410862e+02
5746 4.589987419051851134e+02 2.357722258275354079e+02
5747 4.589287575182845558e+02 2.357644155661846526e+02
5748 4.588587777669716274e+02 2.357566121854495975e+02
5749 4.587888026470096747e+02 2.357488156773046910e+02
5750 4.587188321541667051e+02 2.357410260337376826e+02
5751 4.586488662842161830e+02 2.357332432467499927e+02
5752 4.585789050329372003e+02 2.357254673083560874e+02
5753 4.585089483961129986e+02 2.357176982105839613e+02
5754 4.584389963695327879e+02 2.357099359454749106e+02
5755 4.583690489489903257e+02 2.357021805050834473e+02
5756 4.582991061302849971e+02 2.356944318814774419e+02
5757 4.582291679092208483e+02 2.356866900667376967e+02
5758 4.581592342816072687e+02 2.356789550529585995e+02
5759 4.580893052432587069e+02 2.356712268322472994e+02
5760 4.580193807899947274e+02 2.356635053967243039e+02
5761 4.579494609176397262e+02 2.356557907385230806e+02
5762 4.578795456220234428e+02 2.356480828497902280e+02
5763 4.578096348989805620e+02 2.356403817226852482e+02
5764 4.577397287443508276e+02 2.356326873493808023e+02
5765 4.576698271539787584e+02 2.356249997220622276e+02
5766 4.575999301237146142e+02 2.356173188329281629e+02
5767 4.575300376494128614e+02 2.356096446741897523e+02
5768 4.574601497269333663e+02 2.356019772380712993e+02
5769 4.573902663521409409e+02 2.355943165168097266e+02
5770 4.573203875209053990e+02 2.355866625026548604e+02
5771 4.572505132291016139e+02 2.355790151878692882e+02
5772 4.571806434726092334e+02 2.355713745647282451e+02
5773 4.571107782473131920e+02 2.355637406255198414e+02
5774 4.570409175491029146e+02 2.355561133625446359e+02
5775 4.569710613738732263e+02 2.355484927681160912e+02
5776 4.569012097175236704e+02 2.355408788345600044e+02
5777 4.568313625759586216e+02 2.355332715542149344e+02
5778 4.567615199450878549e+02 2.355256709194319455e+02
5779 4.566916818208253517e+02 2.355180769225746928e+02
5780 4.566218481990906639e+02 2.355104895560190812e+02
5781 4.565520190758078343e+02 2.355029088121538052e+02
5782 4.564821944469060213e+02 2.354953346833797525e+02
5783 4.564123743083190448e+02 2.354877671621102593e+02
5784 4.563425586559858402e+02 2.354802062407710821e+02
5785 4.562727474858499477e+02 2.354726519118003694e+02
5786 4.562029407938600229e+02 2.354651041676483771e+02
5787 4.561331385759693262e+02 2.354575630007778386e+02
5788 4.560633408281362904e+02 2.354500284036637083e+02
5789 4.559935475463238390e+02 2.354425003687930769e+02
5790 4.559237587264999547e+02 2.354349788886652277e+02
5791 4.558539743646372244e+02 2.354274639557917226e+02
5792 4.557841944567132373e+02 2.354199555626962024e+02
5793 4.557144189987103573e+02 2.354124537019143020e+02
5794 4.556446479866156665e+02 2.354049583659941050e+02
5795 4.555748814164210785e+02 2.353974695474951488e+02
5796 4.555051192841233387e+02 2.353899872389894767e+02
5797 4.554353615857238538e+02 2.353825114330610404e+02
5798 4.553656083172286344e+02 2.353750421223054445e+02
5799 4.552958594746489212e+02 2.353675792993306572e+02
5800 4.552261150540002177e+02 2.353601229567562996e+02
5801 4.551563750513032005e+02 2.353526730872139865e+02
5802 4.550866394625830367e+02 2.353452296833470712e+02
5803 4.550169082838693271e+02 2.353377927378106733e+02
5804 4.549471815111969022e+02 2.353303622432720772e+02
5805 4.548774591406050831e+02 2.353229381924097936e+02
5806 4.548077411681377953e+02 2.353155205779145547e+02
5807 4.547380275898438526e+02 2.353081093924884613e+02
5808 4.546683184017765029e+02 2.353007046288454376e+02
5809 4.545986135999939393e+02 2.352933062797112314e+02
5810 4.545289131805590159e+02 2.352859143378227600e+02
5811 4.544592171395387936e+02 2.352785287959289917e+02
5812 4.543895254730053921e+02 2.352711496467903203e+02
5813 4.543198381770356491e+02 2.352637768831786502e+02
5814 4.542501552477109499e+02 2.352564104978773685e+02
5815 4.541804766811171135e+02 2.352490504836814864e+02
5816 4.541108024733447337e+02 2.352416968333972136e+02
5817 4.540411326204888951e+02 2.352343495398425830e+02
5818 4.539714671186495138e+02 2.352270085958467405e+02
5819 4.539018059639308262e+02 2.352196739942503712e+02
5820 4.538321491524422981e+02 2.352123457279054719e+02
5821 4.537624966802968061e+02 2.352050237896752094e+02
5822 4.536928485436129677e+02 2.351977081724343464e+02
5823 4.536232047385132091e+02 2.351903988690687015e+02
5824 4.535535652611250725e+02 2.351830958724756044e+02
5825 4.534839301075800790e+02 2.351757991755631281e+02
5826 4.534142992740148088e+02 2.351685087712510835e+02
5827 4.533446727565702190e+02 2.351612246524701391e+02
5828 4.532750505513915300e+02 2.351539468121622178e+02
5829 4.532054326546286802e+02 2.351466752432803275e+02
5830 4.531358190624365534e+02 2.351394099387885888e+02
5831 4.530662097709736713e+02 2.351321508916621781e+02
5832 4.529966047764036148e+02 2.351248980948872713e+02
5833 4.529270040748946258e+02 2.351176515414612425e+02
5834 4.528574076626188116e+02 2.351104112243923510e+02
5835 4.527878155357533387e+02 2.351031771366995997e+02
5836 4.527182276904796367e+02 2.350959492714133603e+02
5837 4.526486441229832849e+02 2.350887276215745487e+02
5838 4.525790648294550920e+02 2.350815121802352792e+02
5839 4.525094898060893911e+02 2.350743029404582387e+02
5840 4.524399190490856881e+02 2.350670998953172273e+02
5841 4.523703525546477522e+02 2.350599030378967313e+02
5842 4.523007903189833314e+02 2.350527123612919240e+02
5843 4.522312323383050625e+02 2.350455278586090060e+02
5844 4.521616786088299591e+02 2.350383495229646087e+02
5845 4.520921291267792981e+02 2.350311773474863628e+02
5846 4.520225838883789038e+02 2.350240113253124150e+02
5847 4.519530428898588070e+02 2.350168514495917407e+02
5848 4.518835061274535292e+02 2.350096977134839165e+02
5849 4.518139735974019118e+02 2.350025501101588361e+02
5850 4.517444452959473438e+02 2.349954086327974778e+02
5851 4.516749212193373637e+02 2.349882732745910232e+02
5852 4.516054013638240008e+02 2.349811440287414257e+02
5853 4.515358857256635474e+02 2.349740208884610126e+02
5854 4.514663743011167298e+02 2.349669038469727127e+02
5855 4.513968670864485944e+02 2.349597928975098853e+02
5856 4.513273640779285074e+02 2.349526880333163206e+02
5857 4.512578652718298713e+02 2.349455892476462964e+02
5858 4.511883706644310337e+02 2.349384965337644928e+02
5859 4.511188802520138665e+02 2.349314098849458503e+02
5860 4.510493940308654146e+02 2.349243292944758252e+02
5861 4.509799119972762469e+02 2.349172547556501627e+02
5862 4.509104341475417641e+02 2.349101862617748111e+02
5863 4.508409604779612891e+02 2.349031238061663487e+02
5864 4.507714909848385219e+02 2.348960673821511023e+02
5865 4.507020256644814822e+02 2.348890169830659715e+02
5866 4.506325645132025102e+02 2.348819726022580312e+02
5867 4.505631075273180954e+02 2.348749342330845877e+02
5868 4.504936547031489908e+02 2.348679018689129521e+02
5869 4.504242060370200420e+02 2.348608755031208091e+02
5870 4.503547615252608125e+02 2.348538551290957628e+02
5871 4.502853211642044471e+02 2.348468407402356775e+02
5872 4.502158849501887516e+02 2.348398323299484503e+02
5873 4.501464528795555680e+02 2.348328298916519259e+02
5874 4.500770249486512853e+02 2.348258334187742093e+02
5875 4.500076011538258172e+02 2.348188429047531827e+02
5876 4.499381814914338520e+02 2.348118583430369313e+02
5877 4.498687659578340572e+02 2.348048797270834029e+02
5878 4.497993545493891929e+02 2.347979070503604646e+02
5879 4.497299472624665668e+02 2.347909403063459024e+02
5880 4.496605440934370677e+02 2.347839794885275069e+02
5881 4.495911450386760748e+02 2.347770245904029309e+02
5882 4.495217500945632878e+02 2.347700756054795193e+02
5883 4.494523592574824420e+02 2.347631325272747915e+02
5884 4.493829725238211381e+02 2.347561953493156182e+02
5885 4.493135898899712970e+02 2.347492640651390445e+02
5886 4.492442113523292164e+02 2.347423386682917226e+02
5887 4.491748369072947753e+02 2.347354191523301665e+02
5888 4.491054665512726274e+02 2.347285055108204972e+02
5889 4.490361002806709507e+02 2.347215977373385556e+02
5890 4.489667380919023572e+02 2.347146958254698745e+02
5891 4.488973799813834376e+02 2.347077997688097639e+02
5892 4.488280259455347618e+02 2.347009095609630265e+02
5893 4.487586759807812768e+02 2.346940251955441852e+02
5894 4.486893300835519085e+02 2.346871466661773127e+02
5895 4.486199882502792207e+02 2.346802739664960029e+02
5896 4.485506504774006657e+02 2.346734070901435985e+02
5897 4.484813167613570499e+02 2.346665460307727642e+02
5898 4.484119870985934995e+02 2.346596907820458284e+02
5899 4.483426614855592334e+02 2.346528413376346123e+02
5900 4.482733399187073928e+02 2.346459976912201455e+02
5901 4.482040223944949844e+02 2.346391598364933770e+02
5902 4.481347089093836189e+02 2.346323277671543224e+02
5903 4.480653994598383747e+02 2.346255014769124614e+02
5904 4.479960940423285365e+02 2.346186809594868237e+02
5905 4.479267926533271975e+02 2.346118662086056474e+02
5906 4.478574952893119985e+02 2.346050572180066638e+02
5907 4.477882019467639907e+02 2.345982539814367556e+02
5908 4.477189126221686593e+02 2.345914564926522985e+02
5909 4.476496273120148430e+02 2.345846647454189053e+02
5910 4.475803460127962126e+02 2.345778787335113122e+02
5911 4.475110687210096785e+02 2.345710984507136345e+02
5912 4.474417954331564715e+02 2.345643238908193382e+02
5913 4.473725261457417446e+02 2.345575550476308422e+02
5914 4.473032608552745160e+02 2.345507919149598592e+02
5915 4.472339995582679535e+02 2.345440344866273961e+02
5916 4.471647422512388630e+02 2.345372827564633553e+02
5917 4.470954889307080862e+02 2.345305367183070189e+02
5918 4.470262395932004438e+02 2.345237963660066498e+02
5919 4.469569942352449061e+02 2.345170616934196630e+02
5920 4.468877528533739110e+02 2.345103326944123410e+02
5921 4.468185154441240456e+02 2.345036093628603453e+02
5922 4.467492820040357060e+02 2.344968916926481484e+02
5923 4.466800525296533806e+02 2.344901796776693175e+02
5924 4.466108270175253097e+02 2.344834733118263159e+02
5925 4.465416054642036556e+02 2.344767725890307304e+02
5926 4.464723878662442189e+02 2.344700775032028446e+02
5927 4.464031742202070632e+02 2.344633880482722930e+02
5928 4.463339645226560606e+02 2.344567042181772365e+02
5929 4.462647587701585508e+02 2.344500260068649311e+02
5930 4.461955569592863071e+02 2.344433534082914434e+02
5931 4.461263590866144000e+02 2.344366864164216224e+02
5932 4.460571651487221629e+02 2.344300250252294404e+02
5933 4.459879751421925675e+02 2.344233692286973678e+02
5934 4.459187890636123370e+02 2.344167190208167995e+02
5935 4.458496069095721737e+02 2.344100743955879125e+02
5936 4.457804286766668156e+02 2.344034353470196947e+02
5937 4.457112543614942410e+02 2.343968018691298028e+02
5938 4.456420839606566915e+02 2.343901739559446753e+02
5939 4.455729174707600464e+02 2.343835516014995051e+02
5940 4.455037548884140506e+02 2.343769347998379828e+02
5941 4.454345962102322574e+02 2.343703235450127238e+02
5942 4.453654414328318580e+02 2.343637178310847275e+02
5943 4.452962905528339661e+02 2.343571176521238328e+02
5944 4.452271435668634467e+02 2.343505230022084902e+02
5945 4.451580004715487462e+02 2.343439338754256482e+02
5946 4.450888612635225172e+02 2.343373502658708389e+02
5947 4.450197259394207663e+02 2.343307721676482345e+02
5948 4.449505944958833652e+02 2.343241995748704767e+02
5949 4.448814669295538806e+02 2.343176324816587908e+02
5950 4.448123432370798014e+02 2.343110708821428432e+02
5951 4.447432234151121975e+02 2.343045147704608837e+02
5952 4.446741074603058337e+02 2.342979641407596318e+02
5953 4.446049953693192833e+02 2.342914189871940494e+02
5954 4.445358871388149851e+02 2.342848793039278235e+02
5955 4.444667827654587313e+02 2.342783450851328269e+02
5956 4.443976822459202367e+02 2.342718163249896008e+02
5957 4.443285855768729675e+02 2.342652930176867869e+02
5958 4.442594927549940280e+02 2.342587751574215247e+02
5959 4.441904037769642173e+02 2.342522627383992528e+02
5960 4.441213186394680292e+02 2.342457557548338798e+02
5961 4.440522373391934821e+02 2.342392542009474710e+02
5962 4.439831598728324025e+02 2.342327580709704193e+02
5963 4.439140862370804257e+02 2.342262673591414455e+02
5964 4.438450164286365975e+02 2.342197820597074838e+02
5965 4.437759504442034881e+02 2.342133021669238246e+02
5966 4.437068882804881582e+02 2.342068276750536597e+02
5967 4.436378299342002265e+02 2.342003585783689346e+02
5968 4.435687754020535749e+02 2.341938948711493254e+02
5969 4.434997246807654960e+02 2.341874365476827222e+02
5970 4.434306777670573183e+02 2.341809836022654849e+02
5971 4.433616346576533260e+02 2.341745360292018177e+02
5972 4.432925953492818394e+02 2.341680938228041668e+02
5973 4.432235598386750439e+02 2.341616569773931076e+02
5974 4.431545281225679673e+02 2.341552254872972298e+02
5975 4.430855001977000711e+02 2.341487993468532807e+02
5976 4.430164760608137726e+02 2.341423785504059367e+02
5977 4.429474557086554114e+02 2.341359630923081454e+02
5978 4.428784391379749081e+02 2.341295529669206132e+02
5979 4.428094263455256510e+02 2.341231481686121185e+02
5980 4.427404173280647228e+02 2.341167486917597387e+02
5981 4.426714120823526173e+02 2.341103545307481113e+02
5982 4.426024106051535227e+02 2.341039656799699742e+02
5983 4.425334128932352087e+02 2.340975821338261085e+02
5984 4.424644189433690258e+02 2.340912038867251113e+02
5985 4.423954287523296216e+02 2.340848309330835662e+02
5986 4.423264423168953385e+02 2.340784632673258727e+02
5987 4.422574596338483843e+02 2.340721008838844170e+02
5988 4.421884806999738657e+02 2.340657437771992875e+02
5989 4.421195055120608686e+02 2.340593919417185305e+02
5990 4.420505340669018324e+02 2.340530453718980084e+02
5991 4.419815663612929484e+02 2.340467040622013997e+02
5992 4.419126028237030255e+02 2.340350629859926528e+02
5993 4.418436476854736839e+02 2.340149801546342303e+02
5994 4.417747044939123384e+02 2.339945028556437592e+02
5995 4.417057733659156611e+02 2.339740378583597362e+02
5996 4.416368542931818411e+02 2.339535851553561940e+02
5997 4.415679472674154340e+02 2.339331447392118548e+02
5998 4.414990522803275326e+02 2.339127166025095335e+02
5999 4.414301693236346864e+02 2.338923007378364218e+02
6000 4.413612983890606642e+02 2.338718971377841456e+02
6001 4.412924394683349192e+02 2.338515057949487357e+02
6002 4.412235925531932139e+02 2.338311267019302591e+02
6003 4.411547576353777345e+02 2.338107598513337280e+02
6004 4.410859347066366354e+02 2.337904052357677926e+02
6005 4.410171237587246651e+02 2.337700628478460487e+02
6006 4.409483247834025974e+02 2.337497326801860709e+02
6007 4.408795377724372884e+02 2.337294147254098391e+02
6008 4.408107627176019037e+02 2.337091089761437388e+02
6009 4.407419996106760891e+02 2.336888154250183049e+02
6010 4.406732484434454591e+02 2.336685340646687621e+02
6011 4.406045092077017102e+02 2.336482648877343422e+02
6012 4.405357818952429056e+02 2.336280078868587111e+02
6013 4.404670664978734180e+02 2.336077630546897694e+02
6014 4.403983630074035318e+02 2.335875303838797663e+02
6015 4.403296714156498410e+02 2.335673098670854415e+02
6016 4.402609917144349652e+02 2.335471014969675991e+02
6017 4.401923238955883448e+02 2.335269052661915623e+02
6018 4.401236679509446503e+02 2.335067211674269174e+02
6019 4.400550238723452026e+02 2.334865491933472015e+02
6020 4.399863916516376889e+02 2.334663893366308685e+02
6021 4.399177712806753675e+02 2.334462415899601240e+02
6022 4.398491627513180902e+02 2.334261059460218917e+02
6023 4.397805660554318479e+02 2.334059823975070458e+02
6024 4.397119811848884865e+02 2.333858709371108091e+02
6025 4.396434081315661047e+02 2.333657715575330087e+02
6026 4.395748468873489969e+02 2.333456842514774507e+02
6027 4.395062974441277106e+02 2.333256090116522898e+02
6028 4.394377597937984206e+02 2.333055458307699723e+02
6029 4.393692339282639523e+02 2.332854947015473215e+02
6030 4.393007198394329293e+02 2.332654556167052249e+02
6031 4.392322175115901359e+02 2.332455131362582677e+02
6032 4.391637268820558120e+02 2.332256355981359093e+02
6033 4.390952479242981781e+02 2.332057698175234748e+02
6034 4.390267806304195233e+02 2.331859157873624326e+02
6035 4.389583249925283894e+02 2.331660735005983440e+02
6036 4.388898810027389459e+02 2.331462429501811187e+02
6037 4.388214486531716148e+02 2.331264241290649863e+02
6038 4.387530279359520478e+02 2.331066170302084117e+02
6039 4.386846188432126041e+02 2.330868216465744354e+02
6040 4.386162213670908727e+02 2.330670379711299915e+02
6041 4.385478354997305814e+02 2.330472659968465337e+02
6042 4.384794612332815404e+02 2.330275057166997499e+02
6043 4.384110985598989032e+02 2.330077571236697054e+02
6044 4.383427474717444170e+02 2.329880202107404727e+02
6045 4.382744079609847176e+02 2.329682949709007858e+02
6046 4.382060800197932622e+02 2.329485813971433572e+02
6047 4.381377636403487941e+02 2.329288794824653337e+02
6048 4.380694588148359685e+02 2.329091892198681535e+02
6049 4.380011655354454660e+02 2.328895106023573192e+02
6050 4.379328837943736517e+02 2.328698436229427671e+02
6051 4.378646135838227451e+02 2.328501882746386400e+02
6052 4.377963548960008211e+02 2.328305445504634008e+02
6053 4.377281077231219797e+02 2.328109124434396051e+02
6054 4.376598720574051526e+02 2.327912919465942423e+02
6055 4.375916478910766614e+02 2.327716830529586218e+02
6056 4.375234352163673748e+02 2.327520857555678901e+02
6057 4.374552340255143577e+02 2.327325000474619401e+02
6058 4.373870443107608139e+02 2.327129259216845014e+02
6059 4.373188660643551202e+02 2.326933633712839367e+02
6060 4.372506992785519060e+02 2.326738123893123884e+02
6061 4.371825439456113145e+02 2.326542729688265752e+02
6062 4.371144000577995143e+02 2.326347451028872797e+02
6063 4.370462676073881312e+02 2.326152287845597186e+02
6064 4.369781465866548160e+02 2.325957240069129455e+02
6065 4.369100369878827905e+02 2.325762307630206465e+02
6066 4.368419388033611881e+02 2.325567490459604016e+02
6067 4.367738520253848833e+02 2.325372788488142533e+02
6068 4.367057766462543782e+02 2.325178201646683931e+02
6069 4.366377126582759161e+02 2.324983729866130204e+02
6070 4.365696600537615382e+02 2.324789373077428820e+02
6071 4.365016188250292544e+02 2.324595131211565331e+02
6072 4.364335889644023609e+02 2.324401004199571901e+02
6073 4.363655704642100090e+02 2.324206991972517926e+02
6074 4.362975633167874321e+02 2.324013094461517994e+02
6075 4.362295675144749225e+02 2.323819311597727619e+02
6076 4.361615830496191961e+02 2.323625643312344948e+02
6077 4.360936099145719709e+02 2.323432089536606782e+02
6078 4.360256481016912176e+02 2.323238650201796531e+02
6079 4.359576976033403071e+02 2.323045325239236547e+02
6080 4.358897584118884083e+02 2.322852114580291243e+02
6081 4.358218305197104314e+02 2.322659018156366244e+02
6082 4.357539139191868003e+02 2.322466035898911514e+02
6083 4.356860086027035663e+02 2.322273167739414532e+02
6084 4.356181145626528632e+02 2.322080413609408254e+02
6085 4.355502317914319974e+02 2.321887773440465423e+02
6086 4.354823602814440164e+02 2.321695247164200282e+02
6087 4.354145000250981639e+02 2.321502834712270555e+02
6088 4.353466510148085149e+02 2.321310536016372907e+02
6089 4.352788132429953976e+02 2.321118351008245213e+02
6090 4.352109867020845400e+02 2.320926279619670254e+02
6091 4.351431713845072977e+02 2.320734321782469181e+02
6092 4.350753672827005403e+02 2.320542477428506345e+02
6093 4.350075743891073330e+02 2.320350746489686742e+02
6094 4.349397926961756866e+02 2.320159128897957430e+02
6095 4.348720221963595804e+02 2.319967624585304122e+02
6096 4.348042628821182234e+02 2.319776233483757437e+02
6097 4.347365147459171908e+02 2.319584955525388068e+02
6098 4.346687777802268329e+02 2.319393790642305930e+02
6099 4.346010519775238095e+02 2.319202738766665561e+02
6100 4.345333373302898394e+02 2.319011799830660436e+02
6101 4.344656338310122692e+02 2.318820973766525810e+02
6102 4.343979414721844705e+02 2.318630260506538718e+02
6103 4.343302602463049880e+02 2.318439659983015702e+02
6104 4.342625901458779936e+02 2.318249172128315649e+02
6105 4.341949311634135142e+02 2.318058796874837810e+02
6106 4.341272832914265791e+02 2.317868534155024065e+02
6107 4.340596465224384133e+02 2.317678383901355801e+02
6108 4.339920208489753577e+02 2.317488346046354195e+02
6109 4.339244062635695514e+02 2.317298420522585047e+02
6110 4.338568027587585334e+02 2.317108607262651390e+02
6111 4.337892103270855841e+02 2.316918906199199171e+02
6112 4.337216289610989861e+02 2.316729317264914982e+02
6113 4.336540586533532746e+02 2.316539840392525491e+02
6114 4.335864993964082714e+02 2.316350475514799143e+02
6115 4.335189511828290847e+02 2.316161222564544744e+02
6116 4.334514140051861659e+02 2.315972081474610604e+02
6117 4.333838878560565036e+02 2.315783052177888521e+02
6118 4.333163727280212925e+02 2.315594134607308661e+02
6119 4.332488686136683782e+02 2.315405328695842968e+02
6120 4.331813755055900970e+02 2.315216634376503180e+02
6121 4.331138933963848103e+02 2.315028051582343096e+02
6122 4.330464222786565074e+02 2.314839580246455455e+02
6123 4.329789621450144637e+02 2.314651220301974490e+02
6124 4.329115129880734685e+02 2.314462971682074510e+02
6125 4.328440748004534271e+02 2.314274834319971319e+02
6126 4.327766475747804975e+02 2.314086808148919090e+02
6127 4.327092313623580253e+02 2.313856830506571214e+02
6128 4.326418348863741699e+02 2.313229940259523971e+02
6129 4.325744749166278211e+02 2.312603775637514332e+02
6130 4.325071514009973157e+02 2.311978335319091400e+02
6131 4.324398642874725738e+02 2.311353617986727897e+02
6132 4.323726135241539055e+02 2.310729622326799984e+02
6133 4.323053990592521814e+02 2.310106347029571623e+02
6134 4.322382208410885482e+02 2.309483790789188902e+02
6135 4.321710788180939176e+02 2.308861952303653311e+02
6136 4.321039729388082833e+02 2.308240830274818336e+02
6137 4.320369031518814040e+02 2.307620423408370698e+02
6138 4.319698694060706998e+02 2.307000730413816711e+02
6139 4.319028716502433554e+02 2.306381750004465232e+02
6140 4.318359098333733641e+02 2.305763480897421971e+02
6141 4.317689839045431199e+02 2.305145921813564485e+02
6142 4.317020938129423371e+02 2.304529071477541322e+02
6143 4.316352395078674249e+02 2.303912928617744740e+02
6144 4.315684209387221131e+02 2.303297491966305302e+02
6145 4.315016380550156896e+02 2.302682760259075678e+02
6146 4.314348908063644217e+02 2.302068732235620132e+02
6147 4.313681791424895664e+02 2.301455406639196610e+02
6148 4.313015030132179390e+02 2.300842782216741966e+02
6149 4.312348623684815720e+02 2.300230857718862865e+02
6150 4.311682571583172603e+02 2.299619631899825265e+02
6151 4.311016873328659358e+02 2.299009103517529127e+02
6152 4.310351528423729519e+02 2.298399271333506988e+02
6153 4.309686536371869465e+02 2.297790134112906060e+02
6154 4.309021896677604673e+02 2.297181690624470036e+02
6155 4.308357608846491189e+02 2.296573939640538526e+02
6156 4.307693672385108812e+02 2.295966879937020622e+02
6157 4.307030086801067910e+02 2.295360510293387506e+02
6158 4.306366851602996348e+02 2.294754829492663362e+02
6159 4.305703966300541765e+02 2.294149836321405758e+02
6160 4.305041430404367588e+02 2.293545529569690871e+02
6161 4.304379243426149060e+02 2.292941908031110358e+02
6162 4.303717404878571529e+02 2.292338970502754307e+02
6163 4.303055914275322493e+02 2.291736715785190768e+02
6164 4.302394771131097855e+02 2.291135142682464902e+02
6165 4.301733974961590548e+02 2.290534250002078522e+02
6166 4.301073525283490540e+02 2.289934036554976160e+02
6167 4.300413421614479148e+02 2.289334501155544217e+02
6168 4.299753663473232450e+02 2.288735642621580553e+02
6169 4.299094250379411619e+02 2.288137459774298748e+02
6170 4.298435181853664631e+02 2.287539951438304513e+02
6171 4.297776457417616598e+02 2.286943116441587733e+02
6172 4.297118076593878868e+02 2.286346953615510529e+02
6173 4.296460038906026284e+02 2.285751461794790771e+02
6174 4.295802343878622196e+02 2.285156639817496966e+02
6175 4.295144991037183217e+02 2.284562486525029783e+02
6176 4.294487979908207080e+02 2.283969000762107271e+02
6177 4.293831310019145349e+02 2.283376181376767420e+02
6178 4.293174980898415924e+02 2.282784027220336611e+02
6179 4.292518992075389974e+02 2.282192537147433029e+02
6180 4.291863343080397613e+02 2.281601710015942501e+02
6181 4.291208033444721082e+02 2.281011544687019637e+02
6182 4.290553062700589066e+02 2.280422040025061960e+02
6183 4.289898430381179537e+02 2.279833194897709916e+02
6184 4.289244136020611791e+02 2.279245008175827536e+02
6185 4.288590179153947588e+02 2.278657478733492781e+02
6186 4.287936559317185470e+02 2.278070605447987873e+02
6187 4.287283276047259051e+02 2.277484387199783100e+02
6188 4.286630328882031904e+02 2.276898822872529990e+02
6189 4.285977717360304382e+02 2.276313911353047672e+02
6190 4.285325441021792585e+02 2.275729651531308946e+02
6191 4.284673499407147688e+02 2.275146042300432612e+02
6192 4.284021892057933769e+02 2.274563082556670111e+02
6193 4.283370618516636341e+02 2.273980771199396429e+02
6194 4.282719678326655526e+02 2.273399107131091057e+02
6195 4.282069071032304919e+02 2.272818089257335430e+02
6196 4.281418796178808179e+02 2.272237716486802697e+02
6197 4.280768853312296187e+02 2.271657987731233845e+02
6198 4.280119241979803633e+02 2.271078901905438556e+02
6199 4.279469961729270153e+02 2.270500457927282696e+02
6200 4.278821012109528397e+02 2.269922654717671548e+02
6201 4.278172392670315389e+02 2.269345491200537595e+02
6202 4.277524102962256052e+02 2.268768966302844774e+02
6203 4.276876142536868315e+02 2.268193078954556370e+02
6204 4.276228510946560277e+02 2.267617828088642398e+02
6205 4.275581207744624521e+02 2.267043212641049479e+02
6206 4.274934232485236407e+02 2.266469231550712209e+02
6207 4.274287584723452369e+02 2.265895883759521041e+02
6208 4.273641264015208776e+02 2.265323168212328540e+02
6209 4.272995269917317387e+02 2.264751083856927494e+02
6210 4.272349601987457959e+02 2.264179629644046940e+02
6211 4.271704266025606103e+02 2.263541846352395055e+02
6212 4.271059301852477006e+02 2.262869302196578190e+02
6213 4.270414720819806575e+02 2.262197424302730724e+02
6214 4.269770522434400277e+02 2.261526211751347830e+02
6215 4.269126706203932144e+02 2.260855663625150385e+02
6216 4.268483271636927157e+02 2.260185779009066209e+02
6217 4.267840218242773176e+02 2.259516556990233198e+02
6218 4.267197545531710148e+02 2.258847996657981980e+02
6219 4.266555253014830669e+02 2.258180097103839330e+02
6220 4.265913340204074871e+02 2.257512857421509125e+02
6221 4.265271806612236105e+02 2.256846276706870071e+02
6222 4.264630651752950712e+02 2.256180354057969168e+02
6223 4.263989875140698587e+02 2.255515088575014317e+02
6224 4.263349476290799771e+02 2.254850479360359827e+02
6225 4.262709454719418432e+02 2.254186525518509825e+02
6226 4.262069809943549217e+02 2.253523226156108308e+02
6227 4.261430541481027490e+02 2.252860580381916691e+02
6228 4.260791648850521369e+02 2.252198587306830291e+02
6229 4.260153131571524909e+02 2.251537246043853884e+02
6230 4.259514989164366625e+02 2.250876555708100852e+02
6231 4.258877221150195851e+02 2.250216515416781817e+02
6232 4.258239827050992403e+02 2.249557124289204353e+02
6233 4.257602806389555212e+02 2.248898381446758776e+02
6234 4.256966158689504596e+02 2.248240286012915021e+02
6235 4.256329883475277143e+02 2.247582837113212690e+02
6236 4.255693980272129693e+02 2.246926033875255087e+02
6237 4.255058448606127399e+02 2.246269875428702676e+02
6238 4.254423288004153960e+02 2.245614360905265983e+02
6239 4.253788497993897977e+02 2.244959489438697346e+02
6240 4.253154078103860343e+02 2.244305260164784954e+02
6241 4.252520027863343444e+02 2.243651672221343176e+02
6242 4.251886346802457410e+02 2.242998724748212567e+02
6243 4.251253034452112729e+02 2.242346416887240537e+02
6244 4.250620090344019673e+02 2.241694747782287322e+02
6245 4.249987514010686027e+02 2.241043716579212912e+02
6246 4.249355304985416524e+02 2.240393322425866245e+02
6247 4.248723462802310564e+02 2.239743564472090043e+02
6248 4.248091986996255969e+02 2.239094441869702337e+02
6249 4.247460877102935797e+02 2.238445953772490213e+02
6250 4.246830148622026400e+02 2.237662427084747776e+02
6251 4.246199868466903240e+02 2.236852572344797352e+02
6252 4.245570048807399530e+02 2.236012453044248218e+02
6253 4.244940702062907008e+02 2.235173307915138139e+02
6254 4.244311827507779640e+02 2.234335135585193939e+02
6255 4.243683424417755532e+02 2.233497934684879169e+02
6256 4.243055492069960906e+02 2.232661703847378192e+02
6257 4.242428029742906688e+02 2.231826441708593336e+02
6258 4.241801036716473732e+02 2.230992146907137226e+02
6259 4.241174512271927597e+02 2.230158818084312600e+02
6260 4.240548455691899790e+02 2.229326453884128227e+02
6261 4.239922866260390037e+02 2.228495052953268214e+02
6262 4.239297743262767426e+02 2.227664613941096263e+02
6263 4.238673085985759030e+02 2.226835135499644878e+02
6264 4.238048893717452756e+02 2.226006616283609674e+02
6265 4.237425165747288247e+02 2.225179054950337161e+02
6266 4.236801901366060861e+02 2.224352450159818773e+02
6267 4.236179099865912008e+02 2.223526800574689446e+02
6268 4.235556760540326877e+02 2.222702104860209431e+02
6269 4.234934882684140121e+02 2.221878361684264007e+02
6270 4.234313465593514820e+02 2.221055569717354388e+02
6271 4.233692508565956132e+02 2.220233727632586920e+02
6272 4.233072010900300484e+02 2.219412834105672516e+02
6273 4.232451971896711598e+02 2.218592887814909318e+02
6274 4.231832390856679353e+02 2.217773887441185821e+02
6275 4.231213267083015239e+02 2.216955831667965242e+02
6276 4.230594599879855195e+02 2.216138719181284955e+02
6277 4.229976388552644266e+02 2.215322548669738580e+02
6278 4.229358632408145127e+02 2.214507318824484230e+02
6279 4.228741330754430123e+02 2.213693028339222906e+02
6280 4.228124482900876160e+02 2.212879675910194237e+02
6281 4.227508088158161854e+02 2.212067260236176764e+02
6282 4.226892145838270380e+02 2.211255780018471739e+02
6283 4.226276655254482080e+02 2.210445233960903693e+02
6284 4.225661615721369344e+02 2.209635620769803950e+02
6285 4.225047026554793774e+02 2.208826939154012905e+02
6286 4.224432887071907885e+02 2.208019187824864389e+02
6287 4.223819196591150558e+02 2.207212365496187942e+02
6288 4.223205954432237377e+02 2.206406470884290343e+02
6289 4.222593159916164041e+02 2.205601502707960719e+02
6290 4.221980812365206361e+02 2.204797459688453785e+02
6291 4.221368911102906054e+02 2.203994340549485287e+02
6292 4.220757455454078126e+02 2.203192144017227179e+02
6293 4.220146444744803489e+02 2.202390868820301648e+02
6294 4.219535878302426681e+02 2.201590513689769750e+02
6295 4.218925755455550188e+02 2.200791077359127428e+02
6296 4.218316075534036713e+02 2.199992558564294711e+02
6297 4.217706837869002925e+02 2.199194956043619129e+02
6298 4.217098041792815479e+02 2.198398268537856097e+02
6299 4.216489686639091587e+02 2.197602494790167498e+02
6300 4.215881771742688215e+02 2.196807633546116847e+02
6301 4.215274296439714590e+02 2.196013683553659632e+02
6302 4.214667260067508892e+02 2.195220643563138196e+02
6303 4.214060661964653605e+02 2.194428512327273779e+02
6304 4.213454502890023718e+02 2.193586054157586887e+02
6305 4.212848842907536095e+02 2.192540432073165846e+02
6306 4.212243760062877982e+02 2.191496231627592408e+02
6307 4.211639253296823995e+02 2.190453450792656156e+02
6308 4.211035321552397477e+02 2.189412087543214795e+02
6309 4.210431963774849464e+02 2.188372139857192451e+02
6310 4.209829178911661529e+02 2.187333605715575686e+02
6311 4.209226965912536684e+02 2.186296483102402419e+02
6312 4.208625323729397110e+02 2.185260770004757660e+02
6313 4.208024251316372784e+02 2.184226464412772657e+02
6314 4.207423747629807167e+02 2.183193564319609834e+02
6315 4.206823811628240151e+02 2.182162067721465064e+02
6316 4.206224442272409192e+02 2.181131972617554311e+02
6317 4.205625638525243062e+02 2.180103277010110503e+02
6318 4.205027399351857298e+02 2.179075978904384385e+02
6319 4.204429723719549656e+02 2.178050076308629173e+02
6320 4.203832610140769930e+02 2.177031708817046649e+02
6321 4.203236053587302195e+02 2.176019870888414971e+02
6322 4.202640051321387773e+02 2.175009358176621390e+02
6323 4.202044602359937926e+02 2.174000168997669959e+02
6324 4.201449705721802275e+02 2.172992301669360131e+02
6325 4.200855360427756864e+02 2.171985754511281357e+02
6326 4.200261565500502456e+02 2.170980525844798308e+02
6327 4.199668319964657712e+02 2.169976613993069350e+02
6328 4.199075622846761462e+02 2.168974017281023237e+02
6329 4.198483473175261338e+02 2.167972734035381848e+02
6330 4.197891869980516617e+02 2.166972762584637735e+02
6331 4.197300812294788557e+02 2.165974101259064071e+02
6332 4.196710299152241532e+02 2.164976748390714647e+02
6333 4.196120329588935078e+02 2.163980702313413360e+02
6334 4.195530902642821616e+02 2.162985961362759895e+02
6335 4.194942017353739629e+02 2.161992523876130861e+02
6336 4.194353672763418786e+02 2.161000388192670982e+02
6337 4.193765867915462877e+02 2.160009552653292815e+02
6338 4.193178601855356646e+02 2.159020015600682996e+02
6339 4.192591873630459531e+02 2.158031775379294004e+02
6340 4.192005682289994297e+02 2.157044830335347854e+02
6341 4.191420026885053858e+02 2.156059178816822168e+02
6342 4.190834906468590475e+02 2.155074819173467233e+02
6343 4.190250320095416328e+02 2.154091749756794911e+02
6344 4.189666266822196121e+02 2.153109968920076369e+02
6345 4.189082745707441973e+02 2.152129475018343499e+02
6346 4.188499755811516252e+02 2.151150266408386074e+02
6347 4.187917296196621919e+02 2.150172341448749478e+02
6348 4.187335365926799113e+02 2.149195698499743230e+02
6349 4.186753964067924016e+02 2.148220335923420805e+02
6350 4.186173089687704874e+02 2.147246252083596119e+02
6351 4.185592741855674603e+02 2.146273445345836706e+02
6352 4.185012919643189662e+02 2.145301914077451215e+02
6353 4.184433622123426062e+02 2.144331656647508737e+02
6354 4.183854848371379376e+02 2.143362671426822033e+02
6355 4.183276597463851090e+02 2.142394956787951514e+02
6356 4.182698868479454291e+02 2.141428511105202404e+02
6357 4.182121660498605138e+02 2.140463332754627572e+02
6358 4.181544972603524002e+02 2.139499420114019586e+02
6359 4.180968803878222388e+02 2.138536771562914112e+02
6360 4.180393153408510329e+02 2.137575385482589070e+02
6361 4.179818020281982740e+02 2.136615260256057809e+02
6362 4.179243403588026240e+02 2.135656394268077918e+02
6363 4.178669302417804374e+02 2.134698785905138152e+02
6364 4.178095715864261024e+02 2.133742433555465823e+02
6365 4.177522643022115858e+02 2.132787335609021397e+02
6366 4.176950082987857513e+02 2.131833490457501341e+02
6367 4.176378034859744730e+02 2.130880896494327033e+02
6368 4.175806497737797258e+02 2.129929552114658691e+02
6369 4.175235470723795288e+02 2.128979455715378606e+02
6370 4.174664952921280019e+02 2.128030605695101372e+02
6371 4.174094943435539449e+02 2.127083000454173316e+02
6372 4.173525441373610647e+02 2.126136638394649481e+02
6373 4.172956445844283166e+02 2.125191517920325452e+02
6374 4.172387955958083126e+02 2.124247637436714342e+02
6375 4.171819970827274346e+02 2.123304995351048206e+02
6376 4.171252489565860060e+02 2.122363590072285717e+02
6377 4.170685511289569831e+02 2.121423420011095118e+02
6378 4.170119035115862971e+02 2.120484483579874961e+02
6379 4.169553060163924556e+02 2.119546779192727399e+02
6380 4.168987585554654061e+02 2.118610305265482054e+02
6381 4.168422610410677294e+02 2.117675060215671294e+02
6382 4.167858133856327072e+02 2.116741042462550695e+02
6383 4.167294155017643220e+02 2.115808250427080850e+02
6384 4.166730673022380529e+02 2.114876682531933341e+02
6385 4.166167686999989428e+02 2.113946337201489598e+02
6386 4.165605196081623376e+02 2.113017212861842324e+02
6387 4.165043199400128060e+02 2.112089307940786682e+02
6388 4.164481696090045943e+02 2.111162620867824273e+02
6389 4.163920685287604897e+02 2.110237150074158876e+02
6390 4.163360166130718198e+02 2.109312893992702698e+02
6391 4.162800137758982828e+02 2.108389851058063300e+02
6392 4.162240599313670941e+02 2.107468019706551843e+02
6393 4.161681549937733280e+02 2.106547398376179103e+02
6394 4.161122988775788372e+02 2.105627985506650646e+02
6395 4.160564914974125372e+02 2.104709779539376484e+02
6396 4.160007327680696676e+02 2.103792778917448061e+02
6397 4.159450226045114505e+02 2.102876982085664963e+02
6398 4.158893609218650909e+02 2.101962387490511617e+02
6399 4.158337476354232081e+02 2.101048993580168087e+02
6400 4.157781826606430968e+02 2.100136798804503826e+02
6401 4.157226659131472957e+02 2.099225801615074261e+02
6402 4.156671973087223932e+02 2.098316000465126763e+02
6403 4.156117767633191988e+02 2.097407393809594112e+02
6404 4.155564041930524013e+02 2.096499980105096199e+02
6405 4.155010795141995459e+02 2.095593757809934630e+02
6406 4.154458026432015458e+02 2.094688725384094141e+02
6407 4.153905734966621139e+02 2.093784881289242605e+02
6408 4.153353919913471941e+02 2.092882223988729891e+02
6409 4.152802580441847340e+02 2.091980751947579336e+02
6410 4.152251715722644576e+02 2.091080463632502529e+02
6411 4.151701324928373538e+02 2.090181357511875149e+02
6412 4.151151407233154487e+02 2.089283432055763399e+02
6413 4.150601961812714649e+02 2.088386685735891604e+02
6414 4.150052987844388213e+02 2.087491117025669496e+02
6415 4.149504484507103825e+02 2.086596724400177152e+02
6416 4.148956450981391981e+02 2.085703506336158171e+02
6417 4.148408886449373654e+02 2.084811461312033884e+02
6418 4.147861790094763705e+02 2.083920587807891138e+02
6419 4.147315161102859520e+02 2.083030884305480583e+02
6420 4.146768998660546117e+02 2.082142349288224636e+02
6421 4.146223301956288765e+02 2.081254981241204689e+02
6422 4.145678070180127861e+02 2.080368778651172761e+02
6423 4.145133302523682346e+02 2.079483740006530752e+02
6424 4.144588998180137764e+02 2.078599863797357727e+02
6425 4.144045156344246834e+02 2.077717148515379222e+02
6426 4.143501776212330583e+02 2.076835592653985998e+02
6427 4.142958856982268117e+02 2.075955194708225235e+02
6428 4.142416397853497756e+02 2.075075953174797405e+02
6429 4.141874398027012489e+02 2.074197866552062806e+02
6430 4.141332856705355994e+02 2.073320933340030194e+02
6431 4.140791773092623203e+02 2.072445152040365031e+02
6432 4.140251146394450075e+02 2.071570521156383222e+02
6433 4.139710975818015868e+02 2.070697039193044304e+02
6434 4.139171260572040296e+02 2.069824704656969629e+02
6435 4.138631999866776141e+02 2.068953516056418778e+02
6436 4.138093192914012093e+02 2.068083471901294956e+02
6437 4.137554838927063088e+02 2.067214570703158358e+02
6438 4.137016937120772013e+02 2.066346810975202288e+02
6439 4.136479486711501750e+02 2.065480191232269362e+02
6440 4.135942486917139149e+02 2.064614709990840140e+02
6441 4.135405936957086510e+02 2.063750365769037103e+02
6442 4.134869836052257028e+02 2.062887157086622381e+02
6443 4.134334183425078209e+02 2.062025082464996331e+02
6444 4.133798978299482201e+02 2.061164140427192990e+02
6445 4.133264219900906369e+02 2.060304329497885192e+02
6446 4.132729907456290448e+02 2.059445648203380301e+02
6447 4.132196040194070861e+02 2.058588095071617374e+02
6448 4.131662606536593785e+02 2.057883584252109586e+02
6449 4.131129512803859711e+02 2.057304736862884056e+02
6450 4.130596718856173197e+02 2.056726616073841001e+02
6451 4.130064224283518115e+02 2.056148726132004754e+02
6452 4.129532028863168307e+02 2.055571423605632333e+02
6453 4.129000132176707893e+02 2.054994839056545572e+02
6454 4.128468533768948419e+02 2.054418971221898289e+02
6455 4.127937233185662080e+02 2.053843818841887980e+02
6456 4.127406229973589689e+02 2.053269380659732235e+02
6457 4.126875523680425317e+02 2.052695655421665606e+02
6458 4.126345113854823694e+02 2.052122641876930800e+02
6459 4.125815000046397358e+02 2.051550338777773277e+02
6460 4.125285181805704156e+02 2.050978744879425335e+02
6461 4.124755658684255764e+02 2.050407858940106109e+02
6462 4.124226430234506893e+02 2.049837679721003951e+02
6463 4.123697496009861538e+02 2.049268205986278986e+02
6464 4.123168855564662181e+02 2.048699436503042079e+02
6465 4.122640508454189217e+02 2.048131370041358252e+02
6466 4.122112454234659822e+02 2.047564005374229339e+02
6467 4.121584692463226247e+02 2.046997341277588305e+02
6468 4.121057222697970133e+02 2.046431376530294699e+02
6469 4.120530044497903077e+02 2.045866109914121296e+02
6470 4.120003157422959816e+02 2.045301540213746705e+02
6471 4.119476561034004476e+02 2.044737666216749403e+02
6472 4.118950254892812382e+02 2.044174486713595513e+02
6473 4.118424238562088249e+02 2.043612000497637951e+02
6474 4.117898511605442877e+02 2.043050206365100223e+02
6475 4.117373073587405656e+02 2.042489103115068190e+02
6476 4.116847924073417744e+02 2.041928689549490912e+02
6477 4.116323062629822971e+02 2.041368964473160474e+02
6478 4.115798488823874095e+02 2.040809926693715113e+02
6479 4.115274202223727684e+02 2.040251575021625285e+02
6480 4.114750202398442411e+02 2.039693908270178042e+02
6481 4.114226488917970528e+02 2.039136925255490382e+02
6482 4.113703061353163548e+02 2.038580624796477707e+02
6483 4.113179919275765428e+02 2.038025005714861209e+02
6484 4.112657062258411429e+02 2.037470066835150249e+02
6485 4.112134489874623000e+02 2.036915806984642074e+02
6486 4.111612201698814033e+02 2.036362224993413008e+02
6487 4.111090197306273240e+02 2.035809319694301678e+02
6488 4.110568476273174952e+02 2.035257089922909017e+02
6489 4.110047038176571732e+02 2.034705534517593435e+02
6490 4.109525882594394375e+02 2.034154652319456602e+02
6491 4.109005009105445652e+02 2.033604442172334643e+02
6492 4.108484417289400881e+02 2.033054902922796714e+02
6493 4.107964106726801106e+02 2.032506033420128233e+02
6494 4.107444076999059348e+02 2.031957832516337135e+02
6495 4.106924327688450944e+02 2.031410299066129994e+02
6496 4.106404858378111271e+02 2.030863431926914302e+02
6497 4.105885668652039158e+02 2.030317229958790790e+02
6498 4.105366758095088358e+02 2.029771692024540357e+02
6499 4.104848136432462979e+02 2.029075207977529089e+02
6500 4.104329897396056595e+02 2.028241670484716224e+02
6501 4.103812083941897413e+02 2.027409353338853180e+02
6502 4.103294695272505237e+02 2.026578254531559367e+02
6503 4.102777730592184753e+02 2.025748372057929316e+02
6504 4.102261189107034056e+02 2.024919703916507672e+02
6505 4.101745070024927600e+02 2.024092248109281513e+02
6506 4.101229372555520740e+02 2.023266002641684622e+02
6507 4.100714095910239507e+02 2.022440965522584690e+02
6508 4.100199239302280603e+02 2.021617134764282468e+02
6509 4.099684801946600032e+02 2.020794508382500112e+02
6510 4.099170783059916516e+02 2.019973084396370098e+02
6511 4.098657181860704668e+02 2.019152860828439202e+02
6512 4.098143997569186467e+02 2.018333835704660260e+02
6513 4.097631229407331830e+02 2.017516007054384204e+02
6514 4.097118876598851784e+02 2.016699372910348984e+02
6515 4.096606938369193358e+02 2.015883931308680985e+02
6516 4.096095413945535029e+02 2.015069680288885081e+02
6517 4.095584302556787861e+02 2.014256617893837529e+02
6518 4.095073603433583003e+02 2.013444742169780284e+02
6519 4.094563315808272819e+02 2.012634051166321001e+02
6520 4.094053438914924072e+02 2.011824542936417402e+02
6521 4.093543971989313377e+02 2.011016215536373295e+02
6522 4.093034914268927196e+02 2.010209067025837726e+02
6523 4.092526264992950473e+02 2.009403095467797016e+02
6524 4.092018023402266067e+02 2.008598298928561405e+02
6525 4.091510188739451905e+02 2.007794675477770170e+02
6526 4.091002760248775871e+02 2.006992223188377125e+02
6527 4.090495737176187276e+02 2.006190940136648635e+02
6528 4.089989118769319703e+02 2.005390824402157648e+02
6529 4.089482904277483044e+02 2.004591874067772892e+02
6530 4.088977092951653844e+02 2.003794087219657740e+02
6531 4.088471684044485528e+02 2.002997461947270494e+02
6532 4.087966676810286799e+02 2.002201996343334258e+02
6533 4.087462070505031306e+02 2.001407688503863938e+02
6534 4.086957864386344568e+02 2.000614536528133840e+02
6535 4.086454057713507950e+02 1.999822538518686770e+02
6536 4.085950649747442185e+02 1.999031692581316690e+02
6537 4.085447639750717599e+02 1.998241996825077536e+02
6538 4.084945026987542747e+02 1.997453449362266724e+02
6539 4.084442810723754747e+02 1.996666048308414929e+02
6540 4.083940990226828376e+02 1.995879791782290624e+02
6541 4.083439564765860723e+02 1.995094677905894400e+02
6542 4.082938533611570051e+02 1.994310704804441343e+02
6543 4.082437896036296365e+02 1.993527870606366150e+02
6544 4.081937651313991182e+02 1.992746173443317161e+02
6545 4.081437798720218098e+02 1.991965611450142433e+02
6546 4.080938337532142555e+02 1.991186182764891441e+02
6547 4.080439267028535824e+02 1.990407885528809118e+02
6548 4.079940586489767043e+02 1.989630717886317086e+02
6549 4.079442295197793555e+02 1.988854677985031003e+02
6550 4.078944392436171142e+02 1.988079763975735546e+02
6551 4.078446877490034694e+02 1.987305974012381853e+02
6552 4.077949749646103896e+02 1.986533306252094917e+02
6553 4.077453008192674702e+02 1.985761758855152834e+02
6554 4.076956652419619331e+02 1.984991329984982542e+02
6555 4.076460681618378317e+02 1.984222017808172893e+02
6556 4.075965095081955951e+02 1.983453820494426338e+02
6557 4.075469892104923701e+02 1.982686736216606391e+02
6558 4.074975071983406565e+02 1.981920763150701532e+02
6559 4.074480634015087617e+02 1.981155899475816398e+02
6560 4.073986577499196642e+02 1.980392143374180591e+02
6561 4.073492901736512408e+02 1.979629493031135894e+02
6562 4.072999606029354709e+02 1.978867946635129726e+02
6563 4.072506689681584362e+02 1.978107502377715150e+02
6564 4.072014151998591842e+02 1.977348158453534950e+02
6565 4.071521992287306944e+02 1.976589913060329877e+02
6566 4.071030209856178885e+02 1.975832764398926145e+02
6567 4.070538804015183700e+02 1.975076710673219793e+02
6568 4.070047774075816847e+02 1.974321750090190335e+02
6569 4.069557119351090364e+02 1.973567880859885406e+02
6570 4.069066839155526623e+02 1.972815101195409682e+02
6571 4.068576932805154911e+02 1.972063409312934823e+02
6572 4.068087399617512574e+02 1.971312803431674183e+02
6573 4.067598238911636486e+02 1.970563281773895312e+02
6574 4.067109450008057934e+02 1.969814842564898640e+02
6575 4.066621032228804893e+02 1.969067484033039364e+02
6576 4.066132984897392930e+02 1.968321204409679979e+02
6577 4.065645307338822363e+02 1.967576001929216432e+02
6578 4.065157998879576553e+02 1.966831874829071580e+02
6579 4.064671058847620202e+02 1.966088821349667342e+02
6580 4.064184486572387414e+02 1.965346839734457092e+02
6581 4.063698283929495005e+02 1.964573104082238046e+02
6582 4.063212467872229468e+02 1.963780905522819467e+02
6583 4.062727043442931176e+02 1.962989802796462868e+02
6584 4.062242009942316940e+02 1.962199794120020897e+02
6585 4.061757366672633225e+02 1.961410877713396417e+02
6586 4.061273112937666951e+02 1.960623051799535972e+02
6587 4.060789248042722193e+02 1.959836314604420409e+02
6588 4.060305771294630972e+02 1.959050664357065443e+02
6589 4.059822681050907249e+02 1.958275846428388149e+02
6590 4.059339972198272903e+02 1.957504693903320003e+02
6591 4.058857643346451596e+02 1.956734637620807007e+02
6592 4.058375693805967899e+02 1.955965675762388116e+02
6593 4.057894122888880020e+02 1.955197806512678085e+02
6594 4.057412929908767865e+02 1.954431028059347284e+02
6595 4.056932114180745543e+02 1.953665338593134777e+02
6596 4.056451675021437495e+02 1.952900736307820750e+02
6597 4.055971611748994405e+02 1.952137219400245556e+02
6598 4.055491923683073878e+02 1.951374786070290384e+02
6599 4.055012610144848964e+02 1.950613434520880958e+02
6600 4.054533670456992809e+02 1.949853162957965651e+02
6601 4.054055103943683775e+02 1.949093969590534812e+02
6602 4.053576909930597481e+02 1.948335852630596605e+02
6603 4.053099087744906228e+02 1.947578810293182698e+02
6604 4.052621636715268778e+02 1.946822840796336322e+02
6605 4.052144556171836030e+02 1.946067942361116252e+02
6606 4.051667845446239653e+02 1.945314113211581741e+02
6607 4.051191503871589248e+02 1.944561351574796220e+02
6608 4.050715530782475184e+02 1.943809655680811659e+02
6609 4.050239925514954962e+02 1.943059023762683637e+02
6610 4.049764687406560029e+02 1.942309454056439506e+02
6611 4.049289815796281573e+02 1.941560944801099140e+02
6612 4.048815310024577911e+02 1.940813494238649639e+02
6613 4.048341169433362552e+02 1.940067100614058688e+02
6614 4.047867393366000215e+02 1.939321762175257788e+02
6615 4.047393981167311949e+02 1.938577477173129751e+02
6616 4.046920932183560353e+02 1.937834243861532570e+02
6617 4.046448245762454121e+02 1.937092060497264754e+02
6618 4.045975921253142928e+02 1.936350925340075548e+02
6619 4.045503958006212315e+02 1.935610836652657554e+02
6620 4.045032355373676864e+02 1.934871792700640754e+02
6621 4.044561112144344861e+02 1.934139882179610197e+02
6622 4.044090224862652008e+02 1.933410923080539021e+02
6623 4.043619692366806930e+02 1.932683004493070484e+02
6624 4.043149514017003980e+02 1.931956124661234639e+02
6625 4.042679689174864279e+02 1.931230281832060314e+02
6626 4.042210217203427192e+02 1.930505474255572835e+02
6627 4.041741097467156010e+02 1.929781700184792896e+02
6628 4.041272329331923174e+02 1.929058957875715521e+02
6629 4.040803912165016527e+02 1.928337245587335644e+02
6630 4.040335845335129079e+02 1.927616561581609176e+02
6631 4.039868128212360716e+02 1.926896904123470335e+02
6632 4.039400760168208535e+02 1.926178271480816875e+02
6633 4.038933740575570823e+02 1.925460661924517751e+02
6634 4.038467068808738532e+02 1.924744073728392095e+02
6635 4.038000744243389022e+02 1.924028505169207506e+02
6636 4.037534766256591183e+02 1.923313954526693692e+02
6637 4.037069134226797473e+02 1.922600420083513768e+02
6638 4.036603847533836529e+02 1.921887900125273347e+02
6639 4.036138905558916576e+02 1.921176392940509459e+02
6640 4.035674307684618043e+02 1.920465896820689409e+02
6641 4.035210053294891281e+02 1.919756410060208793e+02
6642 4.034746141775049750e+02 1.919047930956381833e+02
6643 4.034282572511775697e+02 1.918340457809431996e+02
6644 4.033819344893107086e+02 1.917633988922503079e+02
6645 4.033356458308438732e+02 1.916928522601638178e+02
6646 4.032893912148517188e+02 1.916224057155783669e+02
6647 4.032431705805439037e+02 1.915520590896782949e+02
6648 4.031969838672649757e+02 1.914818122139375021e+02
6649 4.031508310144932921e+02 1.914116649201179428e+02
6650 4.031047119618412466e+02 1.913416170402700800e+02
6651 4.030586266490549860e+02 1.912716684067327151e+02
6652 4.030125750160140115e+02 1.912018188521317086e+02
6653 4.029665570027306671e+02 1.911320682093795256e+02
6654 4.029205725493495720e+02 1.910624163116752925e+02
6655 4.028746215961481312e+02 1.909928629925042287e+02
6656 4.028287040835353991e+02 1.909234080856370781e+02
6657 4.027828199520521935e+02 1.908540514251294837e+02
6658 4.027369691423705262e+02 1.907847928453222437e+02
6659 4.026911515952935474e+02 1.907156321808392647e+02
6660 4.026453672517548057e+02 1.906465692665890401e+02
6661 4.025996160528184760e+02 1.905776039377635698e+02
6662 4.025538979396783930e+02 1.905087360298367400e+02
6663 4.025082128536582786e+02 1.904399653785648070e+02
6664 4.024625607362112305e+02 1.903712918199873911e+02
6665 4.024169415289195513e+02 1.903027151904236121e+02
6666 4.023713551734936686e+02 1.902342353264749022e+02
6667 4.023258016117731017e+02 1.901658520650227331e+02
6668 4.022802807857249263e+02 1.900975652432288143e+02
6669 4.022347926374444000e+02 1.900293746985343262e+02
6670 4.021893371091539962e+02 1.899612802686597206e+02
6671 4.021439141432032329e+02 1.898932817916048350e+02
6672 4.020985236820687305e+02 1.898253791056465332e+02
6673 4.020531656683533583e+02 1.897575720493406095e+02
6674 4.020078400447864624e+02 1.896898604615199986e+02
6675 4.019625467542230126e+02 1.896222441812943771e+02
6676 4.019172857396436029e+02 1.895547230480501071e+02
6677 4.018720569441540533e+02 1.894872969014500086e+02
6678 4.018268603109854666e+02 1.894199655814318533e+02
6679 4.017816957834931486e+02 1.893527289282091317e+02
6680 4.017365633051570626e+02 1.892855867822698599e+02
6681 4.016914628195809200e+02 1.892185389843765506e+02
6682 4.016463942704924648e+02 1.891515853755654177e+02
6683 4.016013576017426772e+02 1.890847257971459499e+02
6684 4.015563527573054330e+02 1.890179600907016493e+02
6685 4.015113796812780720e+02 1.889512880980872751e+02
6686 4.014664383404998489e+02 1.888843417358752674e+02
6687 4.014215288936379693e+02 1.888171452406292019e+02
6688 4.013766513862884153e+02 1.887500424545914370e+02
6689 4.013318057625746178e+02 1.886830332208646439e+02
6690 4.012869919667424483e+02 1.886161173828188566e+02
6691 4.012422099431594233e+02 1.885492947840921261e+02
6692 4.011974596363140222e+02 1.884825652685874786e+02
6693 4.011527409908163690e+02 1.884159286804754174e+02
6694 4.011080539513968688e+02 1.883493848641922170e+02
6695 4.010633984629068323e+02 1.882829336644389571e+02
6696 4.010187744703174531e+02 1.882165749261820338e+02
6697 4.009741819187198644e+02 1.881503084946524780e+02
6698 4.009296207533247980e+02 1.880841342153451308e+02
6699 4.008850909194624137e+02 1.880180519340189846e+02
6700 4.008405923625820151e+02 1.879520614966961602e+02
6701 4.007961250282509695e+02 1.878861627496618496e+02
6702 4.007516888621559588e+02 1.878203555394633781e+02
6703 4.007072838101012167e+02 1.877546397129104321e+02
6704 4.006629098180089272e+02 1.876890151170745753e+02
6705 4.006185668319189404e+02 1.876234815992881977e+02
6706 4.005742547979883739e+02 1.875580390071451404e+02
6707 4.005299736624912157e+02 1.874926871884989339e+02
6708 4.004857233718185512e+02 1.874274259914641050e+02
6709 4.004415038724771989e+02 1.873622552644136761e+02
6710 4.003973151110908475e+02 1.872971748559812113e+02
6711 4.003531570343984640e+02 1.872321846150582019e+02
6712 4.003090295892548625e+02 1.871672843907950039e+02
6713 4.002649327226303058e+02 1.871024740325993321e+02
6714 4.002208663816095964e+02 1.870377533901374818e+02
6715 4.001768305133927583e+02 1.869731223133325955e+02
6716 4.001328250652939005e+02 1.869085806523644635e+02
6717 4.000888499847414437e+02 1.868441282576692970e+02
6718 4.000449052192777799e+02 1.867797649799394151e+02
6719 4.000009907165587606e+02 1.867154906701230459e+02
6720 3.999571064243536398e+02 1.866513051794228772e+02
6721 3.999132522905448468e+02 1.865872083592973638e+02
6722 3.998694282631274177e+02 1.865232000614588799e+02
6723 3.998256342902087681e+02 1.864592801378736340e+02
6724 3.997818703200088635e+02 1.863954484407617258e+02
6725 3.997381363008596509e+02 1.863317048225964072e+02
6726 3.996944321812044905e+02 1.862680491361042527e+02
6727 3.996507579095982692e+02 1.862044812342633691e+02
6728 3.996071134347071734e+02 1.861410009703041055e+02
6729 3.995634987053080636e+02 1.860776081977092815e+02
6730 3.995199136702883607e+02 1.860143027702120548e+02
6731 3.994763582786461598e+02 1.859510845417969165e+02
6732 3.994328324794893206e+02 1.858879533666981843e+02
6733 3.993893362220354675e+02 1.858249090994014239e+02
6734 3.993458694556123874e+02 1.857619515946408910e+02
6735 3.993024321296558128e+02 1.856990807074000145e+02
6736 3.992590240872164600e+02 1.856382209627269049e+02
6737 3.992156441165719798e+02 1.855795845568388813e+02
6738 3.991722915389311197e+02 1.855210265650495671e+02
6739 3.991289663090297495e+02 1.854625468591743811e+02
6740 3.990856683816984400e+02 1.854041453112453155e+02
6741 3.990423977118619518e+02 1.853458217935093160e+02
6742 3.989991542545390075e+02 1.852875761784300721e+02
6743 3.989559379648420077e+02 1.852294083386848627e+02
6744 3.989127487979774287e+02 1.851713181471670850e+02
6745 3.988695867092448566e+02 1.851133054769835553e+02
6746 3.988264516540368732e+02 1.850553702014557587e+02
6747 3.987833435878392265e+02 1.849975121941187126e+02
6748 3.987402624662303197e+02 1.849397313287214217e+02
6749 3.986972082448810397e+02 1.848820274792250018e+02
6750 3.986541808795548150e+02 1.848244005198043283e+02
6751 3.986111803261066484e+02 1.847668503248461320e+02
6752 3.985682065404838568e+02 1.847093767689497668e+02
6753 3.985252594787253315e+02 1.846519797269258447e+02
6754 3.984823390969609704e+02 1.845946590737965494e+02
6755 3.984394453514125871e+02 1.845374146847959480e+02
6756 3.983965781983923762e+02 1.844802464353678886e+02
6757 3.983537375943035954e+02 1.844231542011670228e+02
6758 3.983109234956399973e+02 1.843661378580589201e+02
6759 3.982681358589857155e+02 1.843091972821174522e+02
6760 3.982253746410150370e+02 1.842523323496275509e+02
6761 3.981826397984921755e+02 1.841955429370826494e+02
6762 3.981399312882711570e+02 1.841388289211849383e+02
6763 3.980972490672953086e+02 1.840821901788450816e+02
6764 3.980545930925974289e+02 1.840256265871826429e+02
6765 3.980119633212994472e+02 1.839691380235241809e+02
6766 3.979693597106119114e+02 1.839127243654041308e+02
6767 3.979267822178343863e+02 1.838563854905644348e+02
6768 3.978842308003546577e+02 1.838001212769537460e+02
6769 3.978417054156489598e+02 1.837439316027270308e+02
6770 3.977992060212814636e+02 1.836878163462463078e+02
6771 3.977567325749040492e+02 1.836317753860789139e+02
6772 3.977142850342565907e+02 1.835758086009978172e+02
6773 3.976718633571659893e+02 1.835199158699812187e+02
6774 3.976294675015469124e+02 1.834640970722126951e+02
6775 3.975870974254004864e+02 1.834083520870808854e+02
6776 3.975447530868148647e+02 1.833526807941773029e+02
6777 3.975024344439650577e+02 1.832970830732991772e+02
6778 3.974601414551123071e+02 1.832415588044461288e+02
6779 3.974178740786037451e+02 1.831861078678220451e+02
6780 3.973756322728732471e+02 1.831307301438334321e+02
6781 3.973334159964399532e+02 1.830754255130900674e+02
6782 3.972912252079086102e+02 1.830201938564030684e+02
6783 3.972490598659696275e+02 1.829650350547873359e+02
6784 3.972069199293987367e+02 1.829099489894579733e+02
6785 3.971648053570561956e+02 1.828549355418325035e+02
6786 3.971227161078875270e+02 1.827999945935295614e+02
6787 3.970806521409224956e+02 1.827451260263685526e+02
6788 3.970386134152756199e+02 1.826903297223691425e+02
6789 3.969965998901455464e+02 1.826356055637517102e+02
6790 3.969546115248149363e+02 1.825809534329363544e+02
6791 3.969126482786502379e+02 1.825263732125426372e+02
6792 3.968707101111015731e+02 1.824718647853898119e+02
6793 3.968287969817023395e+02 1.824174280344956287e+02
6794 3.967869088500694943e+02 1.823630628430771026e+02
6795 3.967450456759027588e+02 1.823087690945488646e+02
6796 3.967032074078146024e+02 1.822555394758455520e+02
6797 3.966613924110570224e+02 1.822115081759376665e+02
6798 3.966195976111064851e+02 1.821675311477529817e+02
6799 3.965778229782038693e+02 1.821236082843105919e+02
6800 3.965360684826571287e+02 1.820797394789220220e+02
6801 3.964943340948406671e+02 1.820359246251906029e+02
6802 3.964526197851963616e+02 1.819921636170103056e+02
6803 3.964109255242316863e+02 1.819484563485648891e+02
6804 3.963692512825208496e+02 1.819048027143269053e+02
6805 3.963275970307036573e+02 1.818612026090570737e+02
6806 3.962859627394862514e+02 1.818176559278019511e+02
6807 3.962443483796398596e+02 1.817741625658958640e+02
6808 3.962027539220018184e+02 1.817307224189571286e+02
6809 3.961611793374738681e+02 1.816873353828886195e+02
6810 3.961196245970234600e+02 1.816440013538768312e+02
6811 3.960780896716827328e+02 1.816007202283895197e+02
6812 3.960365745325481157e+02 1.815574919031774925e+02
6813 3.959950791507808958e+02 1.815143162752711987e+02
6814 3.959536034976064798e+02 1.814711932419805578e+02
6815 3.959121475443142231e+02 1.814281227008951873e+02
6816 3.958707112622576005e+02 1.813851045498814756e+02
6817 3.958292946228536380e+02 1.813421386870838887e+02
6818 3.957878975975827416e+02 1.812992250109222709e+02
6819 3.957465201579887548e+02 1.812563634200921570e+02
6820 3.957051622756784468e+02 1.812135538135629247e+02
6821 3.956638239223215692e+02 1.811707960905776531e+02
6822 3.956225050696509697e+02 1.811280901506523264e+02
6823 3.955812056894613988e+02 1.810854358935739583e+02
6824 3.955399257536107029e+02 1.810428332194011887e+02
6825 3.954986652340181195e+02 1.810002820284620668e+02
6826 3.954574241026651862e+02 1.809577822213535114e+02
6827 3.954162023315955139e+02 1.809153336989415948e+02
6828 3.953749998929139338e+02 1.808729363623589279e+02
6829 3.953338167587869521e+02 1.808305901130051154e+02
6830 3.952926529014420112e+02 1.807882948525449081e+02
6831 3.952515082931681150e+02 1.807460504829087995e+02
6832 3.952103829063147487e+02 1.807038569062902980e+02
6833 3.951692760957163841e+02 1.806684519111426255e+02
6834 3.951281850536028060e+02 1.806347152044805284e+02
6835 3.950871093520930231e+02 1.806010203589620744e+02
6836 3.950460489692964074e+02 1.805673672984550535e+02
6837 3.950050038833669532e+02 1.805337559470224562e+02
6838 3.949639740725042429e+02 1.805001862289220753e+02
6839 3.949229595149525949e+02 1.804666580686052839e+02
6840 3.948819601890014042e+02 1.804331713907171491e+02
6841 3.948409760729845175e+02 1.803997261200951812e+02
6842 3.948000071452805173e+02 1.803663221817690498e+02
6843 3.947590533843125513e+02 1.803329595009601860e+02
6844 3.947181147685478777e+02 1.802996380030807018e+02
6845 3.946771912764983767e+02 1.802663576137327368e+02
6846 3.946362828867195844e+02 1.802331182587084868e+02
6847 3.945953895778114884e+02 1.801999198639894928e+02
6848 3.945545113284172771e+02 1.801667623557449360e+02
6849 3.945136481172246476e+02 1.801336456603327179e+02
6850 3.944727999229644411e+02 1.801005697042974418e+02
6851 3.944319667244109837e+02 1.800675344143703569e+02
6852 3.943911485003821440e+02 1.800345397174695279e+02
6853 3.943503452297389913e+02 1.800015855406979313e+02
6854 3.943095568913856255e+02 1.799686718113434836e+02
6855 3.942687834642692337e+02 1.799357984568783309e+02
6856 3.942280249273800337e+02 1.799029654049590761e+02
6857 3.941872812597506481e+02 1.798701725834244485e+02
6858 3.941465524404566736e+02 1.798374199202968100e+02
6859 3.941058384486161117e+02 1.798047073437796826e+02
6860 3.940651392633893693e+02 1.797720347822583733e+02
6861 3.940244548639792015e+02 1.797394021642990936e+02
6862 3.939837852296304277e+02 1.797068094186485041e+02
6863 3.939431303396300450e+02 1.796742564742325499e+02
6864 3.939024901733069441e+02 1.796417432601562894e+02
6865 3.938618647100317389e+02 1.796092697057040368e+02
6866 3.938212539292171641e+02 1.795768357403376001e+02
6867 3.937806578103168818e+02 1.795444412936961669e+02
6868 3.937400763328266180e+02 1.795120862955960774e+02
6869 3.936995094762832537e+02 1.794797706760298865e+02
6870 3.936589572202647105e+02 1.794474943651660510e+02
6871 3.936184195443906901e+02 1.794152572933481906e+02
6872 3.935778964283209120e+02 1.793830593910945481e+02
6873 3.935373878517569892e+02 1.793509005890975061e+02
6874 3.934968937944407799e+02 1.793187808182228480e+02
6875 3.934564142361548988e+02 1.792867000095100138e+02
6876 3.934159491567226041e+02 1.792546580941700540e+02
6877 3.933754985360077399e+02 1.792226550035869082e+02
6878 3.933350623539142248e+02 1.791906906693148755e+02
6879 3.932946405903866776e+02 1.791587650230799227e+02
6880 3.932542332254091093e+02 1.791268779967779778e+02
6881 3.932138402390061742e+02 1.790950295224751017e+02
6882 3.931734616112424305e+02 1.790632195324061513e+02
6883 3.931330973222216585e+02 1.790314479589746099e+02
6884 3.930927473520879403e+02 1.789997147347530131e+02
6885 3.930524116810249211e+02 1.789680197924806748e+02
6886 3.930120902892551271e+02 1.789363630650645689e+02
6887 3.929717831570411022e+02 1.789047444855779645e+02
6888 3.929314902646843279e+02 1.788731639872604262e+02
6889 3.928912115925255648e+02 1.788416215035167625e+02
6890 3.928509471209446247e+02 1.788101169679175939e+02
6891 3.928106968303600297e+02 1.787786503141970229e+02
6892 3.927704607012293536e+02 1.787472214762541398e+02
6893 3.927302387140489373e+02 1.787158303881509198e+02
6894 3.926900308493534340e+02 1.786844769841125071e+02
6895 3.926498370877166622e+02 1.786531611985267318e+02
6896 3.926096574097500707e+02 1.786218829659428877e+02
6897 3.925694917961041028e+02 1.785906422210725566e+02
6898 3.925293402274666619e+02 1.785594388987875618e+02
6899 3.924892026845646456e+02 1.785282729341204231e+02
6900 3.924490791481621272e+02 1.784971442622635891e+02
6901 3.924089695990616065e+02 1.784660528185690396e+02
6902 3.923688740181032131e+02 1.784349985385478305e+02
6903 3.923287923861647641e+02 1.784039813578691280e+02
6904 3.922887246841617070e+02 1.783730012123606059e+02
6905 3.922486708930467785e+02 1.783420580380069111e+02
6906 3.922086309938105160e+02 1.783111517709497491e+02
6907 3.921686049674801779e+02 1.782802823474875424e+02
6908 3.921285927951208805e+02 1.782494497040747774e+02
6909 3.920885944578342333e+02 1.782186537773211796e+02
6910 3.920486099367590782e+02 1.781878945039916289e+02
6911 3.920086392130714330e+02 1.781571718210061022e+02
6912 3.919686822679834677e+02 1.781264856654373148e+02
6913 3.919287390827445279e+02 1.780958359745131645e+02
6914 3.918888096386405095e+02 1.780652226856134632e+02
6915 3.918488939169934611e+02 1.780346457362714716e+02
6916 3.918089918991624927e+02 1.780041050641721654e+02
6917 3.917691035665422419e+02 1.779736006071522070e+02
6918 3.917292289005640100e+02 1.779431323031999739e+02
6919 3.916893678826950236e+02 1.779127000904538818e+02
6920 3.916495204944388320e+02 1.778823039072033509e+02
6921 3.916096867173343981e+02 1.778519436918871577e+02
6922 3.915698665329567802e+02 1.778216193830934628e+02
6923 3.915300599229170189e+02 1.777913309195596412e+02
6924 3.914902668688612266e+02 1.777610782401713720e+02
6925 3.914504873524713844e+02 1.777308612839623834e+02
6926 3.914107213554650002e+02 1.777006799901133718e+02
6927 3.913709685260931224e+02 1.776742906918538552e+02
6928 3.913312273033509996e+02 1.776489141784436470e+02
6929 3.912914974282021490e+02 1.776235748825315852e+02
6930 3.912517788823887486e+02 1.775982727336114806e+02
6931 3.912120716476922553e+02 1.775730076613434960e+02
6932 3.911723757059322679e+02 1.775477795955527540e+02
6933 3.911326910389666978e+02 1.775225884662297346e+02
6934 3.910930176286922233e+02 1.774974342035296786e+02
6935 3.910533554570434376e+02 1.774723167377716777e+02
6936 3.910137045059929051e+02 1.774472359994389308e+02
6937 3.909740647575515595e+02 1.774221919191775214e+02
6938 3.909344361937680219e+02 1.773971844277961338e+02
6939 3.908948187912401977e+02 1.773722801668388911e+02
6940 3.908552125031752098e+02 1.773474360742871170e+02
6941 3.908156173057863612e+02 1.773226281830195035e+02
6942 3.907760331813652215e+02 1.772978564251979776e+02
6943 3.907364601122403087e+02 1.772731207331431165e+02
6944 3.906968980807767480e+02 1.772484210393324133e+02
6945 3.906573470693769536e+02 1.772237572764009599e+02
6946 3.906178070604798336e+02 1.771991293771405651e+02
6947 3.905782780365610733e+02 1.771745372744996700e+02
6948 3.905387599801329088e+02 1.771499809015823530e+02
6949 3.904992528737437283e+02 1.771254601916482443e+02
6950 3.904597563235649318e+02 1.771050295130672794e+02
6951 3.904202687146054700e+02 1.770854440581424569e+02
6952 3.903807898358724060e+02 1.770658867419116405e+02
6953 3.903413196738620172e+02 1.770463575054427281e+02
6954 3.903018582151008218e+02 1.770268562899694302e+02
6955 3.902624054461456353e+02 1.770073830368897632e+02
6956 3.902229613535835142e+02 1.769879376877661628e+02
6957 3.901835259240317555e+02 1.769685201843238360e+02
6958 3.901440991441374990e+02 1.769491304684521822e+02
6959 3.901046810056404865e+02 1.769295847915458637e+02
6960 3.900652716496515495e+02 1.769095076202450230e+02
6961 3.900258712344702872e+02 1.768894567507516342e+02
6962 3.899864797473742328e+02 1.768694321283988131e+02
6963 3.899470971756685458e+02 1.768494336986781263e+02
6964 3.899077235066870344e+02 1.768294614072399042e+02
6965 3.898683587277912466e+02 1.768095151998925303e+02
6966 3.898290028263715499e+02 1.767895950226023558e+02
6967 3.897896557898453693e+02 1.767697008214919379e+02
6968 3.897503176056587222e+02 1.767498325428412329e+02
6969 3.897109882612847969e+02 1.767299901330851242e+02
6970 3.896716677442248056e+02 1.767101735388144164e+02
6971 3.896323560420078138e+02 1.766903827067746988e+02
6972 3.895930531421901151e+02 1.766706175838657771e+02
6973 3.895537590323553445e+02 1.766508781171412181e+02
6974 3.895144737001147064e+02 1.766311642538077535e+02
6975 3.894751971331069171e+02 1.766114759412248247e+02
6976 3.894359293189973528e+02 1.765918131269040146e+02
6977 3.893966702454789015e+02 1.765721757585087346e+02
6978 3.893574199002715659e+02 1.765525637838536284e+02
6979 3.893181782711217807e+02 1.765329771509030650e+02
6980 3.892789453458033790e+02 1.765134158077728443e+02
6981 3.892397211121169676e+02 1.764938797027272983e+02
6982 3.892005055578891870e+02 1.764743687841800579e+02
6983 3.891612986709743609e+02 1.764548830006931439e+02
6984 3.891221004392523355e+02 1.764354223009770521e+02
6985 3.890829108506302418e+02 1.764159866338895029e+02
6986 3.890437298930411316e+02 1.763965759484352986e+02
6987 3.890045575544444887e+02 1.763771901937655855e+02
6988 3.889653938228258880e+02 1.763578293191773128e+02
6989 3.889262386861972232e+02 1.763384932741135458e+02
6990 3.888870915652781264e+02 1.763263864585828173e+02
6991 3.888479492577882866e+02 1.763172443090458898e+02
6992 3.888088110084021309e+02 1.763081087801484443e+02
6993 3.887696768139711594e+02 1.762989798636741341e+02
6994 3.887305466713509645e+02 1.762898575514260813e+02
6995 3.886914205774010611e+02 1.762807418352267064e+02
6996 3.886522985289850567e+02 1.762716327069177851e+02
6997 3.886131805229707084e+02 1.762625301583602777e+02
6998 3.885740665562300364e+02 1.762534341814342440e+02
6999 3.885349566256385287e+02 1.762443447680390705e+02
7000 3.884958507280765616e+02 1.762352619100929303e+02
7001 3.884567488604275241e+02 1.762261855995331246e+02
7002 3.884176510195799779e+02 1.762171158283159116e+02
7003 3.883785572024255544e+02 1.762080525884163364e+02
7004 3.883394674058602050e+02 1.761989958718283162e+02
7005 3.883003816267843149e+02 1.761899456705644980e+02
7006 3.882612998621014526e+02 1.761809019766560311e+02
7007 3.882222221087196203e+02 1.761718647821530226e+02
7008 3.881831483635510267e+02 1.761628340791238259e+02
7009 3.881440786235112341e+02 1.761538098596555528e+02
7010 3.881050128855203525e+02 1.761447921158536190e+02
7011 3.880659511465020159e+02 1.761357808398418001e+02
7012 3.880268934033838377e+02 1.761267760237624316e+02
7013 3.879878396530976943e+02 1.761177776597758680e+02
7014 3.879487898925787590e+02 1.761087857400606822e+02
7015 3.879097441187669801e+02 1.760998002568137224e+02
7016 3.878707023286052049e+02 1.760908212022499697e+02
7017 3.878316645190409986e+02 1.760818485686022257e+02
7018 3.877926306870252802e+02 1.760728823481215954e+02
7019 3.877536008295132888e+02 1.760639225330768056e+02
7020 3.877145749434635604e+02 1.760549691157546590e+02
7021 3.876755530258390081e+02 1.760460220884596083e+02
7022 3.876365350736058417e+02 1.760370814435139266e+02
7023 3.875975210837349891e+02 1.760281471732577359e+02
7024 3.875585110532001636e+02 1.760192192700484100e+02
7025 3.875195049789793416e+02 1.760102977262613706e+02
7026 3.874805028580545923e+02 1.760013825342892346e+02
7027 3.874415046874113386e+02 1.759924736865423256e+02
7028 3.874025104640392101e+02 1.759835711754481622e+02
7029 3.873635201849311329e+02 1.759746749934517140e+02
7030 3.873245338470841261e+02 1.759657851330154585e+02
7031 3.872855514474990173e+02 1.759569015866186987e+02
7032 3.872465729831801013e+02 1.759480243467583023e+02
7033 3.872075984511357660e+02 1.759391534059482183e+02
7034 3.871686278483778096e+02 1.759302887567192499e+02
7035 3.871296611719217822e+02 1.759214303916196229e+02
7036 3.870906984187875537e+02 1.759125783032141328e+02
7037 3.870517395859976091e+02 1.759037324840848271e+02
7038 3.870127846705792649e+02 1.758948929268304369e+02
7039 3.869738336695627368e+02 1.758860596240665473e+02
7040 3.869348865799823329e+02 1.758772325684256259e+02
7041 3.868959433988759429e+02 1.758684117525567103e+02
7042 3.868570041232852077e+02 1.758595971691254931e+02
7043 3.868180687502550654e+02 1.758507888108143788e+02
7044 3.867791372768345468e+02 1.758419866703223704e+02
7045 3.867402097000759795e+02 1.758331907403646710e+02
7046 3.867012860170356703e+02 1.758244010136733095e+02
7047 3.866623662247734501e+02 1.758156174829964868e+02
7048 3.866234503203525037e+02 1.758068401410988884e+02
7049 3.865845383008400518e+02 1.757980689807613430e+02
7050 3.865456301633063276e+02 1.757893039947809086e+02
7051 3.865067259048258848e+02 1.757805451759711275e+02
7052 3.864678255224764030e+02 1.757717925171613444e+02
7053 3.864289290133392569e+02 1.757630460111971331e+02
7054 3.863900363744991751e+02 1.757543056509400685e+02
7055 3.863511476030450353e+02 1.757455714292678977e+02
7056 3.863122626960685011e+02 1.757368433390739710e+02
7057 3.862733816506654421e+02 1.757281213732678680e+02
7058 3.862345044639348544e+02 1.757194055247746576e+02
7059 3.861956311329795994e+02 1.757106957865355810e+02
7060 3.861567616549057789e+02 1.757019921515073690e+02
7061 3.861178960268229616e+02 1.756932946126623847e+02
7062 3.860790342458444115e+02 1.756846031629889069e+02
7063 3.860401763090869736e+02 1.756759177954904203e+02
7064 3.860013222136709032e+02 1.756672385031863826e+02
7065 3.859624719567197531e+02 1.756585652791114569e+02
7066 3.859236255353607135e+02 1.756498981163157396e+02
7067 3.858847829467245560e+02 1.756412370078649303e+02
7068 3.858459441879453493e+02 1.756325819468398208e+02
7069 3.858071092561604587e+02 1.756239329263367779e+02
7070 3.857682781485111150e+02 1.756152899394670897e+02
7071 3.857294508621416753e+02 1.756066529793575910e+02
7072 3.856906273942000780e+02 1.755980220391500097e+02
7073 3.856518077418376151e+02 1.755893971120012225e+02
7074 3.856129919022089325e+02 1.755807781910834251e+02
7075 3.855741798724720866e+02 1.755721652695833939e+02
7076 3.855353716497889422e+02 1.755635583407031675e+02
7077 3.854965672313241498e+02 1.755549573976597628e+02
7078 3.854577666142458838e+02 1.755463624336846920e+02
7079 3.854189697957261842e+02 1.755377734420247577e+02
7080 3.853801767729399899e+02 1.755291904159411729e+02
7081 3.853413875430655366e+02 1.755206133487100715e+02
7082 3.853026021032848121e+02 1.755120422336222532e+02
7083 3.852638204507828732e+02 1.755034770639830981e+02
7084 3.852250425827482445e+02 1.754949178331126802e+02
7085 3.851862684963725201e+02 1.754863645343454550e+02
7086 3.851474981888509888e+02 1.754778171610306003e+02
7087 3.851087316573821795e+02 1.754692757065315618e+02
7088 3.850699688991678045e+02 1.754607401642263369e+02
7089 3.850312099114128728e+02 1.754522105275071056e+02
7090 3.849924546913257473e+02 1.754436867897805996e+02
7091 3.849537032361182582e+02 1.754351689444677618e+02
7092 3.849149555430051350e+02 1.754266569850035182e+02
7093 3.848762116092046881e+02 1.754181509048374323e+02
7094 3.848374714319385248e+02 1.754096506974328804e+02
7095 3.847987350084310947e+02 1.754011563562673359e+02
7096 3.847600023359107695e+02 1.753926678748325969e+02
7097 3.847212734116086494e+02 1.753841852466342459e+02
7098 3.846825482327591317e+02 1.753757084651917637e+02
7099 3.846438267966000808e+02 1.753672375240388988e+02
7100 3.846051091003723741e+02 1.753587724167228430e+02
7101 3.845663951413203563e+02 1.753503131368050560e+02
7102 3.845276849166913280e+02 1.753418596778605263e+02
7103 3.844889784237359436e+02 1.753334120334779982e+02
7104 3.844502756597079269e+02 1.753249701972600292e+02
7105 3.844115766218643557e+02 1.753165341628228191e+02
7106 3.843728813074653203e+02 1.753081039237961534e+02
7107 3.843341897137743217e+02 1.752996794738234598e+02
7108 3.842955018380578736e+02 1.752912608065616666e+02
7109 3.842568176775855022e+02 1.752828479156811738e+02
7110 3.842181372711801259e+02 1.752738297565013568e+02
7111 3.841794609120469772e+02 1.752644374817500363e+02
7112 3.841407886971539369e+02 1.752550520013456605e+02
7113 3.841021206232815075e+02 1.752456733076161015e+02
7114 3.840634566872141704e+02 1.752363013929051192e+02
7115 3.840247968857402157e+02 1.752269362495725034e+02
7116 3.839861412156519123e+02 1.752175778699937325e+02
7117 3.839474896737449967e+02 1.752082262465600024e+02
7118 3.839088422568194119e+02 1.751988813716782545e+02
7119 3.838701989616786818e+02 1.751895432377710904e+02
7120 3.838315597851304801e+02 1.751802118372768291e+02
7121 3.837929247239859478e+02 1.751708871626493362e+02
7122 3.837542937750600913e+02 1.751615692063578251e+02
7123 3.837156669351718961e+02 1.751522579608871979e+02
7124 3.836770442011439286e+02 1.751429534187376476e+02
7125 3.836384255698027346e+02 1.751336555724248569e+02
7126 3.835998110379783270e+02 1.751243644144798566e+02
7127 3.835612006025047549e+02 1.751150799374488827e+02
7128 3.835225942602196483e+02 1.751058021338934907e+02
7129 3.834839920079645594e+02 1.750965309963904133e+02
7130 3.834453938425846218e+02 1.750872665175315035e+02
7131 3.834067997609288341e+02 1.750780086899238768e+02
7132 3.833682097598497762e+02 1.750687575061894563e+02
7133 3.833296238362038366e+02 1.750595129589655699e+02
7134 3.832910419868510985e+02 1.750502750409040686e+02
7135 3.832524642086552831e+02 1.750410437446720948e+02
7136 3.832138904984839201e+02 1.750318190629515129e+02
7137 3.831753208532080066e+02 1.750226009884391090e+02
7138 3.831367552697025758e+02 1.750133895138465050e+02
7139 3.830981937448459576e+02 1.750041846318999603e+02
7140 3.830596362755204609e+02 1.749949863353404282e+02
7141 3.830210828586118623e+02 1.749857946169237266e+02
7142 3.829825334910095762e+02 1.749766094694201115e+02
7143 3.829439881696066550e+02 1.749674308856145046e+02
7144 3.829054468912999596e+02 1.749582588583064648e+02
7145 3.828669096529897047e+02 1.749490933803098187e+02
7146 3.828283764515800272e+02 1.749399344444530016e+02
7147 3.827898472839784745e+02 1.749307820435788017e+02
7148 3.827513221470961184e+02 1.749216361705445308e+02
7149 3.827128010378478393e+02 1.749124968182215696e+02
7150 3.826742839531520417e+02 1.749033639794957367e+02
7151 3.826357708899305976e+02 1.748942376472671469e+02
7152 3.825972618451092444e+02 1.748851178144498704e+02
7153 3.825587568156168459e+02 1.748760044739725288e+02
7154 3.825202557983860743e+02 1.748668976187775286e+02
7155 3.824817587903533536e+02 1.748577972418213733e+02
7156 3.824432657884581772e+02 1.748487033360747773e+02
7157 3.824047767896441314e+02 1.748396158945222680e+02
7158 3.823662917908577583e+02 1.748305349101624984e+02
7159 3.823278107890494653e+02 1.748214603760079342e+02
7160 3.822893337811734114e+02 1.748123922850849397e+02
7161 3.822508607641864842e+02 1.748033306304334360e+02
7162 3.822123917350500619e+02 1.747942754051076690e+02
7163 3.821739266907282513e+02 1.747852266021751859e+02
7164 3.821354656281889106e+02 1.747761842147174320e+02
7165 3.820970085444033657e+02 1.747671482358294099e+02
7166 3.820585554363466940e+02 1.747581186586198498e+02
7167 3.820201063009968721e+02 1.747490954762110391e+02
7168 3.819816611353359121e+02 1.747400786817387655e+02
7169 3.819432199363487825e+02 1.747310682683524021e+02
7170 3.819047827010242599e+02 1.747220642292146806e+02
7171 3.818663494263545317e+02 1.747130665575018327e+02
7172 3.818279201093347979e+02 1.747040752464034767e+02
7173 3.817894947469645786e+02 1.746950902891225041e+02
7174 3.817510733362456676e+02 1.746861116788753350e+02
7175 3.817126558741842359e+02 1.746771394088913212e+02
7176 3.816742423577895238e+02 1.746681734724133150e+02
7177 3.816358327840736706e+02 1.746592138626971575e+02
7178 3.815974271500530790e+02 1.746502605730120479e+02
7179 3.815590254527469938e+02 1.746413135966402024e+02
7180 3.815206276891781272e+02 1.746323729268767977e+02
7181 3.814822338563726589e+02 1.746234385570303402e+02
7182 3.814438439513601224e+02 1.746145104804219841e+02
7183 3.814054579711734050e+02 1.746055886903861563e+02
7184 3.813670759128485770e+02 1.745966731802700167e+02
7185 3.813286977734251764e+02 1.745877639434336857e+02
7186 3.812903235499463790e+02 1.745788609732500731e+02
7187 3.812519532394580892e+02 1.745699642631049358e+02
7188 3.812135868390101336e+02 1.745610738063969052e+02
7189 3.811752243456551810e+02 1.745521895965370902e+02
7190 3.811368657564495379e+02 1.745433116269496736e+02
7191 3.810985110684526376e+02 1.745344398910711163e+02
7192 3.810601602787273237e+02 1.745255743823506975e+02
7193 3.810218133843397368e+02 1.745167150942504009e+02
7194 3.809834703823590303e+02 1.745078620202444881e+02
7195 3.809451312698582228e+02 1.744990151538199541e+02
7196 3.809067960439130616e+02 1.744901744884761854e+02
7197 3.808684647016027611e+02 1.744813400177249889e+02
7198 3.808301372400098899e+02 1.744725117350907340e+02
7199 3.807918136562200289e+02 1.744636896341098407e+02
7200 3.807534939473222835e+02 1.744548737083314620e+02
7201 3.807151781104087718e+02 1.744460639513167166e+02
7202 3.806768661425750793e+02 1.744372603566392570e+02
7203 3.806385580409197473e+02 1.744284629178847297e+02
7204 3.806002538025449553e+02 1.744196716286511162e+02
7205 3.805619534245557247e+02 1.744108864825485057e+02
7206 3.805236569040600898e+02 1.744021074731991803e+02
7207 3.804853642381701206e+02 1.743933345942374160e+02
7208 3.804470754240003316e+02 1.743845678393095682e+02
7209 3.804087904586687046e+02 1.743758072020740428e+02
7210 3.803705093392963477e+02 1.743670526762012685e+02
7211 3.803322320630076092e+02 1.743583042553734685e+02
7212 3.802939586269299639e+02 1.743495619332849174e+02
7213 3.802556890281942401e+02 1.743408257036417410e+02
7214 3.802174232639340516e+02 1.743320955601618891e+02
7215 3.801791613312864797e+02 1.743233714965751346e+02
7216 3.801409032273917887e+02 1.743146535066230456e+02
7217 3.801026489493932559e+02 1.743059415840589566e+02
7218 3.800643984944370573e+02 1.742972357226477698e+02
7219 3.800261518596730070e+02 1.742885359161662393e+02
7220 3.799879090422538184e+02 1.742798421584026869e+02
7221 3.799496700393351603e+02 1.742711544431570587e+02
7222 3.799114348480761123e+02 1.742624727642408686e+02
7223 3.798732034656386531e+02 1.742537971154771128e+02
7224 3.798349758891878309e+02 1.742451274907004404e+02
7225 3.797967521158921045e+02 1.742364638837568975e+02
7226 3.797585321429225473e+02 1.742278062885038992e+02
7227 3.797203159674538711e+02 1.742191546988103710e+02
7228 3.796821035866633451e+02 1.742105091085566642e+02
7229 3.796438949977318202e+02 1.742018695116343565e+02
7230 3.796056901978427618e+02 1.741932359019463945e+02
7231 3.795674891841828753e+02 1.741846082734069228e+02
7232 3.795292919539420495e+02 1.741759866199415683e+02
7233 3.794910985043130722e+02 1.741673709354869288e+02
7234 3.794529088324917439e+02 1.741587612139908572e+02
7235 3.794147229356771049e+02 1.741501574494124327e+02
7236 3.793765408110709814e+02 1.741415596357217908e+02
7237 3.793383624558786096e+02 1.741329677669001796e+02
7238 3.793001878673077272e+02 1.741243818369398468e+02
7239 3.792620170425693686e+02 1.741158018398441811e+02
7240 3.792238499788777517e+02 1.741072277696274284e+02
7241 3.791856866734498794e+02 1.740986596203150043e+02
7242 3.791475271235055970e+02 1.740900973859430394e+02
7243 3.791093713262683309e+02 1.740815410605586351e+02
7244 3.790712192789637811e+02 1.740729906382199204e+02
7245 3.790330709788209447e+02 1.740644461129954834e+02
7246 3.789949264230721155e+02 1.740559074789651106e+02
7247 3.789567856089521456e+02 1.740473747302192749e+02
7248 3.789186485336986721e+02 1.740388478608590503e+02
7249 3.788805151945530270e+02 1.740303268649963684e+02
7250 3.788423855887589298e+02 1.740218117367537900e+02
7251 3.788042597135632263e+02 1.740133024702645912e+02
7252 3.787661375662154910e+02 1.740047990596725072e+02
7253 3.787280191439686519e+02 1.739963014991321586e+02
7254 3.786899044440781950e+02 1.739878097828084265e+02
7255 3.786517934638027896e+02 1.739793239048769067e+02
7256 3.786136862004038335e+02 1.739708438595237681e+02
7257 3.785755826511458508e+02 1.739623696409454396e+02
7258 3.785374828132960943e+02 1.739539012433489233e+02
7259 3.784993866841247154e+02 1.739454386609516519e+02
7260 3.784612942609052197e+02 1.739369818879814602e+02
7261 3.784232055409132158e+02 1.739285309186765573e+02
7262 3.783851205214278366e+02 1.739200857472852704e+02
7263 3.783470391997308866e+02 1.739116463680664992e+02
7264 3.783089615731069557e+02 1.739032127752892904e+02
7265 3.782708876388438739e+02 1.738947849632329792e+02
7266 3.782328173942318017e+02 1.738863629261870756e+02
7267 3.781947508365643102e+02 1.738779466584512932e+02
7268 3.781566879631374718e+02 1.738695361543354920e+02
7269 3.781186287712503145e+02 1.738611314081597357e+02
7270 3.780805732582047654e+02 1.738527324142540067e+02
7271 3.780425214213054232e+02 1.738443391669586049e+02
7272 3.780044732578600701e+02 1.738359516606237207e+02
7273 3.779664287651789891e+02 1.738275698896094923e+02
7274 3.779283879405755329e+02 1.738191938482862895e+02
7275 3.778903507813656120e+02 1.738108235310342309e+02
7276 3.778523172848682066e+02 1.738024589322434110e+02
7277 3.778142874484049685e+02 1.737941000463138437e+02
7278 3.777762612693006190e+02 1.737857468676555186e+02
7279 3.777382387448822669e+02 1.737773993906880889e+02
7280 3.777002198724801474e+02 1.737690576098411839e+02
7281 3.776622046494271103e+02 1.737607215195542096e+02
7282 3.776241930730587910e+02 1.737523911142762358e+02
7283 3.775861851407138943e+02 1.737440663884660808e+02
7284 3.775481808497335123e+02 1.737357473365925671e+02
7285 3.775101801974617501e+02 1.737274339531336409e+02
7286 3.774721831812455548e+02 1.737191262325774801e+02
7287 3.774341897984342040e+02 1.737108241694215280e+02
7288 3.773962000463803861e+02 1.737025277581730904e+02
7289 3.773582139224391199e+02 1.736942369933488237e+02
7290 3.773202314239680959e+02 1.736859518694750761e+02
7291 3.772822525483281879e+02 1.736776723810876319e+02
7292 3.772442772928824866e+02 1.736693985227318251e+02
7293 3.772063056549971520e+02 1.736611302889624824e+02
7294 3.771683376320410730e+02 1.736528676743438098e+02
7295 3.771303732213857529e+02 1.736446106734495913e+02
7296 3.770924124204053669e+02 1.736363592808627629e+02
7297 3.770544552264768754e+02 1.736281134911758670e+02
7298 3.770165016369803084e+02 1.736198732989906262e+02
7299 3.769785516492976285e+02 1.736116386989181990e+02
7300 3.769406052608140385e+02 1.736034096855788391e+02
7301 3.769026624689175833e+02 1.735951862536023214e+02
7302 3.768647232709984678e+02 1.735869683976274871e+02
7303 3.768267876644500234e+02 1.735787561123024432e+02
7304 3.767888556466681393e+02 1.735705493922845335e+02
7305 3.767509272150514334e+02 1.735623482322401969e+02
7306 3.767130023670008541e+02 1.735541526268450525e+02
7307 3.766750810999204191e+02 1.735459625707837574e+02
7308 3.766371634112168749e+02 1.735377780587501491e+02
7309 3.765992492982990711e+02 1.735295990854470745e+02
7310 3.765613387585793248e+02 1.735214256455865609e+02
7311 3.765234317894717719e+02 1.735132577338893043e+02
7312 3.764855283883936750e+02 1.735050953450854649e+02
7313 3.764476285527649679e+02 1.734969384739137297e+02
7314 3.764097322800081429e+02 1.734887871151220224e+02
7315 3.763718395675481361e+02 1.734806412634670210e+02
7316 3.763339504128126691e+02 1.734725009137143843e+02
7317 3.762960648132320216e+02 1.734643660606385254e+02
7318 3.762581827662394289e+02 1.734562366990228384e+02
7319 3.762203042692703434e+02 1.734481128236595566e+02
7320 3.761824293197626616e+02 1.734399944293494400e+02
7321 3.761445579151575771e+02 1.734318815109023433e+02
7322 3.761066900528981591e+02 1.734237740631366762e+02
7323 3.760688257304306603e+02 1.734156720808796877e+02
7324 3.760309649452035501e+02 1.734075755589671815e+02
7325 3.759931076946680264e+02 1.733994844922437721e+02
7326 3.759552539762776178e+02 1.733913988755626292e+02
7327 3.759174037874889791e+02 1.733833187037856192e+02
7328 3.758795571257608117e+02 1.733752439717831919e+02
7329 3.758417139885547158e+02 1.733671746744344091e+02
7330 3.758038743733346791e+02 1.733591108066267736e+02
7331 3.757660382775673611e+02 1.733510523632564571e+02
7332 3.757282056987218084e+02 1.733429993392281006e+02
7333 3.756903766344362907e+02 1.733349375580885692e+02
7334 3.756525511024024695e+02 1.733267637337485496e+02
7335 3.756147291371421488e+02 1.733185954471071284e+02
7336 3.755769107360711132e+02 1.733104326930194645e+02
7337 3.755390958966074777e+02 1.733022754663491583e+02
7338 3.755012846161723701e+02 1.732941237619678532e+02
7339 3.754634768921889076e+02 1.732859775747554067e+02
7340 3.754256727220832204e+02 1.732778368995998335e+02
7341 3.753878721032839394e+02 1.732697017313971628e+02
7342 3.753500750332221969e+02 1.732615720650517517e+02
7343 3.753122815093316831e+02 1.732534478954757446e+02
7344 3.752744915290486460e+02 1.732453292175895285e+02
7345 3.752367050898119487e+02 1.732372160263215903e+02
7346 3.751989221890627846e+02 1.732291083166082615e+02
7347 3.751611428242453030e+02 1.732210060833939167e+02
7348 3.751233669928056429e+02 1.732129093216310594e+02
7349 3.750855946921929558e+02 1.732048180262798383e+02
7350 3.750478259198588944e+02 1.731967321923086445e+02
7351 3.750100606732572714e+02 1.731886518146937135e+02
7352 3.749722989498447987e+02 1.731805768884189831e+02
7353 3.749345407470803480e+02 1.731725074084765197e+02
7354 3.748967860624256332e+02 1.731644433698659782e+02
7355 3.748590348933448126e+02 1.731563847675951706e+02
7356 3.748212872373046025e+02 1.731483315966794976e+02
7357 3.747835430917738222e+02 1.731402838521420904e+02
7358 3.747458024542243038e+02 1.731322415290140668e+02
7359 3.747080653221300963e+02 1.731242046223342186e+02
7360 3.746703316929677499e+02 1.731161731271489259e+02
7361 3.746326015642163725e+02 1.731081470385125272e+02
7362 3.745948749333576870e+02 1.731001263514868356e+02
7363 3.745571517978755196e+02 1.730921110611414804e+02
7364 3.745194321552564247e+02 1.730841011625536510e+02
7365 3.744817160029896854e+02 1.730760966508082106e+02
7366 3.744440033385663469e+02 1.730680975209977532e+02
7367 3.744062941594807512e+02 1.730601037682222625e+02
7368 3.743685884632290026e+02 1.730521153875893106e+02
7369 3.743308862473099907e+02 1.730441323742142572e+02
7370 3.742931875092250493e+02 1.730361547232197381e+02
7371 3.742554922464779565e+02 1.730281824297361197e+02
7372 3.742178004565748779e+02 1.730202154889010444e+02
7373 3.741801121370243095e+02 1.730122538958599137e+02
7374 3.741424272853374191e+02 1.730042976457652628e+02
7375 3.741047458990278187e+02 1.729963467337773011e+02
7376 3.740670679756111667e+02 1.729884011550635989e+02
7377 3.740293935126060774e+02 1.729804609047991448e+02
7378 3.739917225075331544e+02 1.729725259781662885e+02
7379 3.739540549579156163e+02 1.729645963703547409e+02
7380 3.739163908612791261e+02 1.729566720765615742e+02
7381 3.738787302151516201e+02 1.729487530919911933e+02
7382 3.738410730170634793e+02 1.729408394118553360e+02
7383 3.738034192645475855e+02 1.729329310313729309e+02
7384 3.737657689551391513e+02 1.729250279457703243e+02
7385 3.737281220863757198e+02 1.729171301502810536e+02
7386 3.736904786557974489e+02 1.729092376401458182e+02
7387 3.736528386609465429e+02 1.729013504106127641e+02
7388 3.736152020993678207e+02 1.728934684569368301e+02
7389 3.735775689686084888e+02 1.728855917743805719e+02
7390 3.735399392662179139e+02 1.728777203582135371e+02
7391 3.735023129897481340e+02 1.728698542037123218e+02
7392 3.734646901367534610e+02 1.728619933061607412e+02
7393 3.734270707047903670e+02 1.728541376608497728e+02
7394 3.733894546914179955e+02 1.728462872630774427e+02
7395 3.733518420941975364e+02 1.728384421081487972e+02
7396 3.733142329106927946e+02 1.728306021913759594e+02
7397 3.732766271384697347e+02 1.728227675080781864e+02
7398 3.732390247750968797e+02 1.728149380535816420e+02
7399 3.732014258181447985e+02 1.728071138232195665e+02
7400 3.731638302651866752e+02 1.727992948123321355e+02
7401 3.731262381137979673e+02 1.727914810162665731e+02
7402 3.730886493615563495e+02 1.727836724303768960e+02
7403 3.730510640060418837e+02 1.727758690500243404e+02
7404 3.730134820448369055e+02 1.727680708705766222e+02
7405 3.729759034755261951e+02 1.727602778874088756e+02
7406 3.729383282956968060e+02 1.727524900959026866e+02
7407 3.729007565029381794e+02 1.727447074914467180e+02
7408 3.728631880948417461e+02 1.727369300694365108e+02
7409 3.728256230690016650e+02 1.727291578252743136e+02
7410 3.727880614230141418e+02 1.727213907543692812e+02
7411 3.727505031544777125e+02 1.727136288521372762e+02
7412 3.727129482609933007e+02 1.727058721140010107e+02
7413 3.726753967401640466e+02 1.726981205353899895e+02
7414 3.726378485895953645e+02 1.726903741117403399e+02
7415 3.726003038068949991e+02 1.726826328384951239e+02
7416 3.725627623896729119e+02 1.726748967111039406e+02
7417 3.725252243355414521e+02 1.726671657250230680e+02
7418 3.724876896421153560e+02 1.726594398757156910e+02
7419 3.724501583070111792e+02 1.726517191586513604e+02
7420 3.724126303278480918e+02 1.726440035693065056e+02
7421 3.723751057022475379e+02 1.726362931031640926e+02
7422 3.723375844278332920e+02 1.726285877557137098e+02
7423 3.723000665022310613e+02 1.726208875224515680e+02
7424 3.722625519230688269e+02 1.726131923988804715e+02
7425 3.722250406879773550e+02 1.726055023805096766e+02
7426 3.721875327945891740e+02 1.725978174628551471e+02
7427 3.721500282405389726e+02 1.725901376414392985e+02
7428 3.721125270234641675e+02 1.725824629117910547e+02
7429 3.720750291410039949e+02 1.725747932694459053e+02
7430 3.720375345908000213e+02 1.725671287099457629e+02
7431 3.720000433704961438e+02 1.725594692288390206e+02
7432 3.719625554777384195e+02 1.725518148216805230e+02
7433 3.719250709101751227e+02 1.725441654840316801e+02
7434 3.718875896654568010e+02 1.725365212114601547e+02
7435 3.718501117412359918e+02 1.725288819995400047e+02
7436 3.718126371351680746e+02 1.725212478438518815e+02
7437 3.717751658449096226e+02 1.725136187399825758e+02
7438 3.717376978681205060e+02 1.725059946835254152e+02
7439 3.717002332024620728e+02 1.724983756700800370e+02
7440 3.716627718455980585e+02 1.724907616952523597e+02
7441 3.716253137951944154e+02 1.724831527546545828e+02
7442 3.715878590489193698e+02 1.724755488439053579e+02
7443 3.715504076044433077e+02 1.724679499586294185e+02
7444 3.715129594594385480e+02 1.724603560944578931e+02
7445 3.714755146115801949e+02 1.724527672470282198e+02
7446 3.714380730585447168e+02 1.724451834119839191e+02
7447 3.714006347980116516e+02 1.724376045849748493e+02
7448 3.713631998276617310e+02 1.724300307616570649e+02
7449 3.713257681451788699e+02 1.724224619376927876e+02
7450 3.712883397482485179e+02 1.724148981087503500e+02
7451 3.712509146345581712e+02 1.724073392705043659e+02
7452 3.712134928017981110e+02 1.723997854186355880e+02
7453 3.711760742476602672e+02 1.723922365488307946e+02
7454 3.711386589698388434e+02 1.723846926567830451e+02
7455 3.711012469660303736e+02 1.723771537381913390e+02
7456 3.710638382339333248e+02 1.723696197887609571e+02
7457 3.710264327712482668e+02 1.723620908042030067e+02
7458 3.709890305756782141e+02 1.723545667802347339e+02
7459 3.709516316449281135e+02 1.723470477125797231e+02
7460 3.709142359767049015e+02 1.723395335969671578e+02
7461 3.708768435687181295e+02 1.723320244291325594e+02
7462 3.708394544186788266e+02 1.723245202048171052e+02
7463 3.708020685243008643e+02 1.723170209197685097e+02
7464 3.707646858832994781e+02 1.723095265697399441e+02
7465 3.707273064933926321e+02 1.723020371504906905e+02
7466 3.706899303523003368e+02 1.722945526577861415e+02
7467 3.706525574577443649e+02 1.722870730873974026e+02
7468 3.706151878074488195e+02 1.722795984351016614e+02
7469 3.705778213991399070e+02 1.722721286966819321e+02
7470 3.705404582305461645e+02 1.722646638679269415e+02
7471 3.705030982993976068e+02 1.722572039446317262e+02
7472 3.704657416034270909e+02 1.722497489225968366e+02
7473 3.704283881403691225e+02 1.722422987976287345e+02
7474 3.703910379079602535e+02 1.722348535655398223e+02
7475 3.703536909039396505e+02 1.722274132221481580e+02
7476 3.703163471260477877e+02 1.722199777632777682e+02
7477 3.702790065720278108e+02 1.722125471847583071e+02
7478 3.702416692396248550e+02 1.722051214824254259e+02
7479 3.702043351265859314e+02 1.721977006521203180e+02
7480 3.701670042306601545e+02 1.721902846896900598e+02
7481 3.701296765495990826e+02 1.721828735909874410e+02
7482 3.700923520811559229e+02 1.721754673518709069e+02
7483 3.700550308230860992e+02 1.721680659682047292e+02
7484 3.700177127731469113e+02 1.721606694358588072e+02
7485 3.699803979290980465e+02 1.721532777507086962e+02
7486 3.699430862887011813e+02 1.721458909086357210e+02
7487 3.699057778497200388e+02 1.721385089055267485e+02
7488 3.698684726099200475e+02 1.721311317372744156e+02
7489 3.698311705670691936e+02 1.721237593997767874e+02
7490 3.697938717189372255e+02 1.721163918889378408e+02
7491 3.697565760632958245e+02 1.721090292006668960e+02
7492 3.697192835979190590e+02 1.721016713308789861e+02
7493 3.696819943205828736e+02 1.720943182754947145e+02
7494 3.696447082290650883e+02 1.720869700304401988e+02
7495 3.696074253211458540e+02 1.720796265916471839e+02
7496 3.695701455946070837e+02 1.720722879550528432e+02
7497 3.695328690472329640e+02 1.720649541166001200e+02
7498 3.694955956768091028e+02 1.720576250722369878e+02
7499 3.694583254811242341e+02 1.720503008179175310e+02
7500 3.694210584579681154e+02 1.720429813496008933e+02
7501 3.693837955051316726e+02 1.720271599389205051e+02
7502 3.693465394478925532e+02 1.720111462858417042e+02
7503 3.693092903255893020e+02 1.719951426191830990e+02
7504 3.692720481332524969e+02 1.719791489299296643e+02
7505 3.692348128659181157e+02 1.719631652090796763e+02
7506 3.691975845186269680e+02 1.719471914476444852e+02
7507 3.691603630864249226e+02 1.719312276366483729e+02
7508 3.691231485643630208e+02 1.719152737671289231e+02
7509 3.690859409474973631e+02 1.718993298301366792e+02
7510 3.690487402308891660e+02 1.718833958167352591e+02
7511 3.690115464096046480e+02 1.718674717180012124e+02
7512 3.689743594787152006e+02 1.718515575250242193e+02
7513 3.689371794332971604e+02 1.718356532289066365e+02
7514 3.689000062684317527e+02 1.718197588207640081e+02
7515 3.688628399792053756e+02 1.718038742917246395e+02
7516 3.688256805607096567e+02 1.717879996329298535e+02
7517 3.687885280080409416e+02 1.717721348355336488e+02
7518 3.687513823163007487e+02 1.717562798907029560e+02
7519 3.687142434805954281e+02 1.717404347896175523e+02
7520 3.686771114960365594e+02 1.717245995234699762e+02
7521 3.686399863577404972e+02 1.717087740834653573e+02
7522 3.686028680608287118e+02 1.716929584608217283e+02
7523 3.685657566004273917e+02 1.716771526467697697e+02
7524 3.685286519716681255e+02 1.716613566325530087e+02
7525 3.684915541696871060e+02 1.716455704094272221e+02
7526 3.684544631896256419e+02 1.716297939686612608e+02
7527 3.684173790266298170e+02 1.716140273015361686e+02
7528 3.683803016758508306e+02 1.715982703993460348e+02
7529 3.683432311324446573e+02 1.715825232533970848e+02
7530 3.683061673915722736e+02 1.715667858550084190e+02
7531 3.682691104483996014e+02 1.715510581955113310e+02
7532 3.682320602980972808e+02 1.715353402662498183e+02
7533 3.681950169358411245e+02 1.715196320585801857e+02
7534 3.681579803568116631e+02 1.715039335638715272e+02
7535 3.681209505561941455e+02 1.714882447735047890e+02
7536 3.680839275291789932e+02 1.714725656788737922e+02
7537 3.680469112709614024e+02 1.714568962713844371e+02
7538 3.680099017767413443e+02 1.714412365424550444e+02
7539 3.679728990417237355e+02 1.714255864835163266e+02
7540 3.679359030611180970e+02 1.714099460860113027e+02
7541 3.678989138301392359e+02 1.713943153413950427e+02
7542 3.678619313440063365e+02 1.713786942411350935e+02
7543 3.678249555979437559e+02 1.713630827767111668e+02
7544 3.677879865871802849e+02 1.713474809396148828e+02
7545 3.677510243069500007e+02 1.713318887213507935e+02
7546 3.677140687524912437e+02 1.713163061134347060e+02
7547 3.676771199190475272e+02 1.713007331073951036e+02
7548 3.676401778018670825e+02 1.712851696947724633e+02
7549 3.676032423962027451e+02 1.712696158671193132e+02
7550 3.675663136973124097e+02 1.712540716160001182e+02
7551 3.675293917004584614e+02 1.712385369329916216e+02
7552 3.674924764009080604e+02 1.712230118096824185e+02
7553 3.674555677939333123e+02 1.712074962376731548e+02
7554 3.674186658748110403e+02 1.711919902085763567e+02
7555 3.673817706388225020e+02 1.711764937140166012e+02
7556 3.673448820812539566e+02 1.711610067456302886e+02
7557 3.673080001973964386e+02 1.711455292950658702e+02
7558 3.672711249825453024e+02 1.711300613539834501e+02
7559 3.672342564320011320e+02 1.711146029140552116e+02
7560 3.671973945410687747e+02 1.710991539669648773e+02
7561 3.671605393050581938e+02 1.710837145044084195e+02
7562 3.671236907192834451e+02 1.710682845180930940e+02
7563 3.670868487790637573e+02 1.710528639997383209e+02
7564 3.670500134797229634e+02 1.710374529410748607e+02
7565 3.670131848165895576e+02 1.710220513338456385e+02
7566 3.669763627849962404e+02 1.710066591698049763e+02
7567 3.669395473802809988e+02 1.709912764407188774e+02
7568 3.669027385977860263e+02 1.709759031383651120e+02
7569 3.668659364328584047e+02 1.709605392545329892e+02
7570 3.668291408808498204e+02 1.709451847810234142e+02
7571 3.667923519371163366e+02 1.709298397096490589e+02
7572 3.667555695970187344e+02 1.709145040322339355e+02
7573 3.667187938559228542e+02 1.708991777406135100e+02
7574 3.666820247091982878e+02 1.708838608266349866e+02
7575 3.666452621522199706e+02 1.708685532821571371e+02
7576 3.666085061803671579e+02 1.708532550990499317e+02
7577 3.665717567890234250e+02 1.708379662691949079e+02
7578 3.665350139735774064e+02 1.708226867844849153e+02
7579 3.664982777294217726e+02 1.708074166368245699e+02
7580 3.664615480519541961e+02 1.707921558181295154e+02
7581 3.664248249471109489e+02 1.707763989383621492e+02
7582 3.663881088867555036e+02 1.707585501866984998e+02
7583 3.663514004999458393e+02 1.707407110733349782e+02
7584 3.663146997817368629e+02 1.707228815926002312e+02
7585 3.662780067271871758e+02 1.707050617388280784e+02
7586 3.662413213313595861e+02 1.706872515063571711e+02
7587 3.662046435893202556e+02 1.706694508895309070e+02
7588 3.661679734961389840e+02 1.706516598826978566e+02
7589 3.661313110468896639e+02 1.706338784802111093e+02
7590 3.660946562366493708e+02 1.706161066764289558e+02
7591 3.660580090604995576e+02 1.705983444657142911e+02
7592 3.660213695135249168e+02 1.705805918424352399e+02
7593 3.659847375908139497e+02 1.705628488009641899e+02
7594 3.659481132874590230e+02 1.705451153356790996e+02
7595 3.659114965985558570e+02 1.705273914409620204e+02
7596 3.658748875192039804e+02 1.705096771112001761e+02
7597 3.658382860445069582e+02 1.704919723407859351e+02
7598 3.658016921695717656e+02 1.704742771241158437e+02
7599 3.657651058895090159e+02 1.704565914555916777e+02
7600 3.657285271994329037e+02 1.704389153296198742e+02
7601 3.656919560944616592e+02 1.704212487406116452e+02
7602 3.656553925697169234e+02 1.704035916829830342e+02
7603 3.656188366203241458e+02 1.703859441511547459e+02
7604 3.655822882414121864e+02 1.703683061395523737e+02
7605 3.655457474281138843e+02 1.703506776426062856e+02
7606 3.655092141755656030e+02 1.703330586547515395e+02
7607 3.654726884789071732e+02 1.703154491704277973e+02
7608 3.654361703332824618e+02 1.702978491840796380e+02
7609 3.653996597338384618e+02 1.702802586901562734e+02
7610 3.653631566757265432e+02 1.702626776831118320e+02
7611 3.653266611541009752e+02 1.702451061574048765e+02
7612 3.652901731641199490e+02 1.702275441074988294e+02
7613 3.652536927009455781e+02 1.702099915278617175e+02
7614 3.652172197597429317e+02 1.701924484129662574e+02
7615 3.651807543356815131e+02 1.701749147572901109e+02
7616 3.651442964239337243e+02 1.701573905553152031e+02
7617 3.651078460196760602e+02 1.701398758015284329e+02
7618 3.650714031180884263e+02 1.701223704904211615e+02
7619 3.650349677143544227e+02 1.701048746164896386e+02
7620 3.649985398036611741e+02 1.700873881742344622e+02
7621 3.649621193811993294e+02 1.700699111581610055e+02
7622 3.649257064421633459e+02 1.700524435627794730e+02
7623 3.648893009817510915e+02 1.700349853826041908e+02
7624 3.648529029951642428e+02 1.700175366121546858e+02
7625 3.648165124776079438e+02 1.700000972459546347e+02
7626 3.647801294242906920e+02 1.699826672785326025e+02
7627 3.647437538304248505e+02 1.699652467044215598e+02
7628 3.647073856912265342e+02 1.699478355181592519e+02
7629 3.646710250019146997e+02 1.699304337142877728e+02
7630 3.646346717577127947e+02 1.699130412873538774e+02
7631 3.645983259538473362e+02 1.698956582319091240e+02
7632 3.645619875855481951e+02 1.698782845425091352e+02
7633 3.645256566480493916e+02 1.698609202137145644e+02
7634 3.644893331365878453e+02 1.698435652400903280e+02
7635 3.644530170464045682e+02 1.698262196162060036e+02
7636 3.644167083727438126e+02 1.698088833366356880e+02
7637 3.643804071108536391e+02 1.697915563959578549e+02
7638 3.643441132559853486e+02 1.697742387887557527e+02
7639 3.643078268033938798e+02 1.697569305096166943e+02
7640 3.642715477483379232e+02 1.697396315531331368e+02
7641 3.642352760860792387e+02 1.697223419139016016e+02
7642 3.641990118118835085e+02 1.697050615865228735e+02
7643 3.641627549210198254e+02 1.696877905656029100e+02
7644 3.641265054087608064e+02 1.696705288457514769e+02
7645 3.640902632703826498e+02 1.696532764215832572e+02
7646 3.640540285011647939e+02 1.696360332877171686e+02
7647 3.640178010963904853e+02 1.696187994387764775e+02
7648 3.639815810513463816e+02 1.696015748693891680e+02
7649 3.639453683613226644e+02 1.695843595741875163e+02
7650 3.639091630216129829e+02 1.695671535478084024e+02
7651 3.638729650275142831e+02 1.695499567848926290e+02
7652 3.638367743743273195e+02 1.695327692800859722e+02
7653 3.638005910573563710e+02 1.695155910280384148e+02
7654 3.637644150719088429e+02 1.694984220234044017e+02
7655 3.637282464132959490e+02 1.694812622608424135e+02
7656 3.636920850768320861e+02 1.694641117350159902e+02
7657 3.636559310578354030e+02 1.694469704405923665e+02
7658 3.636197843516275157e+02 1.694298383722437222e+02
7659 3.635836449535332804e+02 1.694127155246461882e+02
7660 3.635475128588811344e+02 1.693956018924804425e+02
7661 3.635113880630029826e+02 1.693784974704315403e+02
7662 3.634752705612343107e+02 1.693614022531887997e+02
7663 3.634391603489137879e+02 1.693443162354459730e+02
7664 3.634030574213834939e+02 1.693272394119010755e+02
7665 3.633669617739896012e+02 1.693101717772564143e+02
7666 3.633308734020810107e+02 1.692931133262187586e+02
7667 3.632947923010103182e+02 1.692760640534991126e+02
7668 3.632587184661334732e+02 1.692590239538127435e+02
7669 3.632226518928101200e+02 1.692419930218792956e+02
7670 3.631865925764032568e+02 1.692249712524227334e+02
7671 3.631505405122787806e+02 1.692079586401711992e+02
7672 3.631144956958067382e+02 1.691909551798571272e+02
7673 3.630784581223603027e+02 1.691739608662173850e+02
7674 3.630424277873159440e+02 1.691569756939929619e+02
7675 3.630064046860537132e+02 1.691399996579291951e+02
7676 3.629703888139570722e+02 1.691230327527755435e+02
7677 3.629343801664127795e+02 1.691060749732858994e+02
7678 3.628983787388110045e+02 1.690891263142182765e+02
7679 3.628623845265454406e+02 1.690721867703349517e+02
7680 3.628263975250131352e+02 1.690552563364023513e+02
7681 3.627904177296143189e+02 1.690383350071914492e+02
7682 3.627544451357528601e+02 1.690214227774769427e+02
7683 3.627184797388362085e+02 1.690045196420381615e+02
7684 3.626825215342745423e+02 1.689876255956584714e+02
7685 3.626465705174820187e+02 1.689707406331253310e+02
7686 3.626106266838758074e+02 1.689538647492307462e+02
7687 3.625746900288768302e+02 1.689369979387703040e+02
7688 3.625387605479088506e+02 1.689201401965443665e+02
7689 3.625028382363997821e+02 1.689032915173572178e+02
7690 3.624669230897798684e+02 1.688864518960174053e+02
7691 3.624310151034836736e+02 1.688696213273373701e+02
7692 3.623951142729485468e+02 1.688527998061339872e+02
7693 3.623592205936154187e+02 1.688359873272282528e+02
7694 3.623233340609283459e+02 1.688191838854451134e+02
7695 3.622874546703351371e+02 1.688023894756139214e+02
7696 3.622515824172864995e+02 1.687856040925679508e+02
7697 3.622157172972368926e+02 1.687688277311445120e+02
7698 3.621798593056436744e+02 1.687520603861855477e+02
7699 3.621440084379678979e+02 1.687353020525363263e+02
7700 3.621081646896738562e+02 1.687185527250469761e+02
7701 3.620723280562290256e+02 1.687018123985712919e+02
7702 3.620364985331044068e+02 1.686850810679671611e+02
7703 3.620006761157741835e+02 1.686683587280967913e+02
7704 3.619648607997158933e+02 1.686516453738262840e+02
7705 3.619290525804103709e+02 1.686349410000257194e+02
7706 3.618932514533419180e+02 1.686182456015696687e+02
7707 3.618574574139978495e+02 1.686015591733362839e+02
7708 3.618216704578690042e+02 1.685848817102079238e+02
7709 3.617858905804496317e+02 1.685682132070712385e+02
7710 3.617501177772368237e+02 1.685515536588166299e+02
7711 3.617143520437315942e+02 1.685349030603387632e+02
7712 3.616785933754376856e+02 1.685182614065360269e+02
7713 3.616428417678624214e+02 1.685016286923111295e+02
7714 3.616070972165165927e+02 1.684850049125705880e+02
7715 3.615713597169136051e+02 1.684683900622252395e+02
7716 3.615356292645708436e+02 1.684517841361894455e+02
7717 3.614999058550087057e+02 1.684351871293820295e+02
7718 3.614641894837507721e+02 1.684185990367255670e+02
7719 3.614284801463239205e+02 1.684020198531467258e+02
7720 3.613927778382586666e+02 1.683854495735761532e+02
7721 3.613570825550881409e+02 1.683688881929482193e+02
7722 3.613213942923492823e+02 1.683523357062016998e+02
7723 3.612857130455820425e+02 1.683357921082790654e+02
7724 3.612500388103294426e+02 1.683192573941266801e+02
7725 3.612143715821382557e+02 1.683027315586951715e+02
7726 3.611787113565582104e+02 1.682862145969388337e+02
7727 3.611430581291422754e+02 1.682697065038159110e+02
7728 3.611074118954464893e+02 1.682532072742888261e+02
7729 3.610717726510305283e+02 1.682367169033236678e+02
7730 3.610361403914571383e+02 1.682202353858906463e+02
7731 3.610005151122920211e+02 1.682037627169636664e+02
7732 3.609648968091046299e+02 1.681872988915208111e+02
7733 3.609292854774671468e+02 1.681708439045438013e+02
7734 3.608936811129554485e+02 1.681543977510185925e+02
7735 3.608580837111479696e+02 1.681379604259347218e+02
7736 3.608224931221158158e+02 1.681232208303820528e+02
7737 3.607869086980071529e+02 1.681088751190119410e+02
7738 3.607513303456861991e+02 1.680945371347825130e+02
7739 3.607157580613646815e+02 1.680802068731312602e+02
7740 3.606801918412572832e+02 1.680658843294986866e+02
7741 3.606446316815814725e+02 1.680515694993285365e+02
7742 3.606090775785576739e+02 1.680372623780675667e+02
7743 3.605735295284084145e+02 1.680229629611656321e+02
7744 3.605379875273598600e+02 1.680086712440756287e+02
7745 3.605024515716400515e+02 1.679943872222533514e+02
7746 3.604669216574805546e+02 1.679801108911580059e+02
7747 3.604313977811152085e+02 1.679658422462516398e+02
7748 3.603958799387808085e+02 1.679515812829992569e+02
7749 3.603603680795592936e+02 1.679379010842124558e+02
7750 3.603248619738347429e+02 1.679243918415197925e+02
7751 3.602893615795287587e+02 1.679108903872461838e+02
7752 3.602538668928892776e+02 1.678973967161113308e+02
7753 3.602183779101681012e+02 1.678839108228390558e+02
7754 3.601828946276193619e+02 1.678704327021570180e+02
7755 3.601474170415003755e+02 1.678569623487973104e+02
7756 3.601119451480715270e+02 1.678434997574960050e+02
7757 3.600764789435963849e+02 1.678300449229935509e+02
7758 3.600410184243413028e+02 1.678165978400339498e+02
7759 3.600055635865756472e+02 1.678031585033658928e+02
7760 3.599701144265717971e+02 1.677897269077418798e+02
7761 3.599346709406053719e+02 1.677763030479186170e+02
7762 3.598992331249547192e+02 1.677628869186569602e+02
7763 3.598638009759011425e+02 1.677494785147217726e+02
7764 3.598283744897292422e+02 1.677360778308819818e+02
7765 3.597929536627263474e+02 1.677226848619106363e+02
7766 3.597575384911829133e+02 1.677092996025849629e+02
7767 3.597221289713922943e+02 1.676959220476863379e+02
7768 3.596867250996508574e+02 1.676825521919999176e+02
7769 3.596513268722578118e+02 1.676691900303152920e+02
7770 3.596159342855158911e+02 1.676558355574258314e+02
7771 3.595805473357299888e+02 1.676424887681290556e+02
7772 3.595451660192086365e+02 1.676291496572266624e+02
7773 3.595097903322628667e+02 1.676158182195244137e+02
7774 3.594744202712070091e+02 1.676024944498319940e+02
7775 3.594390558323582923e+02 1.675891783429632369e+02
7776 3.594036970120366163e+02 1.675758698937359270e+02
7777 3.593683438065654059e+02 1.675625690969720836e+02
7778 3.593329962122702455e+02 1.675492759474976481e+02
7779 3.592976545476826118e+02 1.675322634005408418e+02
7780 3.592623202163114797e+02 1.675144406350709687e+02
7781 3.592269934016343313e+02 1.674966285526138847e+02
7782 3.591916740983469367e+02 1.674788271451905075e+02
7783 3.591563623011496702e+02 1.674610364048315603e+02
7784 3.591210580047481358e+02 1.674432563235776570e+02
7785 3.590857612038524280e+02 1.674254868934785065e+02
7786 3.590504718931773596e+02 1.674077281065934812e+02
7787 3.590151900674425747e+02 1.673899799549913894e+02
7788 3.589799157213727767e+02 1.673722424307509584e+02
7789 3.589446488496969323e+02 1.673545155259599824e+02
7790 3.589093894471494082e+02 1.673367992327160607e+02
7791 3.588741375084684933e+02 1.673190935431257458e+02
7792 3.588388930283979334e+02 1.673013984493058501e+02
7793 3.588036560016858516e+02 1.672837139433817697e+02
7794 3.587684264230853728e+02 1.672660400174888196e+02
7795 3.587332042873537148e+02 1.672483766637714950e+02
7796 3.586979895892537797e+02 1.672307238743836990e+02
7797 3.586627823235523920e+02 1.672130816414887704e+02
7798 3.586275824850216054e+02 1.671954499572594841e+02
7799 3.585923900684376235e+02 1.671778288138773689e+02
7800 3.585572050685818795e+02 1.671602182035339865e+02
7801 3.585220274802401832e+02 1.671426181184297377e+02
7802 3.584868572982031196e+02 1.671250285507742888e+02
7803 3.584516945172659916e+02 1.671074494927870262e+02
7804 3.584165391322288201e+02 1.670898809366958062e+02
7805 3.583813911378958323e+02 1.670723228747383757e+02
7806 3.583462505290767126e+02 1.670547752991612640e+02
7807 3.583111173005850674e+02 1.670372382022204079e+02
7808 3.582759914472394485e+02 1.670197115761808107e+02
7809 3.582408729638632394e+02 1.670021954133165707e+02
7810 3.582057618452841439e+02 1.669846897059111654e+02
7811 3.581706580863345266e+02 1.669671944462567126e+02
7812 3.581355616818515273e+02 1.669497096266549931e+02
7813 3.581004726266768898e+02 1.669322352394164000e+02
7814 3.580653909156568488e+02 1.669147712768606198e+02
7815 3.580303165436422432e+02 1.668973177313164058e+02
7816 3.579952495054886867e+02 1.668798745951213220e+02
7817 3.579601897960561701e+02 1.668624418606222548e+02
7818 3.579251374102094019e+02 1.668450195201749011e+02
7819 3.578900923428175815e+02 1.668276075661437972e+02
7820 3.578550545887546264e+02 1.668102059909027446e+02
7821 3.578200241428989443e+02 1.667928147868342990e+02
7822 3.577850010001332635e+02 1.667754339463299971e+02
7823 3.577499851553453709e+02 1.667580634617903002e+02
7824 3.577149766034272602e+02 1.667407033256244802e+02
7825 3.576799753392753018e+02 1.667233535302507050e+02
7826 3.576449813577909822e+02 1.667060140680960956e+02
7827 3.576099946538796530e+02 1.666886849315966970e+02
7828 3.575750152224517819e+02 1.666713661131971378e+02
7829 3.575400430584219862e+02 1.666540576053508289e+02
7830 3.575050781567094305e+02 1.666367594005204467e+02
7831 3.574701205122381680e+02 1.666194714911769097e+02
7832 3.574351701199359468e+02 1.666021938698001179e+02
7833 3.574002269747359719e+02 1.665849265288787819e+02
7834 3.573652910715752569e+02 1.665676694609101958e+02
7835 3.573303624053954763e+02 1.665504226584004641e+02
7836 3.572954409711430799e+02 1.665331861138645309e+02
7837 3.572605267637684960e+02 1.665159598198256390e+02
7838 3.572256197782271556e+02 1.664987437688161265e+02
7839 3.571907200094783548e+02 1.664815379533766304e+02
7840 3.571558274524862782e+02 1.664643423660566839e+02
7841 3.571209421022196011e+02 1.664471569994143181e+02
7842 3.570860639536512053e+02 1.664299818460160623e+02
7843 3.570511930017583495e+02 1.664128168984372849e+02
7844 3.570163292415230671e+02 1.663956621492618240e+02
7845 3.569814726679316550e+02 1.663785175910819589e+02
7846 3.569466232759745026e+02 1.663613832164985809e+02
7847 3.569117810606471721e+02 1.663442590181212211e+02
7848 3.568769460169488639e+02 1.663271449885676816e+02
7849 3.568421181398836666e+02 1.663100411204644047e+02
7850 3.568072974244598186e+02 1.662929474064464443e+02
7851 3.567724838656902193e+02 1.662758638391570685e+02
7852 3.567376774585918042e+02 1.662587904112481283e+02
7853 3.567028781981861130e+02 1.662417271153798595e+02
7854 3.566680860794991190e+02 1.662246739442209673e+02
7855 3.566333010975610591e+02 1.662076308904483142e+02
7856 3.565985232474064901e+02 1.661905979467476016e+02
7857 3.565637525240744026e+02 1.661735751058126596e+02
7858 3.565289889226082209e+02 1.661565623603454469e+02
7859 3.564942324380555760e+02 1.661395597030566478e+02
7860 3.564594830654684188e+02 1.661225671266650465e+02
7861 3.564247407999034181e+02 1.661055846238978120e+02
7862 3.563900056364209377e+02 1.660886121874902983e+02
7863 3.563552775700863435e+02 1.660716498101863010e+02
7864 3.563205565959688101e+02 1.660546974847378578e+02
7865 3.562858427091420026e+02 1.660377552039051352e+02
7866 3.562511359046839630e+02 1.660208229604565986e+02
7867 3.562164361776770534e+02 1.660039007471688137e+02
7868 3.561817435232077287e+02 1.659869885568268444e+02
7869 3.561470579363671618e+02 1.659700863822236840e+02
7870 3.561123794122502204e+02 1.659531942161605116e+02
7871 3.560777079459567176e+02 1.659363120514469472e+02
7872 3.560430435325901044e+02 1.659194398809002848e+02
7873 3.560083861672586636e+02 1.659025776973463735e+02
7874 3.559737358450745432e+02 1.658857254936189065e+02
7875 3.559390925611543253e+02 1.658688832625598195e+02
7876 3.559044563106188548e+02 1.658520509970190346e+02
7877 3.558698270885934107e+02 1.658352286898546595e+02
7878 3.558352048902070237e+02 1.658184163339328165e+02
7879 3.558005897105932718e+02 1.658016139221275864e+02
7880 3.557659815448901668e+02 1.657848214473210930e+02
7881 3.557313803882396428e+02 1.657680389024035321e+02
7882 3.556967862357878971e+02 1.657512662802731427e+02
7883 3.556621990826857314e+02 1.657345035738360934e+02
7884 3.556276189240874714e+02 1.657177507760063406e+02
7885 3.555930457551521044e+02 1.657010078797061965e+02
7886 3.555584795710429376e+02 1.656842748778655050e+02
7887 3.555239203669272001e+02 1.656675517634223240e+02
7888 3.554893681379762711e+02 1.656508385293222432e+02
7889 3.554548228793660769e+02 1.656341351685194923e+02
7890 3.554202845862764661e+02 1.656174416739751507e+02
7891 3.553857532538914370e+02 1.656007580386593077e+02
7892 3.553512288773991372e+02 1.655840842555487029e+02
7893 3.553167114519922052e+02 1.655674203176287733e+02
7894 3.552822009728670878e+02 1.655507662178927717e+02
7895 3.552476974352246657e+02 1.655341219493412268e+02
7896 3.552132008342696849e+02 1.655174875049828529e+02
7897 3.551787111652110980e+02 1.655008628778340380e+02
7898 3.551442284232622910e+02 1.654842480609190147e+02
7899 3.551097526036406293e+02 1.654676430472696040e+02
7900 3.550752837015672867e+02 1.654510478299256420e+02
7901 3.550408217122680412e+02 1.654344624019343826e+02
7902 3.550063666309725932e+02 1.654178867563509527e+02
7903 3.549719184529148492e+02 1.654013208862382953e+02
7904 3.549374771733326384e+02 1.653847647846666860e+02
7905 3.549030427874678821e+02 1.653682184447145005e+02
7906 3.548686152905668791e+02 1.653516818594673907e+02
7907 3.548341946778799638e+02 1.653351550220189949e+02
7908 3.547997809446612791e+02 1.653186379254701990e+02
7909 3.547653740861694018e+02 1.653021305629299889e+02
7910 3.547309740976667740e+02 1.652856329275143707e+02
7911 3.546965809744199305e+02 1.652691450123475363e+02
7912 3.546621947116995557e+02 1.652526668105608394e+02
7913 3.546278153047805972e+02 1.652361983152933362e+02
7914 3.545934427489415270e+02 1.652197395196915579e+02
7915 3.545590770394653077e+02 1.652032904169097094e+02
7916 3.545247181716388241e+02 1.651868510001094990e+02
7917 3.544903661407530535e+02 1.651704212624600245e+02
7918 3.544560209421030095e+02 1.651540011971378590e+02
7919 3.544216825709876275e+02 1.651375907973272206e+02
7920 3.543873510227100496e+02 1.651211900562197457e+02
7921 3.543530262925773968e+02 1.651047989670145171e+02
7922 3.543187083759007123e+02 1.650884175229179220e+02
7923 3.542843972679950184e+02 1.650720457171440216e+02
7924 3.542500929641796574e+02 1.650556835429140108e+02
7925 3.542157954597776666e+02 1.650393309934568151e+02
7926 3.541815047501161757e+02 1.650229880620083520e+02
7927 3.541472208305263507e+02 1.650066547418123548e+02
7928 3.541129436963433932e+02 1.649903310261194633e+02
7929 3.540786733429063702e+02 1.649740169081881902e+02
7930 3.540444097655584983e+02 1.649577123812839261e+02
7931 3.540101529596466889e+02 1.649414174386794798e+02
7932 3.539759029205221168e+02 1.649251320736551634e+02
7933 3.539416596435398787e+02 1.649088562794983659e+02
7934 3.539074231240587665e+02 1.648925900495039798e+02
7935 3.538731933574419486e+02 1.648763333769739745e+02
7936 3.538389703390562318e+02 1.648600862552177375e+02
7937 3.538047540642726290e+02 1.648438486775517049e+02
7938 3.537705445284657912e+02 1.648276206372997876e+02
7939 3.537363417270144623e+02 1.648114021277928600e+02
7940 3.537021456553014787e+02 1.647951931423691860e+02
7941 3.536679563087133147e+02 1.647789936743742771e+02
7942 3.536337736826406513e+02 1.647628037171605513e+02
7943 3.535995977724777504e+02 1.647466232640878161e+02
7944 3.535654285736231941e+02 1.647304523085230699e+02
7945 3.535312660814790320e+02 1.647142908438402173e+02
7946 3.534971102914516337e+02 1.646981388634205530e+02
7947 3.534629611816380930e+02 1.646821781261614319e+02
7948 3.534288186862136172e+02 1.646662427284413752e+02
7949 3.533946827972446840e+02 1.646503165085013336e+02
7950 3.533605535102877298e+02 1.646343994602809175e+02
7951 3.533264308209028286e+02 1.646184915777255924e+02
7952 3.532923147246538065e+02 1.646025928547865362e+02
7953 3.532582052171079567e+02 1.645867032854209810e+02
7954 3.532241022938362676e+02 1.645708228635920136e+02
7955 3.531900059504131377e+02 1.645549515832686609e+02
7956 3.531559161824170019e+02 1.645390894384254921e+02
7957 3.531218329854293074e+02 1.645232364230433006e+02
7958 3.530877563550354807e+02 1.645073925311083940e+02
7959 3.530536862868244725e+02 1.644915577566130764e+02
7960 3.530196227763886441e+02 1.644757320935554787e+02
7961 3.529855658193241084e+02 1.644599155359394160e+02
7962 3.529515154112305595e+02 1.644441080777745583e+02
7963 3.529174715477111022e+02 1.644283097130764020e+02
7964 3.528834342243724791e+02 1.644125204358660994e+02
7965 3.528494034368252414e+02 1.643967402401707147e+02
7966 3.528153791806829531e+02 1.643809691200230247e+02
7967 3.527813614515632139e+02 1.643652070694613769e+02
7968 3.527473502450867500e+02 1.643494540825300874e+02
7969 3.527133455568784939e+02 1.643337101532791280e+02
7970 3.526793473825662772e+02 1.643179752757640131e+02
7971 3.526453557177815696e+02 1.643022494440462538e+02
7972 3.526113705581596491e+02 1.642865326521928182e+02
7973 3.525773918993390907e+02 1.642708248942767000e+02
7974 3.525434197369622780e+02 1.642551261643759801e+02
7975 3.525094540666745502e+02 1.642394364565751346e+02
7976 3.524754948841252826e+02 1.642237557649636415e+02
7977 3.524415421849673749e+02 1.642080840836370612e+02
7978 3.524075959648567391e+02 1.641924214066963543e+02
7979 3.523736562194533803e+02 1.641767677282484783e+02
7980 3.523397229444204299e+02 1.641611230424054213e+02
7981 3.523057961354245435e+02 1.641454873432852537e+02
7982 3.522718757881360148e+02 1.641298606250116165e+02
7983 3.522379618982286615e+02 1.641142428817136647e+02
7984 3.522040544613795419e+02 1.640986341075258679e+02
7985 3.521701534732693517e+02 1.640830342965888065e+02
7986 3.521362589295823682e+02 1.640674434430482052e+02
7987 3.521023708260061085e+02 1.640518615410555867e+02
7988 3.520684891582316709e+02 1.640362885847678456e+02
7989 3.520346139219536212e+02 1.640207245683475605e+02
7990 3.520007451128701064e+02 1.640051694859629379e+02
7991 3.519668827266824565e+02 1.639896233317874419e+02
7992 3.519330267590956964e+02 1.639740861000001928e+02
7993 3.518991772058183187e+02 1.639585577847857110e+02
7994 3.518653340625619990e+02 1.639430383803342863e+02
7995 3.518314973250419939e+02 1.639275278808414100e+02
7996 3.517976669889773120e+02 1.639120262805081722e+02
7997 3.517638430500899176e+02 1.638965335735412339e+02
7998 3.517300255041053560e+02 1.638810497541524285e+02
7999 3.516962143467526971e+02 1.638655748165594446e+02
8000 3.516624095737643643e+02 1.638501087549850297e+02
8001 3.516286111808764190e+02 1.638346515636576441e+02
8002 3.515948191638278217e+02 1.638192032368110347e+02
8003 3.515610335183614552e+02 1.638037637686843198e+02
8004 3.515272542402233285e+02 1.637883331535223022e+02
8005 3.514934813251631454e+02 1.637729113855748437e+02
8006 3.514597147435787861e+02 1.637579201462710614e+02
8007 3.514259542935465674e+02 1.637432388581345890e+02
8008 3.513921998959141320e+02 1.637285660505446572e+02
8009 3.513584515466433800e+02 1.637139017181194731e+02
8010 3.513247092416991677e+02 1.636992458554819052e+02
8011 3.512909729770499325e+02 1.636845984572597104e+02
8012 3.512572427486667834e+02 1.636699595180849371e+02
8013 3.512235185525238421e+02 1.636553290325940395e+02
8014 3.511898003845992093e+02 1.636407069954287579e+02
8015 3.511560882408731459e+02 1.636260934012345274e+02
8016 3.511223821173300053e+02 1.636114882446620413e+02
8017 3.510886820099562442e+02 1.635968915203662846e+02
8018 3.510549879147423553e+02 1.635823032230068179e+02
8019 3.510212998276814460e+02 1.635677233472477781e+02
8020 3.509876177447700911e+02 1.635531518877578776e+02
8021 3.509539416620073666e+02 1.635385888392103766e+02
8022 3.509202715753963275e+02 1.635240341962829689e+02
8023 3.508866074809424731e+02 1.635094879536580379e+02
8024 3.508529493746548269e+02 1.634949501060222303e+02
8025 3.508192972525450273e+02 1.634804206480669961e+02
8026 3.507856511106284643e+02 1.634658995744881338e+02
8027 3.507520109449232564e+02 1.634513868799861029e+02
8028 3.507183767514505917e+02 1.634368825592655128e+02
8029 3.506847485262347845e+02 1.634223866070359179e+02
8030 3.506511262653033896e+02 1.634078990180109656e+02
8031 3.506175099646869171e+02 1.633934197869090212e+02
8032 3.505838996204190039e+02 1.633789489084528270e+02
8033 3.505502952285363563e+02 1.633644863773696159e+02
8034 3.505166967850788069e+02 1.633500321883911113e+02
8035 3.504831042860892580e+02 1.633355863362534706e+02
8036 3.504495177276136246e+02 1.633211488156971143e+02
8037 3.504159371057010048e+02 1.633067196214671526e+02
8038 3.503823624164034527e+02 1.632922987483130441e+02
8039 3.503487936557760349e+02 1.632778861909887382e+02
8040 3.503152308198771152e+02 1.632634819442523906e+02
8041 3.502816739047676720e+02 1.632490860028668465e+02
8042 3.502481229065126058e+02 1.632346983615991292e+02
8043 3.502145778211789207e+02 1.632203190152208379e+02
8044 3.501810386448370878e+02 1.632059479585078634e+02
8045 3.501475053735606480e+02 1.631915851862404736e+02
8046 3.501139780034260980e+02 1.631772306932033700e+02
8047 3.500804565305130609e+02 1.631628844741855744e+02
8048 3.500469409509041157e+02 1.631485465239807411e+02
8049 3.500134312606850813e+02 1.631342168373865888e+02
8050 3.499799274559443347e+02 1.631198954092050997e+02
8051 3.499464295327737204e+02 1.631055822342429167e+02
8052 3.499129374872680387e+02 1.630912773073108610e+02
8053 3.498794513155249888e+02 1.630769806232243013e+02
8054 3.498459710136453396e+02 1.630626921768025568e+02
8055 3.498124965777329294e+02 1.630484119628696078e+02
8056 3.497790280038945525e+02 1.630341399762535843e+02
8057 3.497455652882398454e+02 1.630198762117870785e+02
8058 3.497121084268819118e+02 1.630056206643068037e+02
8059 3.496786574159364704e+02 1.629913733286538786e+02
8060 3.496452122515223095e+02 1.629771341996738272e+02
8061 3.496117729297612868e+02 1.629629032722162663e+02
8062 3.495783394467782159e+02 1.629486805411351895e+02
8063 3.495449117987009799e+02 1.629344660012888255e+02
8064 3.495114899816603611e+02 1.629202596475398082e+02
8065 3.494780739917899268e+02 1.629060614747549209e+02
8066 3.494446638252268258e+02 1.628918714778052674e+02
8067 3.494112594781105372e+02 1.628776896515661008e+02
8068 3.493778609465838940e+02 1.628635159909169658e+02
8069 3.493444682267926282e+02 1.628493504907418981e+02
8070 3.493110813148853708e+02 1.628351931459287982e+02
8071 3.492777002070136518e+02 1.628210439513699441e+02
8072 3.492443248993322982e+02 1.628069029019619052e+02
8073 3.492109553879988084e+02 1.627927699926055425e+02
8074 3.491775916691736938e+02 1.627786452182055257e+02
8075 3.491442337390204784e+02 1.627645285736711855e+02
8076 3.491108815937055283e+02 1.627504200539160593e+02
8077 3.490775352293983360e+02 1.627363196538574073e+02
8078 3.490441946422712363e+02 1.627222273684171512e+02
8079 3.490108598284993491e+02 1.627081431925211916e+02
8080 3.489775307842612051e+02 1.626940671210997493e+02
8081 3.489442075057376655e+02 1.626799991490870241e+02
8082 3.489108899891131159e+02 1.626659392714215358e+02
8083 3.488775782305743292e+02 1.626518874830457548e+02
8084 3.488442722263114888e+02 1.626378437789066140e+02
8085 3.488109719725173363e+02 1.626238081539550819e+02
8086 3.487776774653877965e+02 1.626097806031461914e+02
8087 3.487443887011214656e+02 1.625957611214390397e+02
8088 3.487111056759201801e+02 1.625817497037972146e+02
8089 3.486778283859883913e+02 1.625677463451879419e+02
8090 3.486445568275337905e+02 1.625537510405830233e+02
8091 3.486112909967664564e+02 1.625397637849581827e+02
8092 3.485780308898998783e+02 1.625257845732930093e+02
8093 3.485447765031503877e+02 1.625118134005717536e+02
8094 3.485115278327367605e+02 1.624978502617823324e+02
8095 3.484782848748813535e+02 1.624838951519168120e+02
8096 3.484450476258088543e+02 1.624699480659714084e+02
8097 3.484118160817471903e+02 1.624560089989466007e+02
8098 3.483785902389267903e+02 1.624420779458465347e+02
8099 3.483453700935816642e+02 1.624281549016798749e+02
8100 3.483121556419479248e+02 1.624142398614590661e+02
8101 3.482789468802650958e+02 1.624003328202005889e+02
8102 3.482457438047752021e+02 1.623864337729252156e+02
8103 3.482125464117234515e+02 1.623725427146574987e+02
8104 3.481793546973578941e+02 1.623586596404263958e+02
8105 3.481461686579292518e+02 1.623447845452642753e+02
8106 3.481129882896912591e+02 1.623309174242083373e+02
8107 3.480798135889003788e+02 1.623170582722992208e+02
8108 3.480466445518163141e+02 1.623032070845818851e+02
8109 3.480134811747010417e+02 1.622893638561050409e+02
8110 3.479803234538198922e+02 1.622755285819216908e+02
8111 3.479471713854407540e+02 1.622617012570886459e+02
8112 3.479140249658346420e+02 1.622478818766668383e+02
8113 3.478808841912751291e+02 1.622340704357211507e+02
8114 3.478477490580387439e+02 1.622202669293204167e+02
8115 3.478146195624049142e+02 1.622064713525375623e+02
8116 3.477814957006557393e+02 1.621926837004492654e+02
8117 3.477483774690766154e+02 1.621789039681364386e+02
8118 3.477152648639550421e+02 1.621651321506839452e+02
8119 3.476821578815818157e+02 1.621513682431803431e+02
8120 3.476490565182506884e+02 1.621376122407183971e+02
8121 3.476159607702579137e+02 1.621238641383947368e+02
8122 3.475828706339027008e+02 1.621101239313100280e+02
8123 3.475497861054869873e+02 1.620963916145687449e+02
8124 3.475167071813155530e+02 1.620826671832791419e+02
8125 3.474836338576962476e+02 1.620689506325540492e+02
8126 3.474505661309394782e+02 1.620552419575095371e+02
8127 3.474175039973585513e+02 1.620415411532659107e+02
8128 3.473844474532692175e+02 1.620278482149471131e+02
8129 3.473513964949908086e+02 1.620141631376815496e+02
8130 3.473183511188447028e+02 1.620004859166009510e+02
8131 3.472853113211554046e+02 1.619868165468412542e+02
8132 3.472522770982502038e+02 1.619731550235422901e+02
8133 3.472192484464593463e+02 1.619595013418476128e+02
8134 3.471862253621155219e+02 1.619458554969048407e+02
8135 3.471532078415542060e+02 1.619322174838653154e+02
8136 3.471201958811141708e+02 1.619185872978843008e+02
8137 3.470871894771363486e+02 1.619049649341210682e+02
8138 3.470541886259649118e+02 1.618913503877385835e+02
8139 3.470211933239464770e+02 1.618777436539036501e+02
8140 3.469882035674305030e+02 1.618641447277869645e+02
8141 3.469552193527695181e+02 1.618505536045633448e+02
8142 3.469222406763184949e+02 1.618369702794107923e+02
8143 3.468892675344351346e+02 1.618233947475119123e+02
8144 3.468562999234803215e+02 1.618098270040526927e+02
8145 3.468233378398170998e+02 1.617962670442229580e+02
8146 3.467903812798118111e+02 1.617827148632165688e+02
8147 3.467574302398332406e+02 1.617691704562309098e+02
8148 3.467244847162530164e+02 1.617556338184674871e+02
8149 3.466915447054454944e+02 1.617421049451314161e+02
8150 3.466586102037877595e+02 1.617285838314315640e+02
8151 3.466256812076597384e+02 1.617150704725808055e+02
8152 3.465927577134440298e+02 1.617015648637956815e+02
8153 3.465598397175259606e+02 1.616880670002964848e+02
8154 3.465269272162936431e+02 1.616745768773072882e+02
8155 3.464940202061376908e+02 1.616610944900560582e+02
8156 3.464611186834519003e+02 1.616476198337745132e+02
8157 3.464282226446324557e+02 1.616341529036979807e+02
8158 3.463953320860783265e+02 1.616206936950657109e+02
8159 3.463624470041912673e+02 1.616072422031205349e+02
8160 3.463295673953755909e+02 1.615937984231092912e+02
8161 3.462966932560385089e+02 1.615803623502823996e+02
8162 3.462638245825900185e+02 1.615669339798939461e+02
8163 3.462309613714425609e+02 1.615535133072019676e+02
8164 3.461981036190115901e+02 1.615401003274680534e+02
8165 3.461652513217148339e+02 1.615266950359575446e+02
8166 3.461324044759732033e+02 1.615132974279397331e+02
8167 3.460995630782100534e+02 1.614999074986872643e+02
8168 3.460667271248514680e+02 1.614865252434765637e+02
8169 3.460338966123263162e+02 1.614731506575880360e+02
8170 3.460010715370660250e+02 1.614597837363056101e+02
8171 3.459682518955047499e+02 1.614464244749169097e+02
8172 3.459354376840793748e+02 1.614330728687132535e+02
8173 3.459026288992295690e+02 1.614197289129895694e+02
8174 3.458698255373975599e+02 1.614063926030447362e+02
8175 3.458370275950280757e+02 1.613930639341809012e+02
8176 3.458042350685690280e+02 1.613797429017043044e+02
8177 3.457714479544704318e+02 1.613664295009245677e+02
8178 3.457386662491854281e+02 1.613531237271550935e+02
8179 3.457058899491693751e+02 1.613398255757128652e+02
8180 3.456731190508809277e+02 1.613265350419186177e+02
8181 3.456403535507808442e+02 1.613132521210967525e+02
8182 3.456075934453328387e+02 1.612999768085750532e+02
8183 3.455748387310029557e+02 1.612867090996853960e+02
8184 3.455420894042603095e+02 1.612734489897628123e+02
8185 3.455093454615766859e+02 1.612601964741463121e+02
8186 3.454766068994260309e+02 1.612469515481784583e+02
8187 3.454438737142854734e+02 1.612337142072053950e+02
8188 3.454111459026343027e+02 1.612204844465766769e+02
8189 3.453784234609550481e+02 1.612072622616457807e+02
8190 3.453457063857322282e+02 1.611940476477696791e+02
8191 3.453129946734534883e+02 1.611808406003089260e+02
8192 3.452802883206089746e+02 1.611676411146277133e+02
8193 3.452475873236913344e+02 1.611544491860938138e+02
8194 3.452148916791961142e+02 1.611412648100784679e+02
8195 3.451822013836210772e+02 1.611280879819566962e+02
8196 3.451495164334670562e+02 1.611149186971069014e+02
8197 3.451168368252373284e+02 1.611017569509114367e+02
8198 3.450841625554377288e+02 1.610886027387556112e+02
8199 3.450514936205768208e+02 1.610754560560289690e+02
8200 3.450188300171656692e+02 1.610623168981239246e+02
8201 3.449861717417178966e+02 1.610491852604370138e+02
8202 3.449535187907502518e+02 1.610360611383681828e+02
8203 3.449208711607813029e+02 1.610229445273207602e+02
8204 3.448882288483328580e+02 1.610098354227016841e+02
8205 3.448555918499290556e+02 1.609967338199215590e+02
8206 3.448229601620965923e+02 1.609836397143943714e+02
8207 3.447903337813649500e+02 1.609705531015376607e+02
8208 3.447577127042661118e+02 1.609574739767726044e+02
8209 3.447250969273346186e+02 1.609444023355237050e+02
8210 3.446924864471077399e+02 1.609313381732193022e+02
8211 3.446598812601250756e+02 1.609182814852907200e+02
8212 3.446272813629292386e+02 1.609052322671732895e+02
8213 3.445946867520649448e+02 1.608921905143056392e+02
8214 3.445620974240798660e+02 1.608791562221299500e+02
8215 3.445295133755238339e+02 1.608661293860916999e+02
8216 3.444969346029499775e+02 1.608531100016401751e+02
8217 3.444643611029131876e+02 1.608400980642279592e+02
8218 3.444317928719714246e+02 1.608270935693109323e+02
8219 3.443992299066851501e+02 1.608140965123488684e+02
8220 3.443666722036172700e+02 1.608011068888048101e+02
8221 3.443341197593333618e+02 1.607881246941451252e+02
8222 3.443015725704015608e+02 1.607751499238398765e+02
8223 3.442690306333923331e+02 1.607621825733622529e+02
8224 3.442364939448791006e+02 1.607492226381893943e+02
8225 3.442039625014377862e+02 1.607362701138014813e+02
8226 3.441714362996464729e+02 1.607233249956822476e+02
8227 3.441389153360861997e+02 1.607103872793188941e+02
8228 3.441063996073402222e+02 1.606974569602021177e+02
8229 3.440738891099946954e+02 1.606845340338259405e+02
8230 3.440413838406381046e+02 1.606716184956878237e+02
8231 3.440088837958615500e+02 1.606587103412886961e+02
8232 3.439763889722587464e+02 1.606458095661328969e+02
8233 3.439438993664256827e+02 1.606329161657282043e+02
8234 3.439114149749611329e+02 1.606200301355855800e+02
8235 3.438789357944662584e+02 1.606071514712197938e+02
8236 3.438464618215447217e+02 1.605942801681487992e+02
8237 3.438139930528030277e+02 1.605814162218936758e+02
8238 3.437815294848500116e+02 1.605685596279794538e+02
8239 3.437490711142967257e+02 1.605557103819341762e+02
8240 3.437166179377573485e+02 1.605428684792892113e+02
8241 3.436841699518479913e+02 1.605300339155797076e+02
8242 3.436517271531876645e+02 1.605172066863437124e+02
8243 3.436192895383977657e+02 1.605043867871229111e+02
8244 3.435868571041022506e+02 1.604915742134623997e+02
8245 3.435544298469274622e+02 1.604787689609105144e+02
8246 3.435220077635023586e+02 1.604659710250188596e+02
8247 3.434895908504583417e+02 1.604531804013427063e+02
8248 3.434571791044294855e+02 1.604403970854403383e+02
8249 3.434247725220520238e+02 1.604276210728735350e+02
8250 3.433923710999650893e+02 1.604148523592074014e+02
8251 3.433599748348100320e+02 1.604020909400104813e+02
8252 3.433275837232307595e+02 1.603893368108545019e+02
8253 3.432951977618737374e+02 1.603765899673145157e+02
8254 3.432628169473878756e+02 1.603638504049689857e+02
8255 3.432304412764245285e+02 1.603511181193997004e+02
8256 3.431980707456376649e+02 1.603383931061918020e+02
8257 3.431657053516834139e+02 1.603256753609335306e+02
8258 3.431333450912208605e+02 1.603129648792166506e+02
8259 3.431009899609113063e+02 1.603002616566362519e+02
8260 3.430686399574183838e+02 1.602875656887903517e+02
8261 3.430362950774083401e+02 1.602748769712808894e+02
8262 3.430039553175502078e+02 1.602621954997124476e+02
8263 3.429716206745147815e+02 1.602495212696934175e+02
8264 3.429392911449760959e+02 1.602368542768351176e+02
8265 3.429069667256100615e+02 1.602241945167522772e+02
8266 3.428746474130953743e+02 1.602115419850631213e+02
8267 3.428423332041131175e+02 1.601988966773886034e+02
8268 3.428100240953465345e+02 1.601862585893535140e+02
8269 3.427777200834817677e+02 1.601736277165856563e+02
8270 3.427454211652074036e+02 1.601610040547159599e+02
8271 3.427131273372140754e+02 1.601483875993787649e+02
8272 3.426808385961952013e+02 1.601357783462118221e+02
8273 3.426485549388465301e+02 1.601231762908557812e+02
8274 3.426162763618659710e+02 1.601105814289547595e+02
8275 3.425840028619546160e+02 1.600979937561560860e+02
8276 3.425517344358152627e+02 1.600854132681102726e+02
8277 3.425194710801536644e+02 1.600728399604711001e+02
8278 3.424872127916774502e+02 1.600602738288956459e+02
8279 3.424549595670972053e+02 1.600477148690440004e+02
8280 3.424227114031257315e+02 1.600351630765797211e+02
8281 3.423904682964782751e+02 1.600226184471693500e+02
8282 3.423582302438724128e+02 1.600100809764828398e+02
8283 3.423259972420282793e+02 1.599975506601933262e+02
8284 3.422937692876683400e+02 1.599850274939770145e+02
8285 3.422615463775177318e+02 1.599725114735133218e+02
8286 3.422293285083033538e+02 1.599600025944850472e+02
8287 3.421971156767553452e+02 1.599475008525780027e+02
8288 3.421649078796057211e+02 1.599350062434812116e+02
8289 3.421327051135891679e+02 1.599225187628869946e+02
8290 3.421005073754425325e+02 1.599100384064906279e+02
8291 3.420683146619052195e+02 1.598975651699909690e+02
8292 3.420361269697191346e+02 1.598850990490895470e+02
8293 3.420039442956284006e+02 1.598726400394913867e+02
8294 3.419717666363795274e+02 1.598601881369046112e+02
8295 3.419395939887216400e+02 1.598477433370404981e+02
8296 3.419074263494059096e+02 1.598353056356133948e+02
8297 3.418752637151864064e+02 1.598228750283410307e+02
8298 3.418431060828192471e+02 1.598104515109440058e+02
8299 3.418109534490626515e+02 1.597980350791461319e+02
8300 3.417788058106777953e+02 1.597856257286744608e+02
8301 3.417466631644281279e+02 1.597732234552593695e+02
8302 3.417145255070791450e+02 1.597608282546337932e+02
8303 3.416823928353990141e+02 1.597484401225343618e+02
8304 3.416502651461581763e+02 1.597360590547006609e+02
8305 3.416181424361292898e+02 1.597236850468752323e+02
8306 3.415860247020879115e+02 1.597113180948039144e+02
8307 3.415539119408113038e+02 1.596989581942355869e+02
8308 3.415218041490794008e+02 1.596866053409221706e+02
8309 3.414897013236747512e+02 1.596742595306189969e+02
8310 3.414576034613820070e+02 1.596619207590842393e+02
8311 3.414255105589879236e+02 1.596495890220790557e+02
8312 3.413934226132821550e+02 1.596372643153682134e+02
8313 3.413613396210562314e+02 1.596249466347186683e+02
8314 3.413292615791044682e+02 1.596126359759015543e+02
8315 3.412971884842232271e+02 1.596003323346903073e+02
8316 3.412651203332113710e+02 1.595880357068618309e+02
8317 3.412330571228700933e+02 1.595757460881958991e+02
8318 3.412009988500025770e+02 1.595634634744754408e+02
8319 3.411689455114150746e+02 1.595511878614863974e+02
8320 3.411368971039154872e+02 1.595389192450179792e+02
8321 3.411048536243145008e+02 1.595266576208622382e+02
8322 3.410728150694249621e+02 1.595144029848143816e+02
8323 3.410407814360621614e+02 1.595021553326725723e+02
8324 3.410087527210434359e+02 1.594899146602381279e+02
8325 3.409767289211886805e+02 1.594776809633155779e+02
8326 3.409447100333202911e+02 1.594654542377120947e+02
8327 3.409126960542626534e+02 1.594532344792382617e+02
8328 3.408806869808425404e+02 1.594410216837073904e+02
8329 3.408486828098892829e+02 1.594288158469361747e+02
8330 3.408166835382343152e+02 1.594166169647440654e+02
8331 3.407846891627115724e+02 1.594044250329536112e+02
8332 3.407526996801569794e+02 1.593922400473903735e+02
8333 3.407207150874090757e+02 1.593800620038831539e+02
8334 3.406887353813086179e+02 1.593678908982633970e+02
8335 3.406567605586986929e+02 1.593557267263656740e+02
8336 3.406247906164246615e+02 1.593435694840278813e+02
8337 3.405928255513342719e+02 1.593314191670905871e+02
8338 3.405608653602774893e+02 1.593192757713973435e+02
8339 3.405289100401066094e+02 1.593071392927947443e+02
8340 3.404969595876761446e+02 1.592950097271327934e+02
8341 3.404650139998430518e+02 1.592828870702638540e+02
8342 3.404330732734665617e+02 1.592707713180436144e+02
8343 3.404011374054080079e+02 1.592586624663306907e+02
8344 3.403692063925313960e+02 1.592465605109868250e+02
8345 3.403372802317026640e+02 1.592344654478762607e+02
8346 3.403053589197900806e+02 1.592223772728669644e+02
8347 3.402734424536644156e+02 1.592102959818292049e+02
8348 3.402415308301984851e+02 1.591982215706365196e+02
8349 3.402096240462678338e+02 1.591861540351653730e+02
8350 3.401777220987493706e+02 1.591740933712951005e+02
8351 3.401458249845232444e+02 1.591620395749082491e+02
8352 3.401139327004714232e+02 1.591499926418901794e+02
8353 3.400820452434783192e+02 1.591379525681288953e+02
8354 3.400501626104302204e+02 1.591259193495158399e+02
8355 3.400182847982163139e+02 1.591138929819451846e+02
8356 3.399864118037276626e+02 1.591018734613138577e+02
8357 3.399545436238573188e+02 1.590898607835220560e+02
8358 3.399226802555014615e+02 1.590778549444727048e+02
8359 3.398908216955574630e+02 1.590658559400717991e+02
8360 3.398589679409258792e+02 1.590538637662280621e+02
8361 3.398271188851130091e+02 1.590441142713507077e+02
8362 3.397952733518557693e+02 1.590369757761773428e+02
8363 3.397634306767044450e+02 1.590298428286576211e+02
8364 3.397315908573098113e+02 1.590227154238981484e+02
8365 3.396997538913249173e+02 1.590155935570099928e+02
8366 3.396679197764049150e+02 1.590084772231090255e+02
8367 3.396360885102075713e+02 1.590013664173156371e+02
8368 3.396042600903924722e+02 1.589942611347547086e+02
8369 3.395724345146218752e+02 1.589871613705559525e+02
8370 3.395406117805598001e+02 1.589800671198535440e+02
8371 3.395087918858731086e+02 1.589729783777862053e+02
8372 3.394769748282303112e+02 1.589658951394973201e+02
8373 3.394451606053025330e+02 1.589588174001349614e+02
8374 3.394133492147630591e+02 1.589517451548514657e+02
8375 3.393815406542873347e+02 1.589446783988039726e+02
8376 3.393497349215529653e+02 1.589376171271542262e+02
8377 3.393179320142400002e+02 1.589305613350683188e+02
8378 3.392861319300305354e+02 1.589235110177170895e+02
8379 3.392543346666091679e+02 1.589164661702757826e+02
8380 3.392225402216623138e+02 1.589094267879244171e+02
8381 3.391907485928787764e+02 1.589023928658472471e+02
8382 3.391589597779497467e+02 1.588953643992332161e+02
8383 3.391271737745683481e+02 1.588883413832759572e+02
8384 3.390953905804302053e+02 1.588813238131733101e+02
8385 3.390636101932328188e+02 1.588743116841278322e+02
8386 3.390318326106763607e+02 1.588673049913466571e+02
8387 3.390000578304627084e+02 1.588603037300411245e+02
8388 3.389682858502961267e+02 1.588533078954274629e+02
8389 3.389365166678834385e+02 1.588463174827263060e+02
8390 3.389047502809327739e+02 1.588393324871624657e+02
8391 3.388729866871556169e+02 1.588323529039655853e+02
8392 3.388412258842646452e+02 1.588253787283697989e+02
8393 3.388094678699753217e+02 1.588184099556135322e+02
8394 3.387777126420050990e+02 1.588114465809397586e+02
8395 3.387459601980736466e+02 1.588044885995960556e+02
8396 3.387142105359027369e+02 1.587975360068342070e+02
8397 3.386824636532164163e+02 1.587905887979107433e+02
8398 3.386507195477408345e+02 1.587836469680864582e+02
8399 3.386189782172045284e+02 1.587767105126266927e+02
8400 3.385872396593378539e+02 1.587697794268011933e+02
8401 3.385555038718735545e+02 1.587628537058841971e+02
8402 3.385237708525467042e+02 1.587559333451543466e+02
8403 3.384920405990941390e+02 1.587490183398947181e+02
8404 3.384603131092551962e+02 1.587421086853927648e+02
8405 3.384285883807712025e+02 1.587352043769405441e+02
8406 3.383968664113857017e+02 1.587283054098343484e+02
8407 3.383651471988446247e+02 1.587214117793750461e+02
8408 3.383334307408953805e+02 1.587145234808676548e+02
8409 3.383017170352883909e+02 1.587076405096219105e+02
8410 3.382700060797755555e+02 1.587007628609518122e+02
8411 3.382382978721115023e+02 1.586938905301757075e+02
8412 3.382065924100522807e+02 1.586870235126164062e+02
8413 3.381748896913568387e+02 1.586801618036011234e+02
8414 3.381431897137856595e+02 1.586733053984613662e+02
8415 3.381114924751018407e+02 1.586664542925331602e+02
8416 3.380797979730702991e+02 1.586596084811567664e+02
8417 3.380481062054582821e+02 1.586527679596769076e+02
8418 3.380164171700348561e+02 1.586459327234425700e+02
8419 3.379847308645717590e+02 1.586391027678073442e+02
8420 3.379530472868423203e+02 1.586322780881287713e+02
8421 3.379213664346222004e+02 1.586254586797690820e+02
8422 3.378896883056895035e+02 1.586186445380949976e+02
8423 3.378580128978238122e+02 1.586118356584768776e+02
8424 3.378263402088071530e+02 1.586050320362901971e+02
8425 3.377946702364239400e+02 1.585982336669144104e+02
8426 3.377630029784603494e+02 1.585914405457332350e+02
8427 3.377313384327047743e+02 1.585846526681349076e+02
8428 3.376996765969475973e+02 1.585778700295117858e+02
8429 3.376680174689815885e+02 1.585710926252608317e+02
8430 3.376363610466012801e+02 1.585643204507829296e+02
8431 3.376047073276035917e+02 1.585575535014835964e+02
8432 3.375730563097874892e+02 1.585507917727725271e+02
8433 3.375414079909538714e+02 1.585440352600636800e+02
8434 3.375097623689059105e+02 1.585372839587753901e+02
8435 3.374781194414488255e+02 1.585305378643302276e+02
8436 3.374464792063899381e+02 1.585237969721550542e+02
8437 3.374148416615384463e+02 1.585170612776809378e+02
8438 3.373832068047061625e+02 1.585103307763434657e+02
8439 3.373515746337063206e+02 1.585036054635821472e+02
8440 3.373199451463548257e+02 1.584968853348409823e+02
8441 3.372883183404691749e+02 1.584901703855683479e+02
8442 3.372566942138693662e+02 1.584834606112164579e+02
8443 3.372250727643772734e+02 1.584767560072422725e+02
8444 3.371934539898167600e+02 1.584700565691066743e+02
8445 3.371618378880137357e+02 1.584633622922748657e+02
8446 3.371302244567965545e+02 1.584566731722162842e+02
8447 3.370986136939953326e+02 1.584499892044046874e+02
8448 3.370670055974422326e+02 1.584433103843180106e+02
8449 3.370354001649714633e+02 1.584366367074383675e+02
8450 3.370037973944195642e+02 1.584299681692521631e+02
8451 3.369721972836248938e+02 1.584233047652498954e+02
8452 3.369405998304278569e+02 1.584166464909265528e+02
8453 3.369090050326711889e+02 1.584099933417810178e+02
8454 3.368774128881992169e+02 1.584033453133165779e+02
8455 3.368458233948587122e+02 1.583967024010405851e+02
8456 3.368142365504983218e+02 1.583900646004647115e+02
8457 3.367826523529688529e+02 1.583834319071047787e+02
8458 3.367510708001229318e+02 1.583768043164806443e+02
8459 3.367194918898156288e+02 1.583701818241167132e+02
8460 3.366879156199034924e+02 1.583635644255411989e+02
8461 3.366563419882455150e+02 1.583569521162866920e+02
8462 3.366247709927027358e+02 1.583503448918897334e+02
8463 3.365932026311380696e+02 1.583437427478914685e+02
8464 3.365616369014164206e+02 1.583371456798366808e+02
8465 3.365300738014049102e+02 1.583305536832747293e+02
8466 3.364985133289725354e+02 1.583239667537588105e+02
8467 3.364669554819903965e+02 1.583173848868465257e+02
8468 3.364354002583316401e+02 1.583108080780994555e+02
8469 3.364038476558712318e+02 1.583042363230833587e+02
8470 3.363722976724863543e+02 1.582976696173682001e+02
8471 3.363407503060563499e+02 1.582911079565279522e+02
8472 3.363092055544621530e+02 1.582845513361408507e+02
8473 3.362776634155869715e+02 1.582779997517891104e+02
8474 3.362461238873161733e+02 1.582714531990591809e+02
8475 3.362145869675367180e+02 1.582649116735415760e+02
8476 3.361830526541378958e+02 1.582583751708309592e+02
8477 3.361515209450110433e+02 1.582518436865260014e+02
8478 3.361199918380490317e+02 1.582453172162296084e+02
8479 3.360884653311474608e+02 1.582387957555487503e+02
8480 3.360569414222033515e+02 1.582322793000942625e+02
8481 3.360254201091157711e+02 1.582257678454815277e+02
8482 3.359939013897861173e+02 1.582192613873295954e+02
8483 3.359623852621174933e+02 1.582127599212617497e+02
8484 3.359308717240150486e+02 1.582062634429054242e+02
8485 3.358993607733858084e+02 1.581997719478919464e+02
8486 3.358678524081391856e+02 1.581932854318570492e+02
8487 3.358363466261861845e+02 1.581868038904400464e+02
8488 3.358048434254396852e+02 1.581803273192846859e+02
8489 3.357733428038151260e+02 1.581738557140386376e+02
8490 3.357418447592294797e+02 1.581673890703535506e+02
8491 3.357103492896014814e+02 1.581609273838854222e+02
8492 3.356788563928525377e+02 1.581544706502938311e+02
8493 3.356473660669054198e+02 1.581480188652428467e+02
8494 3.356158783096850016e+02 1.581415720244002614e+02
8495 3.355843931191183174e+02 1.581351301234380173e+02
8496 3.355529104931342204e+02 1.581286931580320925e+02
8497 3.355214304296633259e+02 1.581222611238624438e+02
8498 3.354899529266388640e+02 1.581158340166130927e+02
8499 3.354584779819951450e+02 1.581094118319720963e+02
8500 3.354270055936690937e+02 1.581029945656313771e+02
8501 3.353955357595992837e+02 1.580965822132871210e+02
8502 3.353640684777263914e+02 1.580901747706391802e+02
8503 3.353326037459929125e+02 1.580837722333916417e+02
8504 3.353011415623433322e+02 1.580773745972526569e+02
8505 3.352696819247241820e+02 1.580709818579341004e+02
8506 3.352382248310837554e+02 1.580645940111519678e+02
8507 3.352067702793725061e+02 1.580582110526264614e+02
8508 3.351753182675426501e+02 1.580518329780812508e+02
8509 3.351438687935482790e+02 1.580454597832444676e+02
8510 3.351124218553458718e+02 1.580390914638479671e+02
8511 3.350809774508931014e+02 1.580327280156275549e+02
8512 3.350495355781500848e+02 1.580263694343232146e+02
8513 3.350180962350789287e+02 1.580200157156786247e+02
8514 3.349866594196433880e+02 1.580136668554415849e+02
8515 3.349552251298092074e+02 1.580073228493637032e+02
8516 3.349237933635440641e+02 1.580009836932007374e+02
8517 3.348923641188177953e+02 1.579946493827121685e+02
8518 3.348609373936017732e+02 1.579883199136616838e+02
8519 3.348295131858695299e+02 1.579819952818164666e+02
8520 3.347980914935964165e+02 1.579756754829481906e+02
8521 3.347666723147597168e+02 1.579693605128319973e+02
8522 3.347352556473385334e+02 1.579630503672471775e+02
8523 3.347038414893141862e+02 1.579567450419768022e+02
8524 3.346724298386695864e+02 1.579504445328080635e+02
8525 3.346410206933898053e+02 1.579441488355318768e+02
8526 3.346096140514613921e+02 1.579378579459430796e+02
8527 3.345782099108732268e+02 1.579315718598405169e+02
8528 3.345468082696160650e+02 1.579252905730269561e+02
8529 3.345154091256820266e+02 1.579190140813087453e+02
8530 3.344840124770660168e+02 1.579127423804965247e+02
8531 3.344526183217640209e+02 1.579064754664046006e+02
8532 3.344212266577744117e+02 1.579002133348513155e+02
8533 3.343898374830972102e+02 1.578939559816585074e+02
8534 3.343584507957342566e+02 1.578877034026524200e+02
8535 3.343270665936896648e+02 1.578814555936627926e+02
8536 3.342956848749690266e+02 1.578752125505235142e+02
8537 3.342643056375799802e+02 1.578689742690719697e+02
8538 3.342329288795319826e+02 1.578627407451496936e+02
8539 3.342015545988367080e+02 1.578565119746020002e+02
8540 3.341701827935069673e+02 1.578502879532779843e+02
8541 3.341388134615581862e+02 1.578440686770308048e+02
8542 3.341074466010072115e+02 1.578378541417171448e+02
8543 3.340760822098730500e+02 1.578316443431977802e+02
8544 3.340447202861764140e+02 1.578254392773371819e+02
8545 3.340133608279397208e+02 1.578192389400037996e+02
8546 3.339820038331876049e+02 1.578130433270696642e+02
8547 3.339506492999464626e+02 1.578068524344108710e+02
8548 3.339192972262442822e+02 1.578006662579072668e+02
8549 3.338879476101111550e+02 1.577944847934424786e+02
8550 3.338566004495791049e+02 1.577883080369039988e+02
8551 3.338252557426816338e+02 1.577821359841830144e+02
8552 3.337939134874546880e+02 1.577759686311746350e+02
8553 3.337625736819354643e+02 1.577698059737778067e+02
8554 3.337312363241633761e+02 1.577636480078950569e+02
8555 3.336999014121794289e+02 1.577574947294330059e+02
8556 3.336685689440267311e+02 1.577513461343017980e+02
8557 3.336372389177502669e+02 1.577452022184155283e+02
8558 3.336059113313962712e+02 1.577390629776920150e+02
8559 3.335745861830136505e+02 1.577329284080527714e+02
8560 3.335432634706525619e+02 1.577267985054232895e+02
8561 3.335119431923654361e+02 1.577206732657328416e+02
8562 3.334806253462058976e+02 1.577145526849140538e+02
8563 3.334493099302298447e+02 1.577084367589037583e+02
8564 3.334179969424952787e+02 1.577023254836423973e+02
8565 3.333866863810613950e+02 1.576962188550741075e+02
8566 3.333553782439897759e+02 1.576901168691468911e+02
8567 3.333240725293433115e+02 1.576840195218124450e+02
8568 3.332927692351869950e+02 1.576779268090262462e+02
8569 3.332614683595876954e+02 1.576718387267474384e+02
8570 3.332301699006140439e+02 1.576657552709388881e+02
8571 3.331988738563364336e+02 1.576596764375673843e+02
8572 3.331675802248270202e+02 1.576536022226032117e+02
8573 3.331362890041598916e+02 1.576475326220204067e+02
8574 3.331050001924108415e+02 1.576414676317969850e+02
8575 3.330737137876577094e+02 1.576354072479144861e+02
8576 3.330424297879798701e+02 1.576293514663580311e+02
8577 3.330111481914584033e+02 1.576233002831166630e+02
8578 3.329798689961766058e+02 1.576172536941831481e+02
8579 3.329485922002193661e+02 1.576112116955537772e+02
8580 3.329173178016731640e+02 1.576051742832286493e+02
8581 3.328860457986266397e+02 1.575991414532116437e+02
8582 3.328547761891699110e+02 1.575931132015101639e+02
8583 3.328235089713950288e+02 1.575870895241354219e+02
8584 3.327922441433960330e+02 1.575810704171022394e+02
8585 3.327609817032684418e+02 1.575750558764291611e+02
8586 3.327297216491095924e+02 1.575690458981384552e+02
8587 3.326984639790186975e+02 1.575630404782559708e+02
8588 3.326672086910970165e+02 1.575570396128112520e+02
8589 3.326359557834468887e+02 1.575510432978375945e+02
8590 3.326047052541731546e+02 1.575450515293718752e+02
8591 3.325734571013821892e+02 1.575390643034546088e+02
8592 3.325422113231817889e+02 1.575330816161301186e+02
8593 3.325109679176821373e+02 1.575271034634461103e+02
8594 3.324797268829946688e+02 1.575211298414542398e+02
8595 3.324484882172329208e+02 1.575151607462095456e+02
8596 3.324172519185120791e+02 1.575091961737709596e+02
8597 3.323860179849490919e+02 1.575032361202007962e+02
8598 3.323547864146626694e+02 1.574972805815652350e+02
8599 3.323235572057732838e+02 1.574913295539340083e+02
8600 3.322923303564029993e+02 1.574853830333803160e+02
8601 3.322611058646762672e+02 1.574794410159812514e+02
8602 3.322298837287185052e+02 1.574735034978172337e+02
8603 3.321986639466571205e+02 1.574675704749727174e+02
8604 3.321674465166218511e+02 1.574616419435353407e+02
8605 3.321362314367432305e+02 1.574557178995965216e+02
8606 3.321050187051543503e+02 1.574497983392513447e+02
8607 3.320738083199896664e+02 1.574438832585984471e+02
8608 3.320426002793852263e+02 1.574379726537400188e+02
8609 3.320113945814793510e+02 1.574320665207819445e+02
8610 3.319801912244116693e+02 1.574261648558335480e+02
8611 3.319489902063236286e+02 1.574202676550079332e+02
8612 3.319177915253585525e+02 1.574143749144216713e+02
8613 3.318865951796612421e+02 1.574084866301949148e+02
8614 3.318554011673786590e+02 1.574026027984514542e+02
8615 3.318242094866592993e+02 1.573967234153185188e+02
8616 3.317930201356529096e+02 1.573908484769272036e+02
8617 3.317618331125117948e+02 1.573849779794117865e+02
8618 3.317306484153893393e+02 1.573791119189103540e+02
8619 3.316994660424411450e+02 1.573732502915644886e+02
8620 3.316682859918241775e+02 1.573673930935194392e+02
8621 3.316371082616970511e+02 1.573615403209238366e+02
8622 3.316059328502207677e+02 1.573556919699299499e+02
8623 3.315747597555571815e+02 1.573498480366934587e+02
8624 3.315435889758704207e+02 1.573440085173738510e+02
8625 3.315124205093260343e+02 1.573381734081339403e+02
8626 3.314812543540916749e+02 1.573323427051402348e+02
8627 3.314500905083362454e+02 1.573265164045625966e+02
8628 3.314189289702306382e+02 1.573206945025744972e+02
8629 3.313877697379474512e+02 1.573148769953529609e+02
8630 3.313566128096607599e+02 1.573090638790786215e+02
8631 3.313254581835466865e+02 1.573032551499354099e+02
8632 3.312943058577826605e+02 1.572974508041109800e+02
8633 3.312631558305484418e+02 1.572916508377962259e+02
8634 3.312320081000246432e+02 1.572858552471858786e+02
8635 3.312008626643942080e+02 1.572800640284780513e+02
8636 3.311697195218416141e+02 1.572742771778742110e+02
8637 3.311385786705530450e+02 1.572684946915795763e+02
8638 3.311074401087162187e+02 1.572627165658026627e+02
8639 3.310763038345207292e+02 1.572569427967555953e+02
8640 3.310451698461575916e+02 1.572511733806538814e+02
8641 3.310140381418199809e+02 1.572454083137165242e+02
8642 3.309829087197024933e+02 1.572396475921661931e+02
8643 3.309517815780012029e+02 1.572338912122287411e+02
8644 3.309206567149141733e+02 1.572281391701337725e+02
8645 3.308895341286411167e+02 1.572223914621142171e+02
8646 3.308584138173832230e+02 1.572166480844064154e+02
8647 3.308272957793437286e+02 1.572109090332504024e+02
8648 3.307961800329467792e+02 1.572044974605377092e+02
8649 3.307650670257222032e+02 1.571965258373890890e+02
8650 3.307339571731905039e+02 1.571885609087777027e+02
8651 3.307028504725423659e+02 1.571806026680655464e+02
8652 3.306717469209722253e+02 1.571726511086217499e+02
8653 3.306406465156770764e+02 1.571647062238223214e+02
8654 3.306095492538570966e+02 1.571567680070502320e+02
8655 3.305784551327154190e+02 1.571488364516953311e+02
8656 3.305473641494581329e+02 1.571409115511545167e+02
8657 3.305162763012945675e+02 1.571329932988314226e+02
8658 3.304851915854367803e+02 1.571250816881368451e+02
8659 3.304541099991000692e+02 1.571171767124883729e+02
8660 3.304230315395025741e+02 1.571092783653103027e+02
8661 3.303919562038653908e+02 1.571013866400342067e+02
8662 3.303608839894127414e+02 1.570935015300983082e+02
8663 3.303298148933719744e+02 1.570856230289476230e+02
8664 3.302987489129731102e+02 1.570777511300341871e+02
8665 3.302676860454493522e+02 1.570698858268169715e+02
8666 3.302366262880366321e+02 1.570620271127615979e+02
8667 3.302055696379743495e+02 1.570541749813407364e+02
8668 3.301745160925042910e+02 1.570463294260336795e+02
8669 3.301434656488715405e+02 1.570384904403268536e+02
8670 3.301124183043242510e+02 1.570306580177131366e+02
8671 3.300813740561132477e+02 1.570228321516925405e+02
8672 3.300503329014923679e+02 1.570150128357716994e+02
8673 3.300192948377187463e+02 1.570072000634642961e+02
8674 3.299882598620520184e+02 1.569993938282905219e+02
8675 3.299572279717549463e+02 1.569915941237775030e+02
8676 3.299261991640933047e+02 1.569838009434590731e+02
8677 3.298951734363355968e+02 1.569760142808760293e+02
8678 3.298641507857536794e+02 1.569682341295756487e+02
8679 3.298331312096218539e+02 1.569604604831122572e+02
8680 3.298021147052176048e+02 1.569526933350467459e+02
8681 3.297711012698213722e+02 1.569449326789469126e+02
8682 3.297400909007163818e+02 1.569371785083870634e+02
8683 3.297090835951889858e+02 1.569294308169484680e+02
8684 3.296780793505280371e+02 1.569216895982189612e+02
8685 3.296470781640259133e+02 1.569139548457932278e+02
8686 3.296160800329773792e+02 1.569062265532726315e+02
8687 3.295850849546802692e+02 1.568985047142651297e+02
8688 3.295540929264354304e+02 1.568907893223855297e+02
8689 3.295231039455464384e+02 1.568830803712552040e+02
8690 3.294921180093199382e+02 1.568753778545022612e+02
8691 3.294611351150652467e+02 1.568676817657615175e+02
8692 3.294301552600948639e+02 1.568599920986744678e+02
8693 3.293991784417237909e+02 1.568523088468891160e+02
8694 3.293682046572702689e+02 1.568446320040602586e+02
8695 3.293372339040552674e+02 1.568369615638494849e+02
8696 3.293062661794025416e+02 1.568292975199246655e+02
8697 3.292753014806390297e+02 1.568216398659606909e+02
8698 3.292443398050940004e+02 1.568139885956386195e+02
8699 3.292133811501000764e+02 1.568063437026466431e+02
8700 3.291824255129924950e+02 1.567987051806792067e+02
8701 3.291514728911096768e+02 1.567910730234374626e+02
8702 3.291205232817922024e+02 1.567834472246292137e+02
8703 3.290895766823842337e+02 1.567758277779688285e+02
8704 3.290586330902325471e+02 1.567682146771772125e+02
8705 3.290276925026864774e+02 1.567606079159818648e+02
8706 3.289967549170986558e+02 1.567530074881169355e+02
8707 3.289658203308239877e+02 1.567454133873229694e+02
8708 3.289348887412207887e+02 1.567378256073472755e+02
8709 3.289039601456499327e+02 1.567302441419435866e+02
8710 3.288730345414750786e+02 1.567226689848721435e+02
8711 3.288421119260628416e+02 1.567151001298998665e+02
8712 3.288111922967825649e+02 1.567075375708001275e+02
8713 3.287802756510063773e+02 1.566999813013526079e+02
8714 3.287493619861095340e+02 1.566924313153440949e+02
8715 3.287184512994695069e+02 1.566848876065671163e+02
8716 3.286875435884669514e+02 1.566773501688212775e+02
8717 3.286566388504854785e+02 1.566698189959124079e+02
8718 3.286257370829111437e+02 1.566622940816529876e+02
8719 3.285948382831330719e+02 1.566547754198618634e+02
8720 3.285639424485428890e+02 1.566472630043643051e+02
8721 3.285330495765354044e+02 1.566397568289922049e+02
8722 3.285021596645079285e+02 1.566322568875838499e+02
8723 3.284712727098605569e+02 1.566247631739839221e+02
8724 3.284403887099962276e+02 1.566172756820435836e+02
8725 3.284095076623207774e+02 1.566097944056204199e+02
8726 3.283786295642427149e+02 1.566023193385785532e+02
8727 3.283477544131732202e+02 1.565948504747884442e+02
8728 3.283168822065262020e+02 1.565873878081269197e+02
8729 3.282860129417186386e+02 1.565799313324772584e+02
8730 3.282551466161700091e+02 1.565724810417292758e+02
8731 3.282242832273027489e+02 1.565650369297790405e+02
8732 3.281934227725417941e+02 1.565575989905289873e+02
8733 3.281625652493149232e+02 1.565501672178881734e+02
8734 3.281317106550528138e+02 1.565427416057715391e+02
8735 3.281008589871888148e+02 1.565353221481009882e+02
8736 3.280700102431588334e+02 1.565279088388043931e+02
8737 3.280391644204016757e+02 1.565205016718161062e+02
8738 3.280083215163588193e+02 1.565131006410768748e+02
8739 3.279774815284746410e+02 1.565057057405336991e+02
8740 3.279466444541961323e+02 1.564983169641400025e+02
8741 3.279158102909727290e+02 1.564909343058554327e+02
8742 3.278849790362572776e+02 1.564835577596461746e+02
8743 3.278541506875046139e+02 1.564761873194843531e+02
8744 3.278233252421725865e+02 1.564688229793487722e+02
8745 3.277925026977220000e+02 1.564614647332245170e+02
8746 3.277616830516158757e+02 1.564541125751026414e+02
8747 3.277308663013203045e+02 1.564467664989807929e+02
8748 3.277000524443039922e+02 1.564394264988627867e+02
8749 3.276692414780381455e+02 1.564320925687587760e+02
8750 3.276384333999971545e+02 1.564247647026851098e+02
8751 3.276076282076575126e+02 1.564174428946644468e+02
8752 3.275768258984988393e+02 1.564101271387257270e+02
8753 3.275460264700030848e+02 1.564028174289040862e+02
8754 3.275152299196553827e+02 1.563955137592408846e+02
8755 3.274844362449429127e+02 1.563882161237837636e+02
8756 3.274536454433559811e+02 1.563809245165866457e+02
8757 3.274228575123877931e+02 1.563736389317096780e+02
8758 3.273920724495330887e+02 1.563663593632190612e+02
8759 3.273612902522907575e+02 1.563590858051873340e+02
8760 3.273305109181613375e+02 1.563518182516932029e+02
8761 3.272997344446486068e+02 1.563445566968216554e+02
8762 3.272689608292583330e+02 1.563373011346637611e+02
8763 3.272381900694996375e+02 1.563300515593168427e+02
8764 3.272074221628838586e+02 1.563228079648843050e+02
8765 3.271766571069253473e+02 1.563155703454758907e+02
8766 3.271458948991406146e+02 1.563083386952073397e+02
8767 3.271151355370492411e+02 1.563011130082006730e+02
8768 3.270843790181731379e+02 1.562938932785838517e+02
8769 3.270536253400371720e+02 1.562866795004914877e+02
8770 3.270228745001684842e+02 1.562794716680635361e+02
8771 3.269921264960971712e+02 1.562722697754468868e+02
8772 3.269613813253557737e+02 1.562650738167940290e+02
8773 3.269306389854794475e+02 1.562578837862637613e+02
8774 3.268998994740060766e+02 1.562506996780211352e+02
8775 3.268691627884759328e+02 1.562435214862367729e+02
8776 3.268384289264321865e+02 1.562363492050881746e+02
8777 3.268076978854205663e+02 1.562291828287583257e+02
8778 3.267769696629893019e+02 1.562220223514365784e+02
8779 3.267462442566892946e+02 1.562148677673181680e+02
8780 3.267155216640737763e+02 1.562077190706046679e+02
8781 3.266848018826991051e+02 1.562005762555034494e+02
8782 3.266540849101237427e+02 1.561934393162280230e+02
8783 3.266233707439092200e+02 1.561863082469982658e+02
8784 3.265926593816191712e+02 1.561791830420396252e+02
8785 3.265619508208200727e+02 1.561720636955838017e+02
8786 3.265312450590810727e+02 1.561649502018686633e+02
8787 3.265005420939734790e+02 1.561578425551378189e+02
8788 3.264698419230717832e+02 1.561507407496411304e+02
8789 3.264391445439525796e+02 1.561436447796343145e+02
8790 3.264084499541951914e+02 1.561365546393793977e+02
8791 3.263777581513815562e+02 1.561294703231439485e+02
8792 3.263470691330959994e+02 1.561223918252018450e+02
8793 3.263163828969257452e+02 1.561153191398329341e+02
8794 3.262856994404602347e+02 1.561082522613230594e+02
8795 3.262550187612917512e+02 1.561011911839638344e+02
8796 3.262243408570147949e+02 1.560941359020530683e+02
8797 3.261936657252265377e+02 1.560870864098944253e+02
8798 3.261629933635270504e+02 1.560800427017976517e+02
8799 3.261323237695184503e+02 1.560730047720782352e+02
8800 3.261016569408056966e+02 1.560659726150578308e+02
8801 3.260709928749960795e+02 1.560589462250637212e+02
8802 3.260403315696996742e+02 1.560519255964295837e+02
8803 3.260096730225288297e+02 1.560449107234947235e+02
8804 3.259790172310987373e+02 1.560379016006043287e+02
8805 3.259483641930266344e+02 1.560308982221095846e+02
8806 3.259177139059327715e+02 1.560239005823675882e+02
8807 3.258870663674398429e+02 1.560169086757414618e+02
8808 3.258564215751725328e+02 1.560099224965999838e+02
8809 3.258257795267588222e+02 1.560029420393179294e+02
8810 3.257951402198286814e+02 1.559959672982759571e+02
8811 3.257645036520146959e+02 1.559889982678606657e+02
8812 3.257338698209520089e+02 1.559820349424644803e+02
8813 3.257032387242783216e+02 1.559750773164855957e+02
8814 3.256726103596336657e+02 1.559681253843281752e+02
8815 3.256419847246606309e+02 1.559611791404022370e+02
8816 3.256113618170045356e+02 1.559542385791235972e+02
8817 3.255807416343128580e+02 1.559473036949138702e+02
8818 3.255501241742356342e+02 1.559403744822006388e+02
8819 3.255195094344255153e+02 1.559334509354171985e+02
8820 3.254888974125375967e+02 1.559265330490026713e+02
8821 3.254582881062293040e+02 1.559196208174020910e+02
8822 3.254276815131607350e+02 1.559127142350661188e+02
8823 3.253970776309944313e+02 1.559058132964514414e+02
8824 3.253664764573953221e+02 1.558989179960204297e+02
8825 3.253358779900306672e+02 1.558920283282411958e+02
8826 3.253052827037943189e+02 1.558793072122108754e+02
8827 3.252746926202144095e+02 1.558654264065320376e+02
8828 3.252441079834213156e+02 1.558515566997397457e+02
8829 3.252135287885751609e+02 1.558376980823678650e+02
8830 3.251829550308416970e+02 1.558238505449589013e+02
8831 3.251523867053909953e+02 1.558100140780634035e+02
8832 3.251218238073981865e+02 1.557961886722407598e+02
8833 3.250912663320431193e+02 1.557823743180584302e+02
8834 3.250607142745109854e+02 1.557685710060920883e+02
8835 3.250301676299911264e+02 1.557547787269261050e+02
8836 3.249996263936782839e+02 1.557409974711529799e+02
8837 3.249690905607716331e+02 1.557272272293737103e+02
8838 3.249385601264754087e+02 1.557134679921972236e+02
8839 3.249080350859988471e+02 1.556997197502412575e+02
8840 3.248775154345554483e+02 1.556859824941314514e+02
8841 3.248470011673639419e+02 1.556722562145021413e+02
8842 3.248164922796480596e+02 1.556585409019954511e+02
8843 3.247859887666356826e+02 1.556448365472620878e+02
8844 3.247554906235602630e+02 1.556311431409612283e+02
8845 3.247249978456594590e+02 1.556174606737599220e+02
8846 3.246945104281757608e+02 1.556037891363336314e+02
8847 3.246640283663570585e+02 1.555901285193660897e+02
8848 3.246335516554549940e+02 1.555764788135492438e+02
8849 3.246030802907268935e+02 1.555628400095833115e+02
8850 3.245726142674345169e+02 1.555492120981767243e+02
8851 3.245421535808442286e+02 1.555355950700460141e+02
8852 3.245116982262273382e+02 1.555219889159160118e+02
8853 3.244812481988599302e+02 1.555083936265198474e+02
8854 3.244508034940226366e+02 1.554948091925987228e+02
8855 3.244203641070011486e+02 1.554812356049019684e+02
8856 3.243899300330627398e+02 1.554676761566136065e+02
8857 3.243595012616605118e+02 1.554541712231327040e+02
8858 3.243290777755514682e+02 1.554406772619124695e+02
8859 3.242986595699832719e+02 1.554271942634304935e+02
8860 3.242682466402080195e+02 1.554137222181726372e+02
8861 3.242378389814829802e+02 1.554002611166332599e+02
8862 3.242074365890702552e+02 1.553868109493149632e+02
8863 3.241770394582363224e+02 1.553733717067285909e+02
8864 3.241466475842530031e+02 1.553599433793935134e+02
8865 3.241162609623967228e+02 1.553465259578371445e+02
8866 3.240858795879487388e+02 1.553331194325954527e+02
8867 3.240555034561950833e+02 1.553197237942125071e+02
8868 3.240251325624267338e+02 1.553063390332408460e+02
8869 3.239947669019391583e+02 1.552929651402411935e+02
8870 3.239644064700328840e+02 1.552796021057824021e+02
8871 3.239340512620130994e+02 1.552662499204419362e+02
8872 3.239037012731899949e+02 1.552529085748052466e+02
8873 3.238733564988780245e+02 1.552395780594660835e+02
8874 3.238430169343969283e+02 1.552262583650265526e+02
8875 3.238126825750710509e+02 1.552129494820968887e+02
8876 3.237823534162294550e+02 1.551996514012957391e+02
8877 3.237520294532058642e+02 1.551863641132496809e+02
8878 3.237217106813388909e+02 1.551730876085937041e+02
8879 3.236913970959718654e+02 1.551598218779710692e+02
8880 3.236610886924527222e+02 1.551465669120329949e+02
8881 3.236307854661343981e+02 1.551333227014391412e+02
8882 3.236004874123743207e+02 1.551200892368572397e+02
8883 3.235701945265347490e+02 1.551068665089633498e+02
8884 3.235399068039824328e+02 1.550936545084412899e+02
8885 3.235096242400892947e+02 1.550804532259837174e+02
8886 3.234793468302313499e+02 1.550672626522908786e+02
8887 3.234490745697899001e+02 1.550540827780713471e+02
8888 3.234188074541505671e+02 1.550409135940418821e+02
8889 3.233885454787039748e+02 1.550277550909274566e+02
8890 3.233582886388448969e+02 1.550146072594610587e+02
8891 3.233280369299732797e+02 1.550014700903837195e+02
8892 3.232977903474937307e+02 1.549883435744450253e+02
8893 3.232675488868151206e+02 1.549752277024019804e+02
8894 3.232373125433513223e+02 1.549621224650201725e+02
8895 3.232070813125208701e+02 1.549490278530733178e+02
8896 3.231768551897467887e+02 1.549359438573430623e+02
8897 3.231466341704568777e+02 1.549228704686190383e+02
8898 3.231164182500833704e+02 1.549098076776992627e+02
8899 3.230862074240633888e+02 1.548967554753893126e+02
8900 3.230560016878386023e+02 1.548837138525035471e+02
8901 3.230258010368551709e+02 1.548706827998636868e+02
8902 3.229956054665641432e+02 1.548576623082999220e+02
8903 3.229654149724209447e+02 1.548446523686504861e+02
8904 3.229352295498856051e+02 1.548316529717613435e+02
8905 3.229050491944228725e+02 1.548186641084867290e+02
8906 3.228748739015021556e+02 1.548056857696887505e+02
8907 3.228447036665974110e+02 1.547927179462377865e+02
8908 3.228145384851871427e+02 1.547797606290119177e+02
8909 3.227843783527542314e+02 1.547668138088974388e+02
8910 3.227542232647863898e+02 1.547538774767885172e+02
8911 3.227240732167760484e+02 1.547409516235873070e+02
8912 3.226939282042198442e+02 1.547280362402040623e+02
8913 3.226637882226191891e+02 1.547151313175569101e+02
8914 3.226336532674802129e+02 1.547022368465719637e+02
8915 3.226035233343130813e+02 1.546893528181832664e+02
8916 3.225733984186329621e+02 1.546764792233327341e+02
8917 3.225432785159594005e+02 1.546636160529705251e+02
8918 3.225131636218166591e+02 1.546507632980544997e+02
8919 3.224830537317330936e+02 1.546379209495503630e+02
8920 3.224529488412421756e+02 1.546250889984319770e+02
8921 3.224228489458813556e+02 1.546122674356810478e+02
8922 3.223927540411930295e+02 1.545994562522870694e+02
8923 3.223626641227237997e+02 1.545866554392474654e+02
8924 3.223325791860248160e+02 1.545738649875678163e+02
8925 3.223024992266521735e+02 1.545610848882612061e+02
8926 3.222724242401656625e+02 1.545483151323489324e+02
8927 3.222423542221301886e+02 1.545355557108599953e+02
8928 3.222122891681150918e+02 1.545228066148311257e+02
8929 3.221822290736938612e+02 1.545100678353072965e+02
8930 3.221521739344449315e+02 1.544973393633410694e+02
8931 3.221221237459506597e+02 1.544846211899927937e+02
8932 3.220920785037982910e+02 1.544719133063308618e+02
8933 3.220620382035793341e+02 1.544592157034315107e+02
8934 3.220320028408898452e+02 1.544465283723785092e+02
8935 3.220019724113303710e+02 1.544338513042637828e+02
8936 3.219719469105057215e+02 1.544211844901868744e+02
8937 3.219419263340253110e+02 1.544085279212551995e+02
8938 3.219119106775030446e+02 1.543958815885841034e+02
8939 3.218818999365570335e+02 1.543832454832962355e+02
8940 3.218518941068100503e+02 1.543706195965228005e+02
8941 3.218218931838891876e+02 1.543580039194021367e+02
8942 3.217918971634257446e+02 1.543453984430806827e+02
8943 3.217619060410558518e+02 1.543328031587124372e+02
8944 3.217319198124197328e+02 1.543202180574593285e+02
8945 3.217019384731621585e+02 1.543076431304909875e+02
8946 3.216719620189323905e+02 1.542950783689848606e+02
8947 3.216419904453837262e+02 1.542825237641260117e+02
8948 3.216120237481742379e+02 1.542699793071072065e+02
8949 3.215820619229662043e+02 1.542574449891290840e+02
8950 3.215521049654261105e+02 1.542449208013999282e+02
8951 3.215221528712251597e+02 1.542324067351357542e+02
8952 3.214922056360387046e+02 1.542199027815602790e+02
8953 3.214622632555466453e+02 1.542074089319048085e+02
8954 3.214323257254330883e+02 1.541949251774086065e+02
8955 3.214023930413863468e+02 1.541824515093183265e+02
8956 3.213724651990994516e+02 1.541699879188885802e+02
8957 3.213425421942694129e+02 1.541575343973813688e+02
8958 3.213126240225978449e+02 1.541450909360665094e+02
8959 3.212827106797906254e+02 1.541326575262215499e+02
8960 3.212528021615578950e+02 1.541202341591316269e+02
8961 3.212228984636142854e+02 1.541078208260893518e+02
8962 3.211929995816784640e+02 1.540954175183952941e+02
8963 3.211631055114737592e+02 1.540830242273574129e+02
8964 3.211332162487272512e+02 1.540706409442913696e+02
8965 3.211033317891711931e+02 1.540582676605204142e+02
8966 3.210734521285413621e+02 1.540459043673755843e+02
8967 3.210435772625780828e+02 1.540335510561951935e+02
8968 3.210137071870262844e+02 1.540212077183255701e+02
8969 3.209838418976346475e+02 1.540088743451202049e+02
8970 3.209539813901562866e+02 1.539965509279404898e+02
8971 3.209241256603490342e+02 1.539842374581551780e+02
8972 3.208942747039744177e+02 1.539719339271409240e+02
8973 3.208644285167985686e+02 1.539596403262815159e+02
8974 3.208345870945917113e+02 1.539473566469685863e+02
8975 3.208047504331286177e+02 1.539350828806012998e+02
8976 3.207749185281877544e+02 1.539228190185862672e+02
8977 3.207450913755523629e+02 1.539105650523377165e+02
8978 3.207152689710097775e+02 1.538983209732773787e+02
8979 3.206854513103513682e+02 1.538860867728345170e+02
8980 3.206556383893732232e+02 1.538738624424459260e+02
8981 3.206258302038751822e+02 1.538616479735559324e+02
8982 3.205960267496614051e+02 1.538494433576163374e+02
8983 3.205662280225402014e+02 1.538372485860863037e+02
8984 3.205364340183245986e+02 1.538250636504328668e+02
8985 3.205066447328312620e+02 1.538128885421302243e+02
8986 3.204768601618812909e+02 1.538007232526601626e+02
8987 3.204470803012998772e+02 1.537885677735118293e+02
8988 3.204173051469167035e+02 1.537764220961821309e+02
8989 3.203875346945653746e+02 1.537642862121751932e+02
8990 3.203577689400835879e+02 1.537521601130025033e+02
8991 3.203280079090578738e+02 1.537395112679081137e+02
8992 3.202982518332898962e+02 1.537264818893408176e+02
8993 3.202685008001266169e+02 1.537134620752700016e+02
8994 3.202387548054398962e+02 1.537004518180892774e+02
8995 3.202090138451051189e+02 1.536874511101980829e+02
8996 3.201792779150015349e+02 1.536744599440018817e+02
8997 3.201495470110124870e+02 1.536614783119121057e+02
8998 3.201198211290248992e+02 1.536485062063459281e+02
8999 3.200901002649300722e+02 1.536355436197267181e+02
9000 3.200603844146224901e+02 1.536225905444837565e+02
9001 3.200306735740010708e+02 1.536096469730520084e+02
9002 3.200009677389680860e+02 1.535967128978727771e+02
9003 3.199712669054302978e+02 1.535837883113929081e+02
9004 3.199415710692977086e+02 1.535708732060653006e+02
9005 3.199118802264843566e+02 1.535579675743489076e+02
9006 3.198821943729083159e+02 1.535450714087083384e+02
9007 3.198525135044912986e+02 1.535321847016143124e+02
9008 3.198228376171589957e+02 1.535193074455433191e+02
9009 3.197931667068406227e+02 1.535064396329779015e+02
9010 3.197635007694694878e+02 1.534935812564062587e+02
9011 3.197338398009828779e+02 1.534807323083226720e+02
9012 3.197041837973213205e+02 1.534678927812272491e+02
9013 3.196745327544297766e+02 1.534550626676260094e+02
9014 3.196448866682565608e+02 1.534422419600307421e+02
9015 3.196152455347541945e+02 1.534294306509592332e+02
9016 3.195856093498785526e+02 1.534166287329349814e+02
9017 3.195559781095897165e+02 1.534038361984874825e+02
9018 3.195263518098514055e+02 1.533910530401520873e+02
9019 3.194967304466309770e+02 1.533782792504699160e+02
9020 3.194671140158996536e+02 1.533655148219878583e+02
9021 3.194375025136326371e+02 1.533527597472589719e+02
9022 3.194078959358087104e+02 1.533400140188417424e+02
9023 3.193782942784104648e+02 1.533272776293008235e+02
9024 3.193486975374243002e+02 1.533145505712064676e+02
9025 3.193191057088403113e+02 1.533018328371349810e+02
9026 3.192895187886524013e+02 1.532891244196681271e+02
9027 3.192599367728582820e+02 1.532764253113938935e+02
9028 3.192303596574593598e+02 1.532637355049058385e+02
9029 3.192007874384608499e+02 1.532510549928033754e+02
9030 3.191712201118714347e+02 1.532383837676918290e+02
9031 3.191416576737039463e+02 1.532257218221819812e+02
9032 3.191121001199747980e+02 1.532130691488908383e+02
9033 3.190825474467040976e+02 1.532004257404409202e+02
9034 3.190529996499153640e+02 1.531877915894606872e+02
9035 3.190234567256368905e+02 1.531751666885842553e+02
9036 3.189939186698992444e+02 1.531625510304515103e+02
9037 3.189643854787379382e+02 1.531499446077083348e+02
9038 3.189348571481916110e+02 1.531373474130060686e+02
9039 3.189053338185778443e+02 1.531230432539581159e+02
9040 3.188758160487162741e+02 1.531084972041971355e+02
9041 3.188463038858852201e+02 1.530939611772977855e+02
9042 3.188167973256892651e+02 1.530794351654395484e+02
9043 3.187872963637368002e+02 1.530649191608078183e+02
9044 3.187578009956408778e+02 1.530504131555939864e+02
9045 3.187283112170183017e+02 1.530359171419955544e+02
9046 3.186988270234900256e+02 1.530214311122163053e+02
9047 3.186693484106813230e+02 1.530069550584659908e+02
9048 3.186398753742210488e+02 1.529924889729603024e+02
9049 3.186104079097428325e+02 1.529780328479211846e+02
9050 3.185809460128836577e+02 1.529635866755765221e+02
9051 3.185514896792851118e+02 1.529491504481602249e+02
9052 3.185220389045929323e+02 1.529347241579125694e+02
9053 3.184925936844563807e+02 1.529203077970794027e+02
9054 3.184631540145292661e+02 1.529059013579130806e+02
9055 3.184337198904692059e+02 1.528915048326717283e+02
9056 3.184042913079381378e+02 1.528771182136195534e+02
9057 3.183748682626016375e+02 1.528627414930267889e+02
9058 3.183454507501297712e+02 1.528483746631698352e+02
9059 3.183160387661964137e+02 1.528340177163308340e+02
9060 3.182866323064795893e+02 1.528196706447982649e+02
9061 3.182572313666611876e+02 1.528053334408665194e+02
9062 3.182278359424272480e+02 1.527910060968357868e+02
9063 3.181984460294679593e+02 1.527766886050126232e+02
9064 3.181690616234773188e+02 1.527623809577092686e+02
9065 3.181396827201534734e+02 1.527480831472442162e+02
9066 3.181103093151985490e+02 1.527337951659418707e+02
9067 3.180809414043186507e+02 1.527195170061324347e+02
9068 3.180515789832240898e+02 1.527052486601523924e+02
9069 3.180222220476286452e+02 1.526909901203439972e+02
9070 3.179928705932509274e+02 1.526767413790555850e+02
9071 3.179635246158127870e+02 1.526625024286414600e+02
9072 3.179341841110406222e+02 1.526482732614619238e+02
9073 3.179048490746644688e+02 1.526340538698830471e+02
9074 3.178755195024182285e+02 1.526198442462770970e+02
9075 3.178461953900403500e+02 1.526056443830222520e+02
9076 3.178168767332728066e+02 1.525914542725023750e+02
9077 3.177875635278614368e+02 1.525772739071077808e+02
9078 3.177582557695565129e+02 1.525631032792343262e+02
9079 3.177289534541119451e+02 1.525489423812839220e+02
9080 3.176996565772855661e+02 1.525347912056643338e+02
9081 3.176703651348394715e+02 1.525206497447894947e+02
9082 3.176410791225393382e+02 1.525065179910789084e+02
9083 3.176117985361551632e+02 1.524923959369584736e+02
9084 3.175825233714604678e+02 1.524782835748594607e+02
9085 3.175532536242330934e+02 1.524641808972193360e+02
9086 3.175239892902544625e+02 1.524500878964816195e+02
9087 3.174947303653104882e+02 1.524360045650956295e+02
9088 3.174654768451902100e+02 1.524219308955161978e+02
9089 3.174362287256872719e+02 1.524078668802046650e+02
9090 3.174069860025989556e+02 1.523938125116278854e+02
9091 3.173777486717266356e+02 1.523797677822587389e+02
9092 3.173485167288751541e+02 1.523657326845758746e+02
9093 3.173192901698537298e+02 1.523517072110640527e+02
9094 3.172900689904753904e+02 1.523376913542134901e+02
9095 3.172608531865568011e+02 1.523236851065206281e+02
9096 3.172316427539190045e+02 1.523096884604877914e+02
9097 3.172024376883862260e+02 1.522957014086230174e+02
9098 3.171732379857873525e+02 1.522817239434400278e+02
9099 3.171440436419547382e+02 1.522677560574589393e+02
9100 3.171148546527244889e+02 1.522537977432050127e+02
9101 3.170856710139369170e+02 1.522398489932099608e+02
9102 3.170564927214360864e+02 1.522259098000110384e+02
9103 3.170273197710698128e+02 1.522119801561513555e+02
9104 3.169981521586898907e+02 1.521980600541799049e+02
9105 3.169689898801519803e+02 1.521841494866515632e+02
9106 3.169398329313154932e+02 1.521702484461267488e+02
9107 3.169106813080438201e+02 1.521563569251722186e+02
9108 3.168815350062040466e+02 1.521424749163599586e+02
9109 3.168523940216674077e+02 1.521286024122682363e+02
9110 3.168232583503085493e+02 1.521147394054806625e+02
9111 3.167941279880063234e+02 1.521008858885872428e+02
9112 3.167650029306432202e+02 1.520870418541832692e+02
9113 3.167358831741054814e+02 1.520732072948700022e+02
9114 3.167067687142834416e+02 1.520593822032546427e+02
9115 3.166776595470710163e+02 1.520455665719498768e+02
9116 3.166485556683661571e+02 1.520317603935743591e+02
9117 3.166194570740702829e+02 1.520179636607525708e+02
9118 3.165903637600890193e+02 1.520041763661146206e+02
9119 3.165612757223314588e+02 1.519903985022964719e+02
9120 3.165321929567107873e+02 1.519766300619398010e+02
9121 3.165031154591437144e+02 1.519628710376920822e+02
9122 3.164740432255508722e+02 1.519491214222065025e+02
9123 3.164449762518568150e+02 1.519353812081421609e+02
9124 3.164159145339898487e+02 1.519216503881636697e+02
9125 3.163868580678814624e+02 1.519079289549415535e+02
9126 3.163578068494678632e+02 1.518942169011517933e+02
9127 3.163287608746886121e+02 1.518805142194767654e+02
9128 3.162997201394867375e+02 1.518668209026037061e+02
9129 3.162706846398093035e+02 1.518531369432261613e+02
9130 3.162416543716075239e+02 1.518394623340433611e+02
9131 3.162126293308356821e+02 1.518257970677600213e+02
9132 3.161836095134522679e+02 1.518121411370866269e+02
9133 3.161545949154190680e+02 1.517984945347395751e+02
9134 3.161255855327023028e+02 1.517848572534407197e+02
9135 3.160965813612713760e+02 1.517712292859177126e+02
9136 3.160675823970995566e+02 1.517576106249040890e+02
9137 3.160385886361639791e+02 1.517440012631386139e+02
9138 3.160096000744455296e+02 1.517304011933663617e+02
9139 3.159806167079284478e+02 1.517168104083375226e+02
9140 3.159516385326012937e+02 1.517032289008081705e+02
9141 3.159226655444558673e+02 1.516896566635403190e+02
9142 3.158936977394877772e+02 1.516760936893011831e+02
9143 3.158647351136964971e+02 1.516625399708639748e+02
9144 3.158357776630850253e+02 1.516489955010076187e+02
9145 3.158068253836603390e+02 1.516354602725163829e+02
9146 3.157778782714327122e+02 1.516219342781803618e+02
9147 3.157489363224163981e+02 1.516084175107953911e+02
9148 3.157199995326294584e+02 1.515949099631628769e+02
9149 3.156910678980932516e+02 1.515814116280898531e+02
9150 3.156621414148331155e+02 1.515679224983889526e+02
9151 3.156332200788780256e+02 1.515544425668785493e+02
9152 3.156043038862604817e+02 1.515409718263826164e+02
9153 3.155753928330169060e+02 1.515275102697305556e+02
9154 3.155464869151871881e+02 1.515140578897578507e+02
9155 3.155175861288149690e+02 1.515006146793050732e+02
9156 3.154886904699475281e+02 1.514871806312187914e+02
9157 3.154597999346359529e+02 1.514737557383510023e+02
9158 3.154309145189346282e+02 1.514603399935593018e+02
9159 3.154020342189019175e+02 1.514469333897070840e+02
9160 3.153731589504487260e+02 1.514345566721382568e+02
9161 3.153442883626312323e+02 1.514224070371677158e+02
9162 3.153154224065227709e+02 1.514102656678774110e+02
9163 3.152865610786010961e+02 1.513981325577569237e+02
9164 3.152577043753476005e+02 1.513860077003009224e+02
9165 3.152288522932461206e+02 1.513738910890089642e+02
9166 3.152000048287846425e+02 1.513617827173858643e+02
9167 3.151711619740885908e+02 1.513499362955384981e+02
9168 3.151423235038413964e+02 1.513392491765943362e+02
9169 3.151134891054892364e+02 1.513285695735348213e+02
9170 3.150846587758815645e+02 1.513178974796745706e+02
9171 3.150558325118706762e+02 1.513072328883346529e+02
9172 3.150270103103121642e+02 1.512965757928421908e+02
9173 3.149981921680649748e+02 1.512859261865309293e+02
9174 3.149693780819909534e+02 1.512752840627407238e+02
9175 3.149405680489549582e+02 1.512646494148175691e+02
9176 3.149117620658254282e+02 1.512540222361141105e+02
9177 3.148829601294735880e+02 1.512434025199890755e+02
9178 3.148541622367737887e+02 1.512327902598073592e+02
9179 3.148253683846037916e+02 1.512221854489403086e+02
9180 3.147965785698442005e+02 1.512115880807654094e+02
9181 3.147677927893788592e+02 1.512009981486664287e+02
9182 3.147390110400945673e+02 1.511904156460335287e+02
9183 3.147102333188814214e+02 1.511798405662627545e+02
9184 3.146814596226325875e+02 1.511692729027568873e+02
9185 3.146526899482442445e+02 1.511587126489244781e+02
9186 3.146239242926159250e+02 1.511481597981805578e+02
9187 3.145951626526498330e+02 1.511376143439463249e+02
9188 3.145664050252516404e+02 1.511270762796491454e+02
9189 3.145376514073297471e+02 1.511165455987226665e+02
9190 3.145089017957962483e+02 1.511060222946068166e+02
9191 3.144801561875656830e+02 1.510955063607474074e+02
9192 3.144514145795558306e+02 1.510849977905968444e+02
9193 3.144226769686878811e+02 1.510744965776134165e+02
9194 3.143939433518856958e+02 1.510640027152616653e+02
9195 3.143652137260763766e+02 1.510535161970125273e+02
9196 3.143364880881900945e+02 1.510430370163427085e+02
9197 3.143077664351600333e+02 1.510325651667354521e+02
9198 3.142790487639225603e+02 1.510221006416800265e+02
9199 3.142503350714168846e+02 1.510116434346717824e+02
9200 3.142216253545853988e+02 1.510011935392121813e+02
9201 3.141929196103735649e+02 1.509907509488090227e+02
9202 3.141642178357298576e+02 1.509803156569761597e+02
9203 3.141355200276057644e+02 1.509698876572334711e+02
9204 3.141068261829558992e+02 1.509594669431071168e+02
9205 3.140781362987377179e+02 1.509490535081293103e+02
9206 3.140494503719119166e+02 1.509386473458382909e+02
9207 3.140207683994421473e+02 1.509282484497786072e+02
9208 3.139920903782949608e+02 1.509178568135007197e+02
9209 3.139634163054402052e+02 1.509074724305612847e+02
9210 3.139347461778505135e+02 1.508970952945230692e+02
9211 3.139060799925016454e+02 1.508867253989548090e+02
9212 3.138774177463722026e+02 1.508763627374314069e+02
9213 3.138487594364440270e+02 1.508660073035339053e+02
9214 3.138201050597018593e+02 1.508556590908493149e+02
9215 3.137914546131332827e+02 1.508453180929708140e+02
9216 3.137628080937293475e+02 1.508349843034974356e+02
9217 3.137341654984834918e+02 1.508246577160344657e+02
9218 3.137055268243927344e+02 1.508143383241932156e+02
9219 3.136768920684563113e+02 1.508040261215908231e+02
9220 3.136482612276773239e+02 1.507937211018508776e+02
9221 3.136196342990614312e+02 1.507834232586026530e+02
9222 3.135910112796170779e+02 1.507731325854815054e+02
9223 3.135623921663559486e+02 1.507628490761289299e+02
9224 3.135337769562926837e+02 1.507525727241923903e+02
9225 3.135051656464448229e+02 1.507423035233252904e+02
9226 3.134765582338329750e+02 1.507320414671871447e+02
9227 3.134479547154805914e+02 1.507217865494433227e+02
9228 3.134193550884139086e+02 1.507115387637653328e+02
9229 3.133907593496625736e+02 1.507012981038306236e+02
9230 3.133621674962587349e+02 1.506910645633226977e+02
9231 3.133335795252378944e+02 1.506808381359307418e+02
9232 3.133049954336382257e+02 1.506706188153503376e+02
9233 3.132764152185008584e+02 1.506604065952827511e+02
9234 3.132478388768697641e+02 1.506502014694352169e+02
9235 3.132192664057923821e+02 1.506400034315211371e+02
9236 3.131906978023182546e+02 1.506298124752595413e+02
9237 3.131621330635005620e+02 1.506196285943756550e+02
9238 3.131335721863950425e+02 1.506094517826006722e+02
9239 3.131050151680605040e+02 1.505992820336714431e+02
9240 3.130764620055585965e+02 1.505891193413310702e+02
9241 3.130479126959538689e+02 1.505789636993283409e+02
9242 3.130193672363138262e+02 1.505688151014181244e+02
9243 3.129908256237089290e+02 1.505586735413611166e+02
9244 3.129622878552123098e+02 1.505485390129237544e+02
9245 3.129337539279003977e+02 1.505384115098787845e+02
9246 3.129052238388522369e+02 1.505282910260045242e+02
9247 3.128766975851496568e+02 1.505181775550852024e+02
9248 3.128481751638777268e+02 1.505080710909111872e+02
9249 3.128196565721242450e+02 1.504979716272784174e+02
9250 3.127911418069798515e+02 1.504878791579888286e+02
9251 3.127626308655380285e+02 1.504777936768503253e+02
9252 3.127341237448952143e+02 1.504677151776765243e+02
9253 3.127056204421507459e+02 1.504576436542869260e+02
9254 3.126771209544067460e+02 1.504475791005069425e+02
9255 3.126486252787684634e+02 1.504375215101678123e+02
9256 3.126201334123433639e+02 1.504274708771066855e+02
9257 3.125916453522427219e+02 1.504174271951663684e+02
9258 3.125631610955798578e+02 1.504073904581957493e+02
9259 3.125346806394714463e+02 1.503973606600492019e+02
9260 3.125062039810366059e+02 1.503873377945872676e+02
9261 3.124777311173976955e+02 1.503773218556761151e+02
9262 3.124492620456798591e+02 1.503673128371878818e+02
9263 3.124207967630106282e+02 1.503573107330002188e+02
9264 3.123923352665209450e+02 1.503473155369968595e+02
9265 3.123638775533443663e+02 1.503373272430671648e+02
9266 3.123354236206172914e+02 1.503273458451064073e+02
9267 3.123069734654788476e+02 1.503173713370156008e+02
9268 3.122785270850712891e+02 1.503074037127014151e+02
9269 3.122500844765392571e+02 1.502974429660765168e+02
9270 3.122216456370305764e+02 1.502874890910591716e+02
9271 3.121932105636956294e+02 1.502775420815734151e+02
9272 3.121647792536879251e+02 1.502676019315492226e+02
9273 3.121363517041634736e+02 1.502576686349220267e+02
9274 3.121079279122812409e+02 1.502477421856332853e+02
9275 3.120795078752030918e+02 1.502378225776300837e+02
9276 3.120510915900936197e+02 1.502279098048651065e+02
9277 3.120226790541198056e+02 1.502180038612970918e+02
9278 3.119942702644522114e+02 1.502081047408902066e+02
9279 3.119658652182635592e+02 1.501982124376144441e+02
9280 3.119374639127297542e+02 1.501883269454454819e+02
9281 3.119090663450292027e+02 1.501784482583648526e+02
9282 3.118806725123432102e+02 1.501685763703596308e+02
9283 3.118522824118558674e+02 1.501587112754226325e+02
9284 3.118238960407540503e+02 1.501488529675523580e+02
9285 3.117955133962274772e+02 1.501390014407531055e+02
9286 3.117671344754685379e+02 1.501291566890348008e+02
9287 3.117387592756722370e+02 1.501193187064129120e+02
9288 3.117103877940367056e+02 1.501094874869087619e+02
9289 3.116820200277625759e+02 1.500996630245491872e+02
9290 3.116536559740533789e+02 1.500898453133668511e+02
9291 3.116252956301152608e+02 1.500800343473999874e+02
9292 3.115969389931572096e+02 1.500702301206925142e+02
9293 3.115685860603909987e+02 1.500604326272938920e+02
9294 3.115402368290310164e+02 1.500506418612593791e+02
9295 3.115118912962945501e+02 1.500408578166498046e+02
9296 3.114835494594015017e+02 1.500310804875315966e+02
9297 3.114552113155746156e+02 1.500213098679768962e+02
9298 3.114268768620392507e+02 1.500115459520633294e+02
9299 3.113985460960237219e+02 1.500017887338742639e+02
9300 3.113702190147587316e+02 1.499920382074987799e+02
9301 3.113418956154778243e+02 1.499822943670311304e+02
9302 3.113135758954176140e+02 1.499725572065715937e+02
9303 3.112852598518170453e+02 1.499628267202260190e+02
9304 3.112569474819176776e+02 1.499531029021056554e+02
9305 3.112286387829644241e+02 1.499433857463274364e+02
9306 3.112003337522040738e+02 1.499336752470138379e+02
9307 3.111720323868867126e+02 1.499239713982929629e+02
9308 3.111437353240452239e+02 1.499032022986364154e+02
9309 3.111154471660848913e+02 1.498754433090777809e+02
9310 3.110871694813850468e+02 1.498477163699748758e+02
9311 3.110589022559179284e+02 1.498200214378714747e+02
9312 3.110306454756791368e+02 1.497923584693814973e+02
9313 3.110023991266871235e+02 1.497647274211886952e+02
9314 3.109741631949837597e+02 1.497371282500470500e+02
9315 3.109459376666334265e+02 1.497095609127803755e+02
9316 3.109177225277233561e+02 1.496820253662812092e+02
9317 3.108895177643641432e+02 1.496545215675116651e+02
9318 3.108613233626887222e+02 1.496270494735036607e+02
9319 3.108331393088531058e+02 1.495996090413579509e+02
9320 3.108049655890358167e+02 1.495722002282437018e+02
9321 3.107768021894382855e+02 1.495448229913998546e+02
9322 3.107486490962844528e+02 1.495174772881328806e+02
9323 3.107205062958205986e+02 1.494901630758184297e+02
9324 3.106923737743161382e+02 1.494628803119008467e+02
9325 3.106642515180624855e+02 1.494356289538911824e+02
9326 3.106361395133736778e+02 1.494084089593707461e+02
9327 3.106080377465861488e+02 1.493812202859868989e+02
9328 3.105799462040588992e+02 1.493540628914558397e+02
9329 3.105518648721728141e+02 1.493269367335607285e+02
9330 3.105237937373315162e+02 1.492998417701531082e+02
9331 3.104957327859605698e+02 1.492727779591508863e+02
9332 3.104676820045079353e+02 1.492457452585399267e+02
9333 3.104396413794434011e+02 1.492187436263725999e+02
9334 3.104116108972592656e+02 1.491917730207688066e+02
9335 3.103835905444695982e+02 1.491648333999146985e+02
9336 3.103555803076106372e+02 1.491379247220634454e+02
9337 3.103275801732403920e+02 1.491110469455348664e+02
9338 3.102995901279390409e+02 1.490842000287141786e+02
9339 3.102716101583085901e+02 1.490573839300544705e+02
9340 3.102436402509727600e+02 1.490305986080733476e+02
9341 3.102156803925770987e+02 1.490038440213552633e+02
9342 3.101877305697890961e+02 1.489771201285505811e+02
9343 3.101597907692977287e+02 1.489504268883746363e+02
9344 3.101318609778137443e+02 1.489237642596088449e+02
9345 3.101039411820694909e+02 1.488971322011001064e+02
9346 3.100760313688189740e+02 1.488705306717606049e+02
9347 3.100481315248376859e+02 1.488439596305673831e+02
9348 3.100202416369223783e+02 1.488174190365622565e+02
9349 3.099923616918918583e+02 1.487909088488526947e+02
9350 3.099644916765857374e+02 1.487644290266100029e+02
9351 3.099366315778653416e+02 1.487379795290713673e+02
9352 3.099087813826132560e+02 1.487115603155370991e+02
9353 3.098809410777332118e+02 1.486851713453724813e+02
9354 3.098531106501504269e+02 1.486588125780071437e+02
9355 3.098252900868110373e+02 1.486324839729343239e+02
9356 3.097974793746826094e+02 1.486061854897116916e+02
9357 3.097696785007537414e+02 1.485799170879602684e+02
9358 3.097418874520341774e+02 1.485536787273653943e+02
9359 3.097141062155545228e+02 1.485274703676754484e+02
9360 3.096863347783663585e+02 1.485012919687019632e+02
9361 3.096585731275424678e+02 1.484751434903201925e+02
9362 3.096308212501766093e+02 1.484490248924689411e+02
9363 3.096030791333828347e+02 1.484229361351492855e+02
9364 3.095753467642966825e+02 1.483968771784252283e+02
9365 3.095476241300741549e+02 1.483708479824242090e+02
9366 3.095199112178921723e+02 1.483448485073359677e+02
9367 3.094922080149481758e+02 1.483188787134124311e+02
9368 3.094645145084602973e+02 1.482929385609678548e+02
9369 3.094368306856675304e+02 1.482670280103800167e+02
9370 3.094091565338292753e+02 1.482411470220873468e+02
9371 3.093814920402253961e+02 1.482152955565905756e+02
9372 3.093538371921565613e+02 1.481894735744527338e+02
9373 3.093261919769436759e+02 1.481636810362985841e+02
9374 3.092985563819281083e+02 1.481379179028142516e+02
9375 3.092709303944715202e+02 1.481121841347473378e+02
9376 3.092433140019562643e+02 1.480864796929069200e+02
9377 3.092157071917847588e+02 1.480608045381633247e+02
9378 3.091881099513796016e+02 1.480351586314480130e+02
9379 3.091605222681837972e+02 1.480095419337536953e+02
9380 3.091329441296604728e+02 1.479839544061334777e+02
9381 3.091053755232931053e+02 1.479583960097012323e+02
9382 3.090778164365848397e+02 1.479328667056317670e+02
9383 3.090502668570593983e+02 1.479073664551604850e+02
9384 3.090227267722602278e+02 1.478818952195829013e+02
9385 3.089951961697507272e+02 1.478564529602545292e+02
9386 3.089676750371146454e+02 1.478310396385920171e+02
9387 3.089401633619552285e+02 1.478056552160703632e+02
9388 3.089126611318958453e+02 1.477802996542263259e+02
9389 3.088851683345795323e+02 1.477549729146551556e+02
9390 3.088576849576695054e+02 1.477296749590124705e+02
9391 3.088302109888481937e+02 1.477044057490128637e+02
9392 3.088027464158182624e+02 1.476791652464306708e+02
9393 3.087752912263014764e+02 1.476539534130990035e+02
9394 3.087478454080400638e+02 1.476287702109113411e+02
9395 3.087204089487951819e+02 1.476036156018189729e+02
9396 3.086929818363479399e+02 1.475784895478326746e+02
9397 3.086655640584987168e+02 1.475533920110221118e+02
9398 3.086381556030677871e+02 1.475283229535150724e+02
9399 3.086107564578945244e+02 1.475032823374988880e+02
9400 3.085833666108377997e+02 1.474782701252184154e+02
9401 3.085559860497758677e+02 1.474532862789777425e+02
9402 3.085286147626065372e+02 1.474283307611379712e+02
9403 3.085012527372468298e+02 1.474034035341196613e+02
9404 3.084738999616328670e+02 1.473785045604004154e+02
9405 3.084465564237202102e+02 1.473536338025163559e+02
9406 3.084192221114835775e+02 1.473287912230607333e+02
9407 3.083918970129168429e+02 1.473039767846848918e+02
9408 3.083645811160330368e+02 1.472791904500977580e+02
9409 3.083372744088642889e+02 1.472544321820651021e+02
9410 3.083099768794616011e+02 1.472297019434108734e+02
9411 3.082826885158954724e+02 1.472049996970154098e+02
9412 3.082554093062547054e+02 1.471803254058165180e+02
9413 3.082281392386478274e+02 1.471556790328091040e+02
9414 3.082008783012014419e+02 1.471310605410445191e+02
9415 3.081736264820618771e+02 1.471064698936309867e+02
9416 3.081463837693934806e+02 1.470819070537337723e+02
9417 3.081191501513802109e+02 1.470573719845738481e+02
9418 3.080919256162241595e+02 1.470328646494293992e+02
9419 3.080647101521464037e+02 1.470083850116343740e+02
9420 3.080375037473866655e+02 1.469839330345789392e+02
9421 3.080103063902036524e+02 1.469595086817097354e+02
9422 3.079831180688740346e+02 1.469351119165286832e+02
9423 3.079559387716936385e+02 1.469107427025944048e+02
9424 3.079287684869767645e+02 1.468864010035202341e+02
9425 3.079016072030558462e+02 1.468620867829759220e+02
9426 3.078744549082823596e+02 1.468378000046867555e+02
9427 3.078473115910257434e+02 1.468135406324326766e+02
9428 3.078201772396742513e+02 1.467893086300496748e+02
9429 3.077930518426343269e+02 1.467651039614286503e+02
9430 3.077659353883304902e+02 1.467409265905152438e+02
9431 3.077388278652061331e+02 1.467167764813107738e+02
9432 3.077117292617224962e+02 1.466926535978706170e+02
9433 3.076846395663592943e+02 1.466685579043058851e+02
9434 3.076575587676143186e+02 1.466444893647812364e+02
9435 3.076304868540036068e+02 1.466204479435167514e+02
9436 3.076034238140612160e+02 1.465964336047863981e+02
9437 3.075763696363394502e+02 1.465724463129186006e+02
9438 3.075493243094085756e+02 1.465484860322961538e+02
9439 3.075222878218569349e+02 1.465245527273558253e+02
9440 3.074952601622910606e+02 1.465006463625885829e+02
9441 3.074682413193349362e+02 1.464767669025388557e+02
9442 3.074412312816310191e+02 1.464529143118055572e+02
9443 3.074142300378395021e+02 1.464290885550401526e+02
9444 3.073872375766381992e+02 1.464052895969492454e+02
9445 3.073602538867232852e+02 1.463815174022918484e+02
9446 3.073332789568081012e+02 1.463577719358802369e+02
9447 3.073063127756241215e+02 1.463340531625806307e+02
9448 3.072793553319206126e+02 1.463103610473121421e+02
9449 3.072524066144643484e+02 1.462866955550465775e+02
9450 3.072254666120397246e+02 1.462630566508094887e+02
9451 3.071985353134490424e+02 1.462394442996785244e+02
9452 3.071716127075120539e+02 1.462158584667846242e+02
9453 3.071446987830659623e+02 1.461922991173107675e+02
9454 3.071177935289654783e+02 1.461687662164934522e+02
9455 3.070908969340832755e+02 1.461452597296206477e+02
9456 3.070640089873089664e+02 1.461217796220334435e+02
9457 3.070371296775496717e+02 1.460983258591240030e+02
9458 3.070102589937301332e+02 1.460748984063386047e+02
9459 3.069833969247924301e+02 1.460514972291734352e+02
9460 3.069565434596959790e+02 1.460281222931780292e+02
9461 3.069296985874170787e+02 1.460047735639533641e+02
9462 3.069028622969500475e+02 1.459814510071519749e+02
9463 3.068760345773058020e+02 1.459581545884786351e+02
9464 3.068492154175127098e+02 1.459348842736885388e+02
9465 3.068224048066164755e+02 1.459116400285897157e+02
9466 3.067956027336796865e+02 1.458884218190404454e+02
9467 3.067688091877821535e+02 1.458652296109508484e+02
9468 3.067420241580206266e+02 1.458420633702818066e+02
9469 3.067152476335092501e+02 1.458189230630460713e+02
9470 3.066884796033787666e+02 1.457958086553057058e+02
9471 3.066617200567773125e+02 1.457727201131755237e+02
9472 3.066349689828696228e+02 1.457496574028200200e+02
9473 3.066082263708374285e+02 1.457266204904546214e+02
9474 3.065814922098795137e+02 1.457036093423452883e+02
9475 3.065547664892114881e+02 1.456806239248077475e+02
9476 3.065280491980654460e+02 1.456576642042099934e+02
9477 3.065013403256909896e+02 1.456347301469683089e+02
9478 3.064746398613536371e+02 1.456118217195502211e+02
9479 3.064479477943362440e+02 1.455889388884730238e+02
9480 3.064212641139381503e+02 1.455660816203039474e+02
9481 3.063945888094754082e+02 1.455432498816601878e+02
9482 3.063679218702806111e+02 1.455204436392090201e+02
9483 3.063412632857031781e+02 1.454976628596668604e+02
9484 3.063146130451088425e+02 1.454749075098006017e+02
9485 3.062879711378801062e+02 1.454521775564253687e+02
9486 3.062613375534158422e+02 1.454294729664068768e+02
9487 3.062347122811314080e+02 1.454067937066596983e+02
9488 3.062080953104588161e+02 1.453841397441474896e+02
9489 3.061814866308462229e+02 1.453615110458834749e+02
9490 3.061548862317584963e+02 1.453389075789296214e+02
9491 3.061282941026763638e+02 1.453163293103969238e+02
9492 3.061017102330976059e+02 1.452937762074452053e+02
9493 3.060751346125357486e+02 1.452712482372830891e+02
9494 3.060485672305206890e+02 1.452487453671678566e+02
9495 3.060220080765986950e+02 1.452262675644056173e+02
9496 3.059954571403321211e+02 1.452038147963502297e+02
9497 3.059689144112999770e+02 1.451813870304054035e+02
9498 3.059423798790963360e+02 1.451589842340214886e+02
9499 3.059158535333326654e+02 1.451366063746981467e+02
9500 3.058893353636358370e+02 1.451142534199828447e+02
9501 3.058628253596487525e+02 1.450919253374708546e+02
9502 3.058363235110305709e+02 1.450696220948058510e+02
9503 3.058098298074563672e+02 1.450473436596792851e+02
9504 3.057833442386173601e+02 1.450250899998299872e+02
9505 3.057568667942204570e+02 1.450028610830448770e+02
9506 3.057303974639885951e+02 1.449806568771582533e+02
9507 3.057039362376606846e+02 1.449584773500521635e+02
9508 3.056774831049912109e+02 1.449363224696557211e+02
9509 3.056510380557509734e+02 1.449141922039458166e+02
9510 3.056246010797261761e+02 1.448920865209460942e+02
9511 3.055981721667189959e+02 1.448700053887273214e+02
9512 3.055717513065469575e+02 1.448479487754080139e+02
9513 3.055453384890441839e+02 1.448259166491532426e+02
9514 3.055189337040593500e+02 1.448039089781743485e+02
9515 3.054925369414578427e+02 1.447819257307307339e+02
9516 3.054661481911197711e+02 1.447599668751278443e+02
9517 3.054397674429417862e+02 1.447380323797171968e+02
9518 3.054133946868350904e+02 1.447161222128978579e+02
9519 3.053870299127272006e+02 1.446942363431147669e+02
9520 3.053606731105608674e+02 1.446723747388592471e+02
9521 3.053343242702943598e+02 1.446505373686693190e+02
9522 3.053079833819014084e+02 1.446287242011286480e+02
9523 3.052816504353710911e+02 1.446069352048673977e+02
9524 3.052553254207080045e+02 1.445851703485616042e+02
9525 3.052290083279321493e+02 1.445634296009328637e+02
9526 3.052026991470786470e+02 1.445417129307496111e+02
9527 3.051763978681983076e+02 1.445200203068254439e+02
9528 3.051501044813567773e+02 1.444983516980190075e+02
9529 3.051238189766353344e+02 1.444767070732355592e+02
9530 3.050975413441304340e+02 1.444550864014259446e+02
9531 3.050712715739537089e+02 1.444334896515854609e+02
9532 3.050450096562316844e+02 1.444119167927556759e+02
9533 3.050187555811064612e+02 1.443903677940226089e+02
9534 3.049925093387350898e+02 1.443688426245180096e+02
9535 3.049662709192896841e+02 1.443473412534189890e+02
9536 3.049400403129575921e+02 1.443258636499469958e+02
9537 3.049138175099409978e+02 1.443044097833690671e+02
9538 3.048876025004572057e+02 1.442829796229963222e+02
9539 3.048613952747384701e+02 1.442615731381853266e+02
9540 3.048351958230319383e+02 1.442401902983370690e+02
9541 3.048090041355999915e+02 1.442188310728970464e+02
9542 3.047828202027195630e+02 1.441974954313553212e+02
9543 3.047566440146825926e+02 1.441761833432470041e+02
9544 3.047304755617960836e+02 1.441548947781502932e+02
9545 3.047043148343814210e+02 1.441336297056890317e+02
9546 3.046781618227752801e+02 1.441123880955303775e+02
9547 3.046520165173288319e+02 1.440911699173857983e+02
9548 3.046258789084079126e+02 1.440699751410112128e+02
9549 3.045997489863933083e+02 1.440488037362055422e+02
9550 3.045736267416804708e+02 1.440276556728130117e+02
9551 3.045475121646792331e+02 1.440065309207203939e+02
9552 3.045214052458144920e+02 1.439854294498584579e+02
9553 3.044953059755254117e+02 1.439643512302023112e+02
9554 3.044692143442660495e+02 1.439432962317697218e+02
9555 3.044431303425047304e+02 1.439222644246222274e+02
9556 3.044170539607245018e+02 1.439012557788651350e+02
9557 3.043909851894226222e+02 1.438802702646467253e+02
9558 3.043649240191115268e+02 1.438593078521585653e+02
9559 3.043388704403174074e+02 1.438383685116354513e+02
9560 3.043128244435811212e+02 1.438174522133552955e+02
9561 3.042867860194581340e+02 1.437965589276387561e+02
9562 3.042607551585177816e+02 1.437756886248498347e+02
9563 3.042347318513444066e+02 1.437548412753953642e+02
9564 3.042087160885362209e+02 1.437340168497244974e+02
9565 3.041827078607057615e+02 1.437132153183293894e+02
9566 3.041567071584801738e+02 1.436924366517449130e+02
9567 3.041307139725005300e+02 1.436716808205484597e+02
9568 3.041047282934222835e+02 1.436509477953597980e+02
9569 3.040787501119149283e+02 1.436302375468412720e+02
9570 3.040527794186624533e+02 1.436095500456971195e+02
9571 3.040268162043624898e+02 1.435888852626740970e+02
9572 3.040008604597273916e+02 1.435682431685613096e+02
9573 3.039749121754830981e+02 1.435476237341896990e+02
9574 3.039489713423699300e+02 1.435270269304324700e+02
9575 3.039230379511423052e+02 1.435064527282042945e+02
9576 3.038971119925682842e+02 1.434859010984624206e+02
9577 3.038711934574303086e+02 1.434653720122052789e+02
9578 3.038452823365247468e+02 1.434448654404732224e+02
9579 3.038193786206616664e+02 1.434243813543482986e+02
9580 3.037934823006653460e+02 1.434039197249541644e+02
9581 3.037675933673737063e+02 1.433834805234556313e+02
9582 3.037417118116387655e+02 1.433630637210596603e+02
9583 3.037158376243262978e+02 1.433426692890135712e+02
9584 3.036899707963158903e+02 1.433222971986070888e+02
9585 3.036641113185011136e+02 1.433019474211697570e+02
9586 3.036382591817888965e+02 1.432816199280738090e+02
9587 3.036124143771003219e+02 1.432613146907314672e+02
9588 3.035865768953699444e+02 1.432410316805960235e+02
9589 3.035607467275463591e+02 1.432207708691618961e+02
9590 3.035349238645915761e+02 1.432005322279645156e+02
9591 3.035091082974809069e+02 1.431803157285798136e+02
9592 3.034833000172042148e+02 1.431601213426247341e+02
9593 3.034574990147641529e+02 1.431399490417560685e+02
9594 3.034317052811773578e+02 1.431197987976718480e+02
9595 3.034059188074738245e+02 1.430996705821106048e+02
9596 3.033801395846972468e+02 1.430795643668509456e+02
9597 3.033543676039046773e+02 1.430594801237120919e+02
9598 3.033286028561668104e+02 1.430394178245532260e+02
9599 3.033028453325676423e+02 1.430193774412738321e+02
9600 3.032770950242048684e+02 1.429993589458137535e+02
9601 3.032513519221891443e+02 1.429793623101525384e+02
9602 3.032256160176451658e+02 1.429593875063098380e+02
9603 3.031998873017101914e+02 1.429394345063455773e+02
9604 3.031741657655356903e+02 1.429195032823587610e+02
9605 3.031484514002858077e+02 1.428995938064887241e+02
9606 3.031227441971381040e+02 1.428797060509144785e+02
9607 3.030970441472836683e+02 1.428598399878548548e+02
9608 3.030713512419266067e+02 1.428399955895673372e+02
9609 3.030456654722843837e+02 1.428201728283497118e+02
9610 3.030199868295875945e+02 1.428003716765389584e+02
9611 3.029943153050800788e+02 1.427805921065117616e+02
9612 3.029686508900187505e+02 1.427608340906835735e+02
9613 3.029429935756737109e+02 1.427410976015092956e+02
9614 3.029173433533280786e+02 1.427213826114827100e+02
9615 3.028917002142782167e+02 1.427016890931371336e+02
9616 3.028660641498334485e+02 1.426820170190446788e+02
9617 3.028404351513161714e+02 1.426623663618163960e+02
9618 3.028148132100618568e+02 1.426427370941021877e+02
9619 3.027891983174188226e+02 1.426231291885907524e+02
9620 3.027635904647485177e+02 1.426035426180095556e+02
9621 3.027379896434253510e+02 1.425839773551247731e+02
9622 3.027123958448364647e+02 1.425644333727412345e+02
9623 3.026868090603819610e+02 1.425449106437021101e+02
9624 3.026612292814752436e+02 1.425254091408894226e+02
9625 3.026356564995418239e+02 1.425059288372228536e+02
9626 3.026100907060206850e+02 1.424864697056611647e+02
9627 3.025845318923632590e+02 1.424670317192014011e+02
9628 3.025589800500340516e+02 1.424476148508784945e+02
9629 3.025334351705101881e+02 1.424282190737653195e+02
9630 3.025078972452814696e+02 1.424088443609730916e+02
9631 3.024823662658505441e+02 1.423894906856513103e+02
9632 3.024568422237326217e+02 1.423701580209868780e+02
9633 3.024313251104559299e+02 1.423508463402049529e+02
9634 3.024058149175609742e+02 1.423315556165684654e+02
9635 3.023803116366009363e+02 1.423122858233778061e+02
9636 3.023548152591419012e+02 1.422930369339715355e+02
9637 3.023293257767624027e+02 1.422738089217254185e+02
9638 3.023038431810533666e+02 1.422546017600525943e+02
9639 3.022783674636185083e+02 1.422354154224045999e+02
9640 3.022528986160739919e+02 1.422162498822695227e+02
9641 3.022274366300484303e+02 1.421971051131729098e+02
9642 3.022019814971829419e+02 1.421779810886780808e+02
9643 3.021765332091312644e+02 1.421588777823852467e+02
9644 3.021510917575592998e+02 1.421397951679314815e+02
9645 3.021256571341456834e+02 1.421207332189919725e+02
9646 3.021002293305811577e+02 1.421016919092778892e+02
9647 3.020748083385689142e+02 1.420826712125377185e+02
9648 3.020493941498246500e+02 1.420636711025570662e+02
9649 3.020239867560762832e+02 1.420446915531582590e+02
9650 3.019985861490641241e+02 1.420257325382005433e+02
9651 3.019731923205405906e+02 1.420067940315794885e+02
9652 3.019478052622704922e+02 1.419878760072276123e+02
9653 3.019224249660309169e+02 1.419689784391141245e+02
9654 3.018970514236112876e+02 1.419501013012447004e+02
9655 3.018716846268129075e+02 1.419312445676615653e+02
9656 3.018463245674494146e+02 1.419124082124430402e+02
9657 3.018209712373467823e+02 1.418935922097039395e+02
9658 3.017956246283429209e+02 1.418747965335957417e+02
9659 3.017702847322880189e+02 1.418560211583056514e+02
9660 3.017449515410440881e+02 1.418372660580573950e+02
9661 3.017196250464855325e+02 1.418185312071101407e+02
9662 3.016943052404987498e+02 1.417998165797607726e+02
9663 3.016689921149820179e+02 1.417811221503396268e+02
9664 3.016436856618458364e+02 1.417624478932152385e+02
9665 3.016183858730124143e+02 1.417437937827908740e+02
9666 3.015930927404162389e+02 1.417251597935057248e+02
9667 3.015678062560036778e+02 1.417065458998353051e+02
9668 3.015425264117330357e+02 1.416879520762897471e+02
9669 3.015172531995742702e+02 1.416693782974156477e+02
9670 3.014919866115095601e+02 1.416508245377951027e+02
9671 3.014667266235632042e+02 1.416325610754616093e+02
9672 3.014414731269163212e+02 1.416144552380269772e+02
9673 3.014162260849277573e+02 1.415963693876490765e+02
9674 3.013909854896487559e+02 1.415783034982026720e+02
9675 3.013657513331428390e+02 1.415602575436002439e+02
9676 3.013405236074854088e+02 1.415422314977931535e+02
9677 3.013153023047640318e+02 1.415242253347709322e+02
9678 3.012900874170780980e+02 1.415062390285613390e+02
9679 3.012648789365391622e+02 1.414882725532304164e+02
9680 3.012396768552703747e+02 1.414703258828819230e+02
9681 3.012144811654069940e+02 1.414523989916585549e+02
9682 3.011892918590964996e+02 1.414344918537397859e+02
9683 3.011641089284974555e+02 1.414166044433439424e+02
9684 3.011389324054368331e+02 1.413976698699201506e+02
9685 3.011137628099717176e+02 1.413772679709357760e+02
9686 3.010886004756017087e+02 1.413568880115315380e+02
9687 3.010634453934725911e+02 1.413365299634979806e+02
9688 3.010382975547442470e+02 1.413161937986677685e+02
9689 3.010131569505896891e+02 1.412958794889161140e+02
9690 3.009880235721951180e+02 1.412755870061601513e+02
9691 3.009628974107604904e+02 1.412553163223588228e+02
9692 3.009377784574986663e+02 1.412350674095135048e+02
9693 3.009126667036360914e+02 1.412148402396670406e+02
9694 3.008875621404122285e+02 1.411946347849040251e+02
9695 3.008624647590800123e+02 1.411744510173510321e+02
9696 3.008373745509053947e+02 1.411542889091760458e+02
9697 3.008122915071677426e+02 1.411341484325889724e+02
9698 3.007872156191593263e+02 1.411140295598405032e+02
9699 3.007621468781858880e+02 1.410939322632233370e+02
9700 3.007370852755657324e+02 1.410738565150712702e+02
9701 3.007120308026310909e+02 1.410538022877595381e+02
9702 3.006869834507263590e+02 1.410337695537040474e+02
9703 3.006619432112099162e+02 1.410137582853625702e+02
9704 3.006369100754523629e+02 1.409937684552331518e+02
9705 3.006118840348375443e+02 1.409738000358551915e+02
9706 3.005868650807624931e+02 1.409538529998087881e+02
9707 3.005618532046373161e+02 1.409339273197152238e+02
9708 3.005368483978842278e+02 1.409140229682359120e+02
9709 3.005118506519394828e+02 1.408941399180733924e+02
9710 3.004868599582513866e+02 1.408742781419703363e+02
9711 3.004618763082814326e+02 1.408544376127103703e+02
9712 3.004368996935038467e+02 1.408346183031171677e+02
9713 3.004119301054059861e+02 1.408148201860551012e+02
9714 3.003869675354873152e+02 1.407950432344282774e+02
9715 3.003620119752608275e+02 1.407752874211815310e+02
9716 3.003370634162517945e+02 1.407555527192998568e+02
9717 3.003121218499984479e+02 1.407358391018079260e+02
9718 3.002871872680515253e+02 1.407161465417704846e+02
9719 3.002622596619744968e+02 1.406964750122922965e+02
9720 3.002373390233437362e+02 1.406768244865177167e+02
9721 3.002124253437478956e+02 1.406571949376314592e+02
9722 3.001875186147883028e+02 1.406375863388571474e+02
9723 3.001626188280790757e+02 1.406179986634586783e+02
9724 3.001377259752468376e+02 1.405984318847392274e+02
9725 3.001128400479305469e+02 1.405788859760411071e+02
9726 3.000879610377817244e+02 1.405593609107466193e+02
9727 3.000630889364647942e+02 1.405398566622770034e+02
9728 3.000382237356561177e+02 1.405203732040931186e+02
9729 3.000133654270448460e+02 1.405009105096942790e+02
9730 2.999885140023324652e+02 1.404814685526199014e+02
9731 2.999636694532326828e+02 1.404620473064475448e+02
9732 2.999388317714718823e+02 1.404426467447947005e+02
9733 2.999140009487887255e+02 1.404232668413167744e+02
9734 2.998891769769341522e+02 1.404039075697084229e+02
9735 2.998643598476713237e+02 1.403845689037031264e+02
9736 2.998395495527759635e+02 1.403652508170731608e+02
9737 2.998147460840359599e+02 1.403459532836289725e+02
9738 2.997899494332514791e+02 1.403266762772204004e+02
9739 2.997651595922344541e+02 1.403074197717346294e+02
9740 2.997403765528099484e+02 1.402881837410981802e+02
9741 2.997156003068143946e+02 1.402689681592755448e+02
9742 2.996908308460967305e+02 1.402497730002696414e+02
9743 2.996660681625181155e+02 1.402305982381211322e+02
9744 2.996413122479515891e+02 1.402114438469094466e+02
9745 2.996165630942825260e+02 1.401923098007517012e+02
9746 2.995918206934080672e+02 1.401731960738030409e+02
9747 2.995670850372379732e+02 1.401541026402568377e+02
9748 2.995423561176933163e+02 1.401350294743439235e+02
9749 2.995176339267077879e+02 1.401159765503331016e+02
9750 2.994929184562268460e+02 1.400969438425308340e+02
9751 2.994682096982076587e+02 1.400779313252815257e+02
9752 2.994435076446198423e+02 1.400589389729668426e+02
9753 2.994188122874445526e+02 1.400399667600061377e+02
9754 2.993941236186751098e+02 1.400210146608560535e+02
9755 2.993694416303165440e+02 1.400020826500107205e+02
9756 2.993447663143857653e+02 1.399831707020016722e+02
9757 2.993200976629116781e+02 1.399642787913975042e+02
9758 2.992954356679347825e+02 1.399454068928045558e+02
9759 2.992707803215076297e+02 1.399265549808654612e+02
9760 2.992461316156944235e+02 1.399077230302603709e+02
9761 2.992214895425710210e+02 1.398889110157062987e+02
9762 2.991968540942253298e+02 1.398701189119574906e+02
9763 2.991722252627565695e+02 1.398513466938046861e+02
9764 2.991476030402759534e+02 1.398325943360756298e+02
9765 2.991229874189064049e+02 1.398138618136343609e+02
9766 2.990983783907821021e+02 1.397951491013821226e+02
9767 2.990737759480493878e+02 1.397764561742567651e+02
9768 2.990491800828659734e+02 1.397577830072321206e+02
9769 2.990245907874011095e+02 1.397391295753191685e+02
9770 2.990000080538356428e+02 1.397204958535646142e+02
9771 2.989754318743620729e+02 1.397018818170518841e+02
9772 2.989508622411843248e+02 1.396832874409010117e+02
9773 2.989262991465179766e+02 1.396647127002672732e+02
9774 2.989017425825899181e+02 1.396461575703431208e+02
9775 2.988771925416386352e+02 1.396276220263563914e+02
9776 2.988526490159142099e+02 1.396091060435711597e+02
9777 2.988281119976776381e+02 1.395906095972877949e+02
9778 2.988035814792019664e+02 1.395721326628416534e+02
9779 2.987790574527712124e+02 1.395536752156051250e+02
9780 2.987545399106808759e+02 1.395352372309852740e+02
9781 2.987300288452379391e+02 1.395168186844255445e+02
9782 2.987055242487604119e+02 1.394984195514044529e+02
9783 2.986810261135780706e+02 1.394800398074368957e+02
9784 2.986565344320315489e+02 1.394616794280726140e+02
9785 2.986320491964730195e+02 1.394433383888968478e+02
9786 2.986075703992656827e+02 1.394250166655304781e+02
9787 2.985830980327843349e+02 1.394067142336296570e+02
9788 2.985586320894145729e+02 1.393884310688856658e+02
9789 2.985341725615533619e+02 1.393701671470248300e+02
9790 2.985097194416089224e+02 1.393519224438093431e+02
9791 2.984852727220006159e+02 1.393336969350355616e+02
9792 2.984608323951588886e+02 1.393154905965353407e+02
9793 2.984363984535252143e+02 1.392973034041753806e+02
9794 2.984119708895522081e+02 1.392791353338572264e+02
9795 2.983875496957037399e+02 1.392609863615175243e+02
9796 2.983631348644545369e+02 1.392428564631273957e+02
9797 2.983387263882902403e+02 1.392247456146927220e+02
9798 2.983143242597080871e+02 1.392066537922540874e+02
9799 2.982899284712156032e+02 1.391885809718864095e+02
9800 2.982655390153317967e+02 1.391705271297000479e+02
9801 2.982411558845863055e+02 1.391524922418380470e+02
9802 2.982167790715198521e+02 1.391344762844798879e+02
9803 2.981924085686843569e+02 1.391164792338381062e+02
9804 2.981680443686420290e+02 1.390985010661596277e+02
9805 2.981436864639666169e+02 1.390805417577263654e+02
9806 2.981193348472421576e+02 1.390626012848536561e+02
9807 2.980949895110640000e+02 1.390446796238909712e+02
9808 2.980706504480379522e+02 1.390267767512222008e+02
9809 2.980463176507809635e+02 1.390088926432649998e+02
9810 2.980219911119206699e+02 1.389910272764709589e+02
9811 2.979976708240952803e+02 1.389731806273257462e+02
9812 2.979733567799538605e+02 1.389553526723484822e+02
9813 2.979490489721563904e+02 1.389375433880919672e+02
9814 2.979247473933734227e+02 1.389197527511436476e+02
9815 2.979004520362859694e+02 1.389019807381231999e+02
9816 2.978761628935863541e+02 1.388842273256851172e+02
9817 2.978518799579769052e+02 1.388664924905165492e+02
9818 2.978276032221708078e+02 1.388487762093384674e+02
9819 2.978033326788921613e+02 1.388310784589051536e+02
9820 2.977790683208752398e+02 1.388133992160046262e+02
9821 2.977548101408652315e+02 1.387957384574573894e+02
9822 2.977305581316176131e+02 1.387780961601179968e+02
9823 2.977063122858986617e+02 1.387604723008736016e+02
9824 2.976820725964848862e+02 1.387428668566447811e+02
9825 2.976578390561637093e+02 1.387252798043851101e+02
9826 2.976336116577327857e+02 1.387077111210810187e+02
9827 2.976093903940003429e+02 1.386901607837518497e+02
9828 2.975851752577847833e+02 1.386726287694502844e+02
9829 2.975609662419154233e+02 1.386551150552614615e+02
9830 2.975367633392317543e+02 1.386376196183031198e+02
9831 2.975125665425833859e+02 1.386201424357260237e+02
9832 2.974883758448310118e+02 1.386026834847135660e+02
9833 2.974641912388451601e+02 1.385852427424817108e+02
9834 2.974400127175068747e+02 1.385678201862789365e+02
9835 2.974158402737071469e+02 1.385504157933860938e+02
9836 2.973916739003481666e+02 1.385330295411170027e+02
9837 2.973675135903416731e+02 1.385156614068168892e+02
9838 2.973433593366097512e+02 1.384983113678643747e+02
9839 2.973192111320851154e+02 1.384809794016695719e+02
9840 2.972950689697102007e+02 1.384636654856751363e+02
9841 2.972709328424384125e+02 1.384463695973560675e+02
9842 2.972468027432325357e+02 1.384290917142188277e+02
9843 2.972226786650662689e+02 1.384118318138027917e+02
9844 2.971985606009230310e+02 1.383945898736784557e+02
9845 2.971744485437964158e+02 1.383773658714488022e+02
9846 2.971503424866903629e+02 1.383601597847489018e+02
9847 2.971262424226187591e+02 1.383429715912451172e+02
9848 2.971021483446057232e+02 1.383258012686354448e+02
9849 2.970780602456854353e+02 1.383086487946505372e+02
9850 2.970539781189020232e+02 1.382915141470517710e+02
9851 2.970299019573096757e+02 1.382743973036326395e+02
9852 2.970058338796698081e+02 1.382308836171954454e+02
9853 2.969817813048128414e+02 1.381852871226192576e+02
9854 2.969577445885376505e+02 1.381397820289316769e+02
9855 2.969337236938461615e+02 1.380943680896938304e+02
9856 2.969097185838572273e+02 1.380490450592633636e+02
9857 2.968857292218066277e+02 1.380038126927897792e+02
9858 2.968617555710458191e+02 1.379586707462138122e+02
9859 2.968377975950420478e+02 1.379136189762629670e+02
9860 2.968138552573781226e+02 1.378686571404502672e+02
9861 2.967899285217509942e+02 1.378237849970700779e+02
9862 2.967660173519722093e+02 1.377790023051971673e+02
9863 2.967421217119673997e+02 1.377343088246823015e+02
9864 2.967182415657753722e+02 1.376897043161511931e+02
9865 2.966943768775479384e+02 1.376451885410001239e+02
9866 2.966705276115495167e+02 1.376007612613951210e+02
9867 2.966466937321568480e+02 1.375564222402682901e+02
9868 2.966228752038580296e+02 1.375121712413152295e+02
9869 2.965990719912529130e+02 1.374680080289927560e+02
9870 2.965752840590514552e+02 1.374239323685158070e+02
9871 2.965515113720748559e+02 1.373799440258562470e+02
9872 2.965277538952537952e+02 1.373360427677369557e+02
9873 2.965040115936287748e+02 1.372922283616340735e+02
9874 2.964802844323492081e+02 1.372485005757704641e+02
9875 2.964565723766734209e+02 1.372048591791149761e+02
9876 2.964328753919682526e+02 1.371613039413790034e+02
9877 2.964091934437080909e+02 1.371178346330150930e+02
9878 2.963855264974749275e+02 1.370744510252127384e+02
9879 2.963618745189580181e+02 1.370311528898982090e+02
9880 2.963382374739530860e+02 1.369879399997295479e+02
9881 2.963146153283622652e+02 1.369448121280955775e+02
9882 2.962910080481933051e+02 1.369017690491126871e+02
9883 2.962674155995600813e+02 1.368588105376232704e+02
9884 2.962438379486805502e+02 1.368159363691916042e+02
9885 2.962202750618781124e+02 1.367731463201035638e+02
9886 2.961967269055801353e+02 1.367304401673624170e+02
9887 2.961731934463178391e+02 1.366878176886862661e+02
9888 2.961496746507260127e+02 1.366452786625074509e+02
9889 2.961261704855424455e+02 1.366028228679674896e+02
9890 2.961026809176074721e+02 1.365604500849169938e+02
9891 2.960792059138640866e+02 1.365181600939123712e+02
9892 2.960557454413570895e+02 1.364759526762121880e+02
9893 2.960322994672322920e+02 1.364338276137769128e+02
9894 2.960088679587374259e+02 1.363917846892649948e+02
9895 2.959854508832204374e+02 1.363498236860310726e+02
9896 2.959620482081297723e+02 1.363079443881231327e+02
9897 2.959386599010140344e+02 1.362661465802807470e+02
9898 2.959152859295211897e+02 1.362244300479321168e+02
9899 2.958919262613985666e+02 1.361827945771918564e+02
9900 2.958685808644923441e+02 1.361412399548591452e+02
9901 2.958452497067473814e+02 1.360997659684144878e+02
9902 2.958219327562061380e+02 1.360583724060177246e+02
9903 2.957986299810094124e+02 1.360170590565061843e+02
9904 2.957753413493949779e+02 1.359758257093918701e+02
9905 2.957520668296977533e+02 1.359346721548586743e+02
9906 2.957288063903492343e+02 1.358935981837616680e+02
9907 2.957055599998774937e+02 1.358526035876222124e+02
9908 2.956823276269059875e+02 1.358116881586286979e+02
9909 2.956591092401542369e+02 1.357708516896313995e+02
9910 2.956359048084365782e+02 1.357300939741425623e+02
9911 2.956127143006626738e+02 1.356894148063320245e+02
9912 2.955895376858359214e+02 1.356488139810267342e+02
9913 2.955663749330544192e+02 1.356082912937075378e+02
9914 2.955432260115101144e+02 1.355678465405069915e+02
9915 2.955200908904879498e+02 1.355274795182072296e+02
9916 2.954969695393662619e+02 1.354871900242377194e+02
9917 2.954738619276159852e+02 1.354469778566731577e+02
9918 2.954507680248003112e+02 1.354068428142310268e+02
9919 2.954276878005746312e+02 1.353667846962689509e+02
9920 2.954046212246861955e+02 1.353268033027839294e+02
9921 2.953815682669729767e+02 1.352868984344081866e+02
9922 2.953585288973647494e+02 1.352470698924090584e+02
9923 2.953355030858814985e+02 1.352073174786844447e+02
9924 2.953124908026334197e+02 1.351676409957626674e+02
9925 2.952894920178209759e+02 1.351280402467997135e+02
9926 2.952665067017340448e+02 1.350885150355757673e+02
9927 2.952435348247521461e+02 1.350490651664955237e+02
9928 2.952205763573435320e+02 1.350096904445832706e+02
9929 2.951976312700650169e+02 1.349703906754832587e+02
9930 2.951746995335620340e+02 1.349311656654557225e+02
9931 2.951517811185677260e+02 1.348920152213756580e+02
9932 2.951288759959031722e+02 1.348529391507305206e+02
9933 2.951059841364765930e+02 1.348139372616178377e+02
9934 2.950831055112832360e+02 1.347750093627434467e+02
9935 2.950602400914050918e+02 1.347361552634191924e+02
9936 2.950373878480105532e+02 1.346973747735608526e+02
9937 2.950145487523539600e+02 1.346586677036861772e+02
9938 2.949917227757755427e+02 1.346200338649127275e+02
9939 2.949689098897008535e+02 1.345814730689554040e+02
9940 2.949461100656404255e+02 1.345429851281253093e+02
9941 2.949233232751897162e+02 1.345045698553265936e+02
9942 2.949005494900286521e+02 1.344662270640544932e+02
9943 2.948777886819214018e+02 1.344279565683955582e+02
9944 2.948550408227156368e+02 1.343897581830213710e+02
9945 2.948323058843430431e+02 1.343516317231906783e+02
9946 2.948095838388180709e+02 1.343135770047442179e+02
9947 2.947868746582385029e+02 1.342755938441054866e+02
9948 2.947641783147843171e+02 1.342376820582753965e+02
9949 2.947414947807181989e+02 1.341998414648337530e+02
9950 2.947188240283846312e+02 1.341620718819355034e+02
9951 2.946961660302098949e+02 1.341243731283078660e+02
9952 2.946735207587012724e+02 1.340867450232498186e+02
9953 2.946508881499387940e+02 1.340501901175674675e+02
9954 2.946282677151518783e+02 1.340150250285625191e+02
9955 2.946056591419660435e+02 1.339799257828069017e+02
9956 2.945830624050738038e+02 1.339448922101013295e+02
9957 2.945604774792420812e+02 1.339099241407930947e+02
9958 2.945379043393123197e+02 1.338750214057746177e+02
9959 2.945153429602002007e+02 1.338401838364825380e+02
9960 2.944927933168954723e+02 1.338054112648940759e+02
9961 2.944702553844616091e+02 1.337707035235266630e+02
9962 2.944477291380353563e+02 1.337360604454360100e+02
9963 2.944252145528268443e+02 1.337014818642121270e+02
9964 2.944027116041187355e+02 1.336669676139804324e+02
9965 2.943802202672663952e+02 1.336325175293974041e+02
9966 2.943577405176980051e+02 1.335981314456495284e+02
9967 2.943352723309130852e+02 1.335638091984529581e+02
9968 2.943128156824834036e+02 1.335295506240478289e+02
9969 2.942903705480522945e+02 1.334953555592012151e+02
9970 2.942679369033340890e+02 1.334612238412015301e+02
9971 2.942455147241144573e+02 1.334271553078575607e+02
9972 2.942231039862494981e+02 1.333931497974976139e+02
9973 2.942007046656662510e+02 1.333592071489675561e+02
9974 2.941783167383616160e+02 1.333253272016276583e+02
9975 2.941559401804025811e+02 1.332915097953515442e+02
9976 2.941335749679257674e+02 1.332577547705251106e+02
9977 2.941112210771376567e+02 1.332240619680438556e+02
9978 2.940888784843133408e+02 1.331904312293103487e+02
9979 2.940665471657973171e+02 1.331568623962344873e+02
9980 2.940442270980029207e+02 1.331233553112299717e+02
9981 2.940219182574111869e+02 1.330899098172128845e+02
9982 2.939996206205723865e+02 1.330565257576003546e+02
9983 2.939773341641039224e+02 1.330232029763083972e+02
9984 2.939550588646912956e+02 1.329899413177507768e+02
9985 2.939327946990873670e+02 1.329567406268354262e+02
9986 2.939105416441122998e+02 1.329236007489649865e+02
9987 2.938882996766532187e+02 1.328905215300336806e+02
9988 2.938660687736636419e+02 1.328575028164260630e+02
9989 2.938438489121642192e+02 1.328245444550148591e+02
9990 2.938216400692414254e+02 1.327916462931600847e+02
9991 2.937994422220475599e+02 1.327588081787059480e+02
9992 2.937772553478011446e+02 1.327260299599804512e+02
9993 2.937550794237859577e+02 1.326933114857927194e+02
9994 2.937329144273511474e+02 1.326606526054317499e+02
9995 2.937107603359108339e+02 1.326280531686655593e+02
9996 2.936886171269439387e+02 1.325955130257369774e+02
9997 2.936664847779942420e+02 1.325630320273648124e+02
9998 2.936443632666693020e+02 1.325306100247399570e+02
9999 2.936222525706414217e+02 1.324982468695253885e+02
10000 2.936001526676465119e+02 1.324659424138535826e+02
10001 2.935780635354838637e+02 1.324336965103248076e+02
10002 2.935559851520167172e+02 1.324015090120053344e+02
10003 2.935339174951710675e+02 1.323693797724272656e+02
10004 2.935118605429361764e+02 1.323373086455844998e+02
10005 2.934898142733636632e+02 1.323052954859327599e+02
10006 2.934677786645680726e+02 1.322733401483873763e+02
10007 2.934457536947262497e+02 1.322414424883220931e+02
10008 2.934237393420764874e+02 1.322096023615664535e+02
10009 2.934017355849196065e+02 1.321778196244059700e+02
10010 2.933797424016174773e+02 1.321460941335783161e+02
10011 2.933577597705940434e+02 1.321144257462728717e+02
10012 2.933357876703337865e+02 1.320828143201293585e+02
10013 2.933138260793825225e+02 1.320512597132359645e+02
10014 2.932918749763464916e+02 1.320197617841275530e+02
10015 2.932699343398926999e+02 1.319883203917840433e+02
10016 2.932480041487484073e+02 1.319569353956288751e+02
10017 2.932260843817009004e+02 1.319256066555279290e+02
10018 2.932041748543828135e+02 1.318980329776838403e+02
10019 2.931822740659004580e+02 1.318737757404397541e+02
10020 2.931603813281625435e+02 1.318495713521906509e+02
10021 2.931384966221579589e+02 1.318254196472152273e+02
10022 2.931166199289402243e+02 1.318013204604015129e+02
10023 2.930947512296272066e+02 1.317772736272453358e+02
10024 2.930728905054010625e+02 1.317532789838474798e+02
10025 2.930510377375075564e+02 1.317293363669108146e+02
10026 2.930291929072558332e+02 1.317054456137396414e+02
10027 2.930073559960188163e+02 1.316816065622351744e+02
10028 2.929855269852321271e+02 1.316578190508953696e+02
10029 2.929637058563942560e+02 1.316340829188117993e+02
10030 2.929418925910662210e+02 1.316103980056670366e+02
10031 2.929200871708714544e+02 1.315867641517325524e+02
10032 2.928982895774950634e+02 1.315631811978670953e+02
10033 2.928764997926841716e+02 1.315396489855139919e+02
10034 2.928547177982474636e+02 1.315161673566993272e+02
10035 2.928329435760550723e+02 1.314927361540287905e+02
10036 2.928111771080375547e+02 1.314693552206857419e+02
10037 2.927894183761866316e+02 1.314460244004309288e+02
10038 2.927676673625547323e+02 1.314227435375971709e+02
10039 2.927459240492543131e+02 1.313995124770894165e+02
10040 2.927241884184577430e+02 1.313763310643815032e+02
10041 2.927024604523974745e+02 1.313531991455146510e+02
10042 2.926807401333654752e+02 1.313301165670953310e+02
10043 2.926590274437128301e+02 1.313070831762922523e+02
10044 2.926373223658499114e+02 1.312840988208352258e+02
10045 2.926156248822459247e+02 1.312611633490118948e+02
10046 2.925939349754282262e+02 1.312382766096667979e+02
10047 2.925722526279832891e+02 1.312154384521990096e+02
10048 2.925505778225550557e+02 1.311926487265590424e+02
10049 2.925289105418458462e+02 1.311699072832480795e+02
10050 2.925072507686151084e+02 1.311472139733147344e+02
10051 2.924855984856803275e+02 1.311245686483540283e+02
10052 2.924639536759156613e+02 1.311019711605040357e+02
10053 2.924423163222525091e+02 1.310794213624455722e+02
10054 2.924206864076789429e+02 1.310569191073977322e+02
10055 2.923990639152395374e+02 1.310344642491183720e+02
10056 2.923774488280349146e+02 1.310120566419005002e+02
10057 2.923558411292221990e+02 1.309896961405700040e+02
10058 2.923342408020140510e+02 1.309673826004851094e+02
10059 2.923126478296787809e+02 1.309451158775328281e+02
10060 2.922910621955400643e+02 1.309228958281275368e+02
10061 2.922694838829767718e+02 1.309007223092098968e+02
10062 2.922479128754225712e+02 1.308785951782425627e+02
10063 2.922263491563661546e+02 1.308565142932103527e+02
10064 2.922047927093503290e+02 1.308344795126170936e+02
10065 2.921832435179724143e+02 1.308124906954843141e+02
10066 2.921617015658835044e+02 1.307905477013485438e+02
10067 2.921401668367892626e+02 1.307686503902602340e+02
10068 2.921186393144478188e+02 1.307467986227807160e+02
10069 2.920971189826717591e+02 1.307249922599809793e+02
10070 2.920756058253264769e+02 1.307032311634394262e+02
10071 2.920540998263302299e+02 1.306815151952405927e+02
10072 2.920326009696539700e+02 1.306598442179721644e+02
10073 2.920111092393216268e+02 1.306382180947234986e+02
10074 2.919896246194091987e+02 1.306166366890837764e+02
10075 2.919681470940447525e+02 1.305950998651406962e+02
10076 2.919466766474084238e+02 1.305736074874770338e+02
10077 2.919252132637320756e+02 1.305521594211696197e+02
10078 2.919037569272990709e+02 1.305307555317885146e+02
10079 2.918823076224439887e+02 1.305093956853926045e+02
10080 2.918608653335525673e+02 1.304880797485302537e+02
10081 2.918394300450616470e+02 1.304668075882358096e+02
10082 2.918180017414584881e+02 1.304455790720286359e+02
10083 2.917965804072809988e+02 1.304243940679103559e+02
10084 2.917751660271171659e+02 1.304032524443641705e+02
10085 2.917537585856055671e+02 1.303821540703515041e+02
10086 2.917323580674342338e+02 1.303610988153119195e+02
10087 2.917109644573408218e+02 1.303400865491596790e+02
10088 2.916895777401128385e+02 1.303191171422830905e+02
10089 2.916681979005871312e+02 1.302981904655418646e+02
10090 2.916468249236492056e+02 1.302773063902657498e+02
10091 2.916254587942337935e+02 1.302564647882527424e+02
10092 2.916040994973245120e+02 1.302356655317670402e+02
10093 2.915827470179530678e+02 1.302149084935371945e+02
10094 2.915614013411998258e+02 1.301941935467552867e+02
10095 2.915400624521932400e+02 1.301735205650728346e+02
10096 2.915187303361095701e+02 1.301528894226022430e+02
10097 2.914974049781731082e+02 1.301322999939124827e+02
10098 2.914760863636554404e+02 1.301117521540272435e+02
10099 2.914547744778757306e+02 1.300912457784264973e+02
10100 2.914334693062002088e+02 1.300707807430399328e+02
10101 2.914121708340421719e+02 1.300503569242489448e+02
10102 2.913908790468618122e+02 1.300299741988835649e+02
10103 2.913695939301658200e+02 1.300096324442202445e+02
10104 2.913483154695074404e+02 1.299893315379808314e+02
10105 2.913270436504861323e+02 1.299690713583306376e+02
10106 2.913057784587475680e+02 1.299488517838769042e+02
10107 2.912845198799832360e+02 1.299286726936669538e+02
10108 2.912632678999301561e+02 1.299085339671864006e+02
10109 2.912420225043713913e+02 1.298884354843574727e+02
10110 2.912207836791349109e+02 1.298683771255375916e+02
10111 2.911995514100939886e+02 1.298483587715172121e+02
10112 2.911783256831672588e+02 1.298283803035186281e+02
10113 2.911571064843174668e+02 1.298084416031941259e+02
10114 2.911358937995527185e+02 1.297885425526242784e+02
10115 2.911146876149253444e+02 1.297686830343163820e+02
10116 2.910934879165317284e+02 1.297488629312023534e+02
10117 2.910722946905127628e+02 1.297290821266378771e+02
10118 2.910511079230532800e+02 1.297093405044005863e+02
10119 2.910299276003816544e+02 1.296896379486878175e+02
10120 2.910087537087700866e+02 1.296699743441153032e+02
10121 2.909875862345340352e+02 1.296503495757158930e+02
10122 2.909664251640323300e+02 1.296307635289377913e+02
10123 2.909452704836668886e+02 1.296112160896421983e+02
10124 2.909241221798828292e+02 1.295917071441034807e+02
10125 2.909029802391675616e+02 1.295722365790054482e+02
10126 2.908818446480515263e+02 1.295528042814412970e+02
10127 2.908607153931071139e+02 1.295334101389110799e+02
10128 2.908395924609496319e+02 1.295140540393213087e+02
10129 2.908184758382359405e+02 1.294947358709816854e+02
10130 2.907973655116650775e+02 1.294754555226051025e+02
10131 2.907762614679778039e+02 1.294562128833052839e+02
10132 2.907551636939564901e+02 1.294370078425952784e+02
10133 2.907340721764251725e+02 1.294178402903867493e+02
10134 2.907129869022486446e+02 1.293987101169867060e+02
10135 2.906919078583335363e+02 1.293796172130974753e+02
10136 2.906708350316266660e+02 1.293605614698150248e+02
10137 2.906497684091162910e+02 1.293415427786264900e+02
10138 2.906287079778311409e+02 1.293225610314098333e+02
10139 2.906076537248404179e+02 1.293036161204312009e+02
10140 2.905866056372533990e+02 1.292847079383444395e+02
10141 2.905655637022200608e+02 1.292658363781889932e+02
10142 2.905445279069298863e+02 1.292470013333887380e+02
10143 2.905234982386126035e+02 1.292282026977497367e+02
10144 2.905024746845374466e+02 1.292094403654600399e+02
10145 2.904814572320132129e+02 1.291907142310874974e+02
10146 2.904604458683880921e+02 1.291720241895772290e+02
10147 2.904394405810498370e+02 1.291533701362527609e+02
10148 2.904184413574247969e+02 1.291347519668118196e+02
10149 2.903974481849786571e+02 1.291161695773263887e+02
10150 2.903764610512156992e+02 1.290976228642414583e+02
10151 2.903554799436789153e+02 1.290791117243725807e+02
10152 2.903345048499498375e+02 1.290606360549049327e+02
10153 2.903135357576483671e+02 1.290421957533919510e+02
10154 2.902925726544323766e+02 1.290237907177539114e+02
10155 2.902716155279980512e+02 1.290054208462762233e+02
10156 2.902506643660793770e+02 1.289870860376084352e+02
10157 2.902297191564481409e+02 1.289687861907627848e+02
10158 2.902087798869138169e+02 1.289505212051117553e+02
10159 2.901878465453230547e+02 1.289322909803886148e+02
10160 2.901669191195600206e+02 1.289140954166838640e+02
10161 2.901459975975463408e+02 1.288959344144458612e+02
10162 2.901250819672401349e+02 1.288778078744777815e+02
10163 2.901041722166368686e+02 1.288597156979373892e+02
10164 2.900832683337683875e+02 1.288416577863351336e+02
10165 2.900623703067035422e+02 1.288236340415327277e+02
10166 2.900414781235473924e+02 1.288056443657418981e+02
10167 2.900205917724413780e+02 1.287876886615231058e+02
10168 2.899997112415631477e+02 1.287697668317841249e+02
10169 2.899788365191263892e+02 1.287518787797789344e+02
10170 2.899579675933808858e+02 1.287340244091057855e+02
10171 2.899371044526119476e+02 1.287162036237064058e+02
10172 2.899162470851405828e+02 1.286984163278644644e+02
10173 2.898953954793233834e+02 1.286806624262039804e+02
10174 2.898745496235521273e+02 1.286629418236888966e+02
10175 2.898537095062541198e+02 1.286452544256206920e+02
10176 2.898328751158916816e+02 1.286276001376375291e+02
10177 2.898120464409618648e+02 1.286099788657128897e+02
10178 2.897912234699967939e+02 1.285923905161548646e+02
10179 2.897704061915633815e+02 1.285748349956037089e+02
10180 2.897495945942625895e+02 1.285573122110313591e+02
10181 2.897287886667303951e+02 1.285398220697398699e+02
10182 2.897079883976367682e+02 1.285223644793603057e+02
10183 2.896871937756861257e+02 1.285049393478513196e+02
10184 2.896664047896164220e+02 1.284875465834981867e+02
10185 2.896456214282000587e+02 1.284701860949105026e+02
10186 2.896248436802429751e+02 1.284528577910228364e+02
10187 2.896040715345847048e+02 1.284355615810910365e+02
10188 2.895833049800984895e+02 1.284182973746933385e+02
10189 2.895625440056908246e+02 1.284010650817274950e+02
10190 2.895417886003014587e+02 1.283838646124102638e+02
10191 2.895210387529035643e+02 1.283666958772759585e+02
10192 2.895002944525027146e+02 1.283495587871749422e+02
10193 2.894795556881384186e+02 1.283324532532732860e+02
10194 2.894588224488817900e+02 1.283153791870503255e+02
10195 2.894380947238373665e+02 1.282983365002989160e+02
10196 2.894173725021419727e+02 1.282813251051222210e+02
10197 2.893966557729647207e+02 1.282643449139347069e+02
10198 2.893759445255072933e+02 1.282473958394595286e+02
10199 2.893552387490031492e+02 1.282304777947270509e+02
10200 2.893345384327179772e+02 1.282135906930754743e+02
10201 2.893138435659496963e+02 1.281967344481471400e+02
10202 2.892931541380274325e+02 1.281799089738903490e+02
10203 2.892724701383122579e+02 1.281631141845547859e+02
10204 2.892517915561968493e+02 1.281463499946927982e+02
10205 2.892311183811054320e+02 1.281296163191577193e+02
10206 2.892104506024930970e+02 1.281129130731019359e+02
10207 2.891897882098466539e+02 1.280962401719763477e+02
10208 2.891691311926834942e+02 1.280795975315297994e+02
10209 2.891484795405524437e+02 1.280629850678056982e+02
10210 2.891278332430330238e+02 1.280464026971443445e+02
10211 2.891071922897353375e+02 1.280298503361782707e+02
10212 2.890865566703001832e+02 1.280133279018330654e+02
10213 2.890659263743988276e+02 1.279968353113264214e+02
10214 2.890453013917331759e+02 1.279803724821656630e+02
10215 2.890246817120349192e+02 1.279639393321479020e+02
10216 2.890040673250665577e+02 1.279475357793580343e+02
10217 2.889834582206199798e+02 1.279311617421680580e+02
10218 2.889628543885173713e+02 1.279148171392362201e+02
10219 2.889422558186107040e+02 1.278985018895047574e+02
10220 2.889216625007816219e+02 1.278822159122003512e+02
10221 2.889010744249414415e+02 1.278659591268319957e+02
10222 2.888804915810307534e+02 1.278497314531901594e+02
10223 2.888599139590198774e+02 1.278335328113455773e+02
10224 2.888393415489080098e+02 1.278173631216482562e+02
10225 2.888187743407237349e+02 1.278012223047268918e+02
10226 2.887982123245247976e+02 1.277851102814866238e+02
10227 2.887776554903974784e+02 1.277690269731093338e+02
10228 2.887571038284574456e+02 1.277529723010511162e+02
10229 2.887365573288485621e+02 1.277369461870427187e+02
10230 2.887160159817437943e+02 1.277209485530875099e+02
10231 2.886954797773441328e+02 1.277049793214604279e+02
10232 2.886749487058793306e+02 1.276890384147072979e+02
10233 2.886544227576073354e+02 1.276731257556435395e+02
10234 2.886339019228144025e+02 1.276572412673533705e+02
10235 2.886133861918144703e+02 1.276413848731885565e+02
10236 2.885928755549501830e+02 1.276255564967675014e+02
10237 2.885723700025914127e+02 1.276097560619738118e+02
10238 2.885518695251358849e+02 1.275939834929558145e+02
10239 2.885313741130095195e+02 1.275782387141253622e+02
10240 2.885108837566653506e+02 1.275625216501568246e+02
10241 2.884903984465839812e+02 1.275468322259854119e+02
10242 2.884699181732734132e+02 1.275311703668076717e+02
10243 2.884494429272687626e+02 1.275155359980786898e+02
10244 2.884289726991328280e+02 1.274999290455123315e+02
10245 2.884085074794547268e+02 1.274843494350799205e+02
10246 2.883880472588513726e+02 1.274687970930090870e+02
10247 2.883675920279657134e+02 1.274532719457827596e+02
10248 2.883471417774679821e+02 1.274377739201383832e+02
10249 2.883266964980552984e+02 1.274223029430667680e+02
10250 2.883062561804505890e+02 1.274068589418111230e+02
10251 2.882858208154039517e+02 1.273914418438660903e+02
10252 2.882653903936916322e+02 1.273760515769772610e+02
10253 2.882449649061159676e+02 1.273606880691387602e+02
10254 2.882245443435058974e+02 1.273453512485943975e+02
10255 2.882041286967160545e+02 1.273300410438344841e+02
10256 2.881837179566272766e+02 1.273147573835967847e+02
10257 2.881633121141462084e+02 1.272995001968642441e+02
10258 2.881429111602054718e+02 1.272842694128645320e+02
10259 2.881225150857632116e+02 1.272690649610694749e+02
10260 2.881021238818032657e+02 1.272538867711934074e+02
10261 2.880817375393347106e+02 1.272387347731924336e+02
10262 2.880613560493928276e+02 1.272236088972637731e+02
10263 2.880409794030372836e+02 1.272085090738447235e+02
10264 2.880206075913535528e+02 1.271934352336111544e+02
10265 2.880002406054522908e+02 1.271783873074779478e+02
10266 2.879798784364688800e+02 1.271633652265963264e+02
10267 2.879595210755639414e+02 1.271483689223545639e+02
10268 2.879391685139228230e+02 1.271333983263758398e+02
10269 2.879188207427557700e+02 1.271184533705177273e+02
10270 2.878984777532975841e+02 1.271035339868716250e+02
10271 2.878781395368078506e+02 1.270886401077618189e+02
10272 2.878578060845704840e+02 1.270737716657437915e+02
10273 2.878374773878940687e+02 1.270589285936043353e+02
10274 2.878171534381112338e+02 1.270441108243600752e+02
10275 2.877968342265789943e+02 1.270293182912566863e+02
10276 2.877765197446788079e+02 1.270145509277678855e+02
10277 2.877562099838155518e+02 1.269998086675952322e+02
10278 2.877359049354186595e+02 1.269850914446659971e+02
10279 2.877156045909413251e+02 1.269703991931333462e+02
10280 2.876953089415461591e+02 1.269557398488571636e+02
10281 2.876750179755031809e+02 1.269411136396759758e+02
10282 2.876547316826702172e+02 1.269265122464460376e+02
10283 2.876344500545833966e+02 1.269119356042401563e+02
10284 2.876141730828019831e+02 1.268973836483512230e+02
10285 2.875939007589091716e+02 1.268828563142921269e+02
10286 2.875736330745110081e+02 1.268683535377937659e+02
10287 2.875533700212369013e+02 1.268538752548056294e+02
10288 2.875331115907395088e+02 1.268394214014935670e+02
10289 2.875128577746942824e+02 1.268249919142400870e+02
10290 2.874926085647998661e+02 1.268105867296427647e+02
10291 2.874723639527775845e+02 1.267962057845136172e+02
10292 2.874521239303718971e+02 1.267818490158788904e+02
10293 2.874318884893495465e+02 1.267675163609766997e+02
10294 2.874116576215000691e+02 1.267532077572584512e+02
10295 2.873914313186356821e+02 1.267389231423853886e+02
10296 2.873712095725910558e+02 1.267246624542302840e+02
10297 2.873509923752231998e+02 1.267104256308749939e+02
10298 2.873307797184111791e+02 1.266962126106100186e+02
10299 2.873105715940567961e+02 1.266820233319344311e+02
10300 2.872903679940836241e+02 1.266678577335538591e+02
10301 2.872701689104375760e+02 1.266537157543806131e+02
10302 2.872499743350862218e+02 1.266395973335323930e+02
10303 2.872297842600194713e+02 1.266255024103319613e+02
10304 2.872095986772486071e+02 1.266114309243057789e+02
10305 2.871894175788070811e+02 1.265973828151839342e+02
10306 2.871692409567499453e+02 1.265833580228987785e+02
10307 2.871490688031535115e+02 1.265693564875839456e+02
10308 2.871289011101161464e+02 1.265553781495741958e+02
10309 2.871087378697571353e+02 1.265414229494047618e+02
10310 2.870885790742176482e+02 1.265274908278096007e+02
10311 2.870684247156600009e+02 1.265135817257218491e+02
10312 2.870482747862674842e+02 1.264996955842719615e+02
10313 2.870281292782447622e+02 1.264858323447876103e+02
10314 2.870079881838175879e+02 1.264719919487930184e+02
10315 2.869878514952325190e+02 1.264581743380072822e+02
10316 2.869677192047573158e+02 1.264443794543448831e+02
10317 2.869475913046804294e+02 1.264306072399141101e+02
10318 2.869274677873110022e+02 1.264168576370168324e+02
10319 2.869073486449792085e+02 1.264031305881469933e+02
10320 2.868872338700354589e+02 1.263894260359901835e+02
10321 2.868671234548510824e+02 1.263757439234239541e+02
10322 2.868470173918177011e+02 1.263620841935153862e+02
10323 2.868269156733471732e+02 1.263484467895214465e+02
10324 2.868068182918721618e+02 1.263348316548883048e+02
10325 2.867867252398452251e+02 1.263212387332496434e+02
10326 2.867666365097392145e+02 1.263076679684268129e+02
10327 2.867465520940472743e+02 1.262941193044281079e+02
10328 2.867264719852823305e+02 1.262805926854474734e+02
10329 2.867063961759775452e+02 1.262670880558645763e+02
10330 2.866863246586856917e+02 1.262536053602429575e+02
10331 2.866662574259800067e+02 1.262401445433311125e+02
10332 2.866461944704527127e+02 1.262267055500592221e+02
10333 2.866261357847162685e+02 1.262132883255412708e+02
10334 2.866060813614026870e+02 1.261998928150723174e+02
10335 2.865860311931634214e+02 1.261865189641286378e+02
10336 2.865659852726695931e+02 1.261731667183666872e+02
10337 2.865459435926115361e+02 1.261598360236227023e+02
10338 2.865259061456991958e+02 1.261465268259123178e+02
10339 2.865058729246617304e+02 1.261332390714287897e+02
10340 2.864858439222475681e+02 1.261199727065433933e+02
10341 2.864658191312240092e+02 1.261067276778042299e+02
10342 2.864457985443779648e+02 1.260935039319358140e+02
10343 2.864257821545149341e+02 1.260803014158379227e+02
10344 2.864057699544596289e+02 1.260671200765854394e+02
10345 2.863857619370555767e+02 1.260539598614277850e+02
10346 2.863657580951651767e+02 1.260408207177873692e+02
10347 2.863457584216695295e+02 1.260277025932598320e+02
10348 2.863257629094686649e+02 1.260146054356132908e+02
10349 2.863057715514807455e+02 1.260015291927868333e+02
10350 2.862857843406430902e+02 1.259884738128911152e+02
10351 2.862658012699113783e+02 1.259754392442069957e+02
10352 2.862458223322592517e+02 1.259624254351844996e+02
10353 2.862258475206794515e+02 1.259494323344430455e+02
10354 2.862058768281826246e+02 1.259364598907704789e+02
10355 2.861859102477977785e+02 1.259235080531218927e+02
10356 2.861659477725719398e+02 1.259105767706199401e+02
10357 2.861459893955705525e+02 1.258976659925533568e+02
10358 2.861260351098770229e+02 1.258847756683768324e+02
10359 2.861060849085927202e+02 1.258719057477100165e+02
10360 2.860861387848369191e+02 1.258590561803373902e+02
10361 2.860661967317468566e+02 1.258462269162072289e+02
10362 2.860462587424776189e+02 1.258334179054309061e+02
10363 2.860263248102019134e+02 1.258206290982827653e+02
10364 2.860063949281101827e+02 1.258078604451986280e+02
10365 2.859864690894107753e+02 1.257951118967762767e+02
10366 2.859665472873291492e+02 1.257823834037741619e+02
10367 2.859466295151086683e+02 1.257696749171108195e+02
10368 2.859267157660099201e+02 1.257569863878644014e+02
10369 2.859068060333111134e+02 1.257443177672720509e+02
10370 2.858869003103075102e+02 1.257316690067292058e+02
10371 2.858669985903118800e+02 1.257190400577891580e+02
10372 2.858471008666541024e+02 1.257064308721625849e+02
10373 2.858272071326812807e+02 1.256938414017159857e+02
10374 2.858073173817575139e+02 1.256812715984726907e+02
10375 2.857874316072641818e+02 1.256687214146108431e+02
10376 2.857675498025992624e+02 1.256561908024635983e+02
10377 2.857476719611779572e+02 1.256436797145184983e+02
10378 2.857277980764325207e+02 1.256311881034162639e+02
10379 2.857079281418114078e+02 1.256187159219509226e+02
10380 2.856880621507802402e+02 1.256062631230687430e+02
10381 2.856682000968215220e+02 1.255938296598683053e+02
10382 2.856483419734338440e+02 1.255814154855988392e+02
10383 2.856284877741329638e+02 1.255690205536607920e+02
10384 2.856086374924507254e+02 1.255566448176046492e+02
10385 2.855887911219356852e+02 1.255442882311305084e+02
10386 2.855689486561527133e+02 1.255319507480873824e+02
10387 2.855491100886832214e+02 1.255196323224724892e+02
10388 2.855292754131244806e+02 1.255073329084315077e+02
10389 2.855094446230906442e+02 1.254950524602570283e+02
10390 2.854896177122114977e+02 1.254827909323885109e+02
10391 2.854697946741333681e+02 1.254705482794115170e+02
10392 2.854499755025183845e+02 1.254583244560572979e+02
10393 2.854301601910448767e+02 1.254461194172027092e+02
10394 2.854103487334071474e+02 1.254339331178685057e+02
10395 2.853905411233153018e+02 1.254217655132195262e+02
10396 2.853707373544954748e+02 1.254096165585643234e+02
10397 2.853509374206895473e+02 1.253974862093546108e+02
10398 2.853311413156550316e+02 1.253853744211835277e+02
10399 2.853113490331652997e+02 1.253732811497870756e+02
10400 2.852915605670095260e+02 1.253612063510421564e+02
10401 2.852717759109922326e+02 1.253491499809665299e+02
10402 2.852519950589335167e+02 1.253371119957177910e+02
10403 2.852322180046691642e+02 1.253250923515939803e+02
10404 2.852124447420501383e+02 1.253130910050317368e+02
10405 2.851926752649430910e+02 1.253011079126065965e+02
10406 2.851729095672298513e+02 1.252891430310322107e+02
10407 2.851531476428075393e+02 1.252771963171597491e+02
10408 2.851333894855886228e+02 1.252652677279776725e+02
10409 2.851136350895008036e+02 1.252533572206110364e+02
10410 2.850938844484865626e+02 1.252414647523203968e+02
10411 2.850741375565039561e+02 1.252295902805028192e+02
10412 2.850543944075256491e+02 1.252177337626895053e+02
10413 2.850346549955397109e+02 1.252058951565468732e+02
10414 2.850149193145488198e+02 1.251940744198748803e+02
10415 2.849951873585707744e+02 1.251822715106073218e+02
10416 2.849754591216379822e+02 1.251704863868106798e+02
10417 2.849557345977980276e+02 1.251587190066846631e+02
10418 2.849360137811127061e+02 1.251469693285602318e+02
10419 2.849162966656589902e+02 1.251352373109000666e+02
10420 2.848965832455282339e+02 1.251235229122982417e+02
10421 2.848768735148264000e+02 1.251118260914788323e+02
10422 2.848571674676742305e+02 1.251001468072963263e+02
10423 2.848374650982065646e+02 1.250884850187347865e+02
10424 2.848177664005731913e+02 1.250768406849072676e+02
10425 2.847980713311483214e+02 1.250661474571234351e+02
10426 2.847783795226661141e+02 1.250563544481274363e+02
10427 2.847586907965609271e+02 1.250465792607106010e+02
10428 2.847390051469835726e+02 1.250368218519584076e+02
10429 2.847193225680995283e+02 1.250270821790874436e+02
10430 2.846996430540892788e+02 1.250173601994459176e+02
10431 2.846799665991480879e+02 1.250076558705116838e+02
10432 2.846602931974854869e+02 1.249979691498931089e+02
10433 2.846406228433261276e+02 1.249882999953277505e+02
10434 2.846209555309089865e+02 1.249786483646824422e+02
10435 2.846012912544874212e+02 1.249690142159524413e+02
10436 2.845816300083296255e+02 1.249593975072612722e+02
10437 2.845619717867181180e+02 1.249497981968600726e+02
10438 2.845423165839496278e+02 1.249402162431266703e+02
10439 2.845226643943353793e+02 1.249306516045665063e+02
10440 2.845030152122008076e+02 1.249211042398102904e+02
10441 2.844833690318857293e+02 1.249115741076152943e+02
10442 2.844637258477441151e+02 1.249020611668638878e+02
10443 2.844440856541439189e+02 1.248925653765629988e+02
10444 2.844244484454674193e+02 1.248830866958443551e+02
10445 2.844048142161111059e+02 1.248736250839636313e+02
10446 2.843851829604850536e+02 1.248641805002995540e+02
10447 2.843655546730136621e+02 1.248547529043546405e+02
10448 2.843459293481352574e+02 1.248453422557535220e+02
10449 2.843263069803016947e+02 1.248359485142430003e+02
10450 2.843066875639792670e+02 1.248265716396920624e+02
10451 2.842870710936475689e+02 1.248172115920905298e+02
10452 2.842674575638001784e+02 1.248078683315491730e+02
10453 2.842478469689443159e+02 1.247985418182993698e+02
10454 2.842282393036009012e+02 1.247892320126922101e+02
10455 2.842086345623044394e+02 1.247799388751985958e+02
10456 2.841890327396032490e+02 1.247706623664083878e+02
10457 2.841694338300588356e+02 1.247614024470300365e+02
10458 2.841498378282463477e+02 1.247521590778903828e+02
10459 2.841302447287545760e+02 1.247429322199342465e+02
10460 2.841106545261853853e+02 1.247337218342236866e+02
10461 2.840910672151541689e+02 1.247245278819374050e+02
10462 2.840714827902899060e+02 1.247153503243711583e+02
10463 2.840519012462343653e+02 1.247061891229366921e+02
10464 2.840323225776427876e+02 1.246970442391612579e+02
10465 2.840127467791838853e+02 1.246879156346878830e+02
10466 2.839931738455390473e+02 1.246788032712737646e+02
10467 2.839736037714031340e+02 1.246697071107912933e+02
10468 2.839540365514839664e+02 1.246606271152261911e+02
10469 2.839344721805022118e+02 1.246515632466785917e+02
10470 2.839149106531919529e+02 1.246425154673613775e+02
10471 2.838953519642998913e+02 1.246334837396000808e+02
10472 2.838757961085857460e+02 1.246244680258333375e+02
10473 2.838562430808220256e+02 1.246154682886109555e+02
10474 2.838366928757943128e+02 1.246064844905951787e+02
10475 2.838171454883008096e+02 1.245975165945587264e+02
10476 2.837976009131522233e+02 1.245885645633857308e+02
10477 2.837780591451725059e+02 1.245796283600701031e+02
10478 2.837585201791979443e+02 1.245707079477165848e+02
10479 2.837389840100772176e+02 1.245618032895388296e+02
10480 2.837194506326723058e+02 1.245529143488599857e+02
10481 2.836999200418571832e+02 1.245440410891121417e+02
10482 2.836803922325182157e+02 1.245351834738356587e+02
10483 2.836608671995549571e+02 1.245263414666789288e+02
10484 2.836413449378785572e+02 1.245175150313984460e+02
10485 2.836218254424131828e+02 1.245087041318572147e+02
10486 2.836023087080951086e+02 1.244999087320257587e+02
10487 2.835827947298727736e+02 1.244911287959811119e+02
10488 2.835632835027073497e+02 1.244823642879057957e+02
10489 2.835437750215717188e+02 1.244736151720891542e+02
10490 2.835242692814513248e+02 1.244648814129248677e+02
10491 2.835047662773437196e+02 1.244561629749122886e+02
10492 2.834852660042584489e+02 1.244474598226550910e+02
10493 2.834657684572173366e+02 1.244387719208613987e+02
10494 2.834462736312540869e+02 1.244300992343429755e+02
10495 2.834267815214144548e+02 1.244214417280153242e+02
10496 2.834072921227564734e+02 1.244127993668969481e+02
10497 2.833878054303496015e+02 1.244041721161093648e+02
10498 2.833683214392754053e+02 1.243955599408759838e+02
10499 2.833488401446276157e+02 1.243869628065228454e+02
10500 2.833293615415115028e+02 1.243783806784774413e+02
10501 2.833098856250441600e+02 1.243698135222682737e+02
10502 2.832904123903543905e+02 1.243612613035252679e+02
10503 2.832709418325828210e+02 1.243527239879789619e+02
10504 2.832514739468818448e+02 1.243442015414596113e+02
10505 2.832320087284152237e+02 1.243356939298979142e+02
10506 2.832125461723587705e+02 1.243272011193238455e+02
10507 2.831930862738993255e+02 1.243187230758664725e+02
10508 2.831736290282357800e+02 1.243102597657540258e+02
10509 2.831541744305782231e+02 1.243018111553128193e+02
10510 2.831347224761483403e+02 1.242933772109675346e+02
10511 2.831152731601791857e+02 1.242849578992406094e+02
10512 2.830958264779152387e+02 1.242765531867518547e+02
10513 2.830763824246125751e+02 1.242681630402180417e+02
10514 2.830569409955380706e+02 1.242597874264531015e+02
10515 2.830375021859703111e+02 1.242514263123669309e+02
10516 2.830180659911993075e+02 1.242430796649655491e+02
10517 2.829986324065257008e+02 1.242347474513510974e+02
10518 2.829792014272618985e+02 1.242264296387206599e+02
10519 2.829597730487311651e+02 1.242181261943664055e+02
10520 2.829403472662679064e+02 1.242098370856755452e+02
10521 2.829209240752177266e+02 1.242015622801292807e+02
10522 2.829015034709373140e+02 1.241933017453031738e+02
10523 2.828820854487942711e+02 1.241850554488662226e+02
10524 2.828626700041671711e+02 1.241768233585809185e+02
10525 2.828432571324458422e+02 1.241686054423028480e+02
10526 2.828238468290305150e+02 1.241604016679804232e+02
10527 2.828044390893327318e+02 1.241522120036540855e+02
10528 2.827850339087747216e+02 1.241440364174568884e+02
10529 2.827656312827896272e+02 1.241358748776130483e+02
10530 2.827462312068213350e+02 1.241277273524388391e+02
10531 2.827268336763245316e+02 1.241195938103409020e+02
10532 2.827074386867645330e+02 1.241114742198174667e+02
10533 2.826880462336174560e+02 1.241033685494565333e+02
10534 2.826686563123699898e+02 1.240952767679366389e+02
10535 2.826492689185196241e+02 1.240871988440260907e+02
10536 2.826298840475741372e+02 1.240791347465825396e+02
10537 2.826105016950522781e+02 1.240710844445532786e+02
10538 2.825911218564830278e+02 1.240630479069739494e+02
10539 2.825717445274058832e+02 1.240550251029691395e+02
10540 2.825523697033710278e+02 1.240470160017516719e+02
10541 2.825329973799388199e+02 1.240390205726220927e+02
10542 2.825136275526802478e+02 1.240310387849687146e+02
10543 2.824942602171767021e+02 1.240230706082675027e+02
10544 2.824748953690195776e+02 1.240151160120812222e+02
10545 2.824555330038108991e+02 1.240071749660591394e+02
10546 2.824361731171629799e+02 1.239992474399372924e+02
10547 2.824168157046981378e+02 1.239913334035377233e+02
10548 2.823974607620492066e+02 1.239834328267684498e+02
10549 2.823781082848591950e+02 1.239755456796227691e+02
10550 2.823587582687808890e+02 1.239676719321795417e+02
10551 2.823394107094776473e+02 1.239598115546020978e+02
10552 2.823200656026227193e+02 1.239519645171388476e+02
10553 2.823007229438995864e+02 1.239441307901226708e+02
10554 2.822813827290013933e+02 1.239363103439698648e+02
10555 2.822620449536318574e+02 1.239285031491807985e+02
10556 2.822427096135041893e+02 1.239207091763398552e+02
10557 2.822233767043418879e+02 1.239129283961137418e+02
10558 2.822040462218781727e+02 1.239051607792524692e+02
10559 2.821847181618560398e+02 1.238974062965887839e+02
10560 2.821653925200287745e+02 1.238896649190375001e+02
10561 2.821460692921592113e+02 1.238819366175956418e+02
10562 2.821267484740199620e+02 1.238742213633419169e+02
10563 2.821074300613935861e+02 1.238665191274363337e+02
10564 2.820881140500721358e+02 1.238588298811204282e+02
10565 2.820688001989171880e+02 1.238548423795639906e+02
10566 2.820494874784494641e+02 1.238516507520533168e+02
10567 2.820301757529917950e+02 1.238484633048108208e+02
10568 2.820108650212159773e+02 1.238452800279440567e+02
10569 2.819915552817966500e+02 1.238421009115913876e+02
10570 2.819722465334117487e+02 1.238389259459222274e+02
10571 2.819529387747423357e+02 1.238357551211367564e+02
10572 2.819336320044725426e+02 1.238325884274656516e+02
10573 2.819143262212896843e+02 1.238294258551702285e+02
10574 2.818950214238844296e+02 1.238262673945424837e+02
10575 2.818757176109503462e+02 1.238231130359044840e+02
10576 2.818564147811839007e+02 1.238199627696086225e+02
10577 2.818371129332851979e+02 1.238168165860376035e+02
10578 2.818178120659570141e+02 1.238136744756040031e+02
10579 2.817985121779054225e+02 1.238105364287505097e+02
10580 2.817792132678394523e+02 1.238074024359494274e+02
10581 2.817599153344712590e+02 1.238042724877030025e+02
10582 2.817406183765159540e+02 1.238011465745432389e+02
10583 2.817213223926919454e+02 1.237980246870313863e+02
10584 2.817020273817205407e+02 1.237949068157582673e+02
10585 2.816827333423257187e+02 1.237917929513441493e+02
10586 2.816634402732349258e+02 1.237886830844384605e+02
10587 2.816441481731787349e+02 1.237855772057197754e+02
10588 2.816248570408902197e+02 1.237824753058957441e+02
10589 2.816055668751058079e+02 1.237793773757029214e+02
10590 2.815862776745645419e+02 1.237762834059068240e+02
10591 2.815669894380089886e+02 1.237731933873016743e+02
10592 2.815477021641841588e+02 1.237701073107102161e+02
10593 2.815284158518382469e+02 1.237670251669839701e+02
10594 2.815091304997224029e+02 1.237639469470028786e+02
10595 2.814898461065906190e+02 1.237608726416750642e+02
10596 2.814705626711997866e+02 1.237578022419372274e+02
10597 2.814512801923099232e+02 1.237547357387539932e+02
10598 2.814319986686837183e+02 1.237516731231181808e+02
10599 2.814127180990868169e+02 1.237486143860505194e+02
10600 2.813934384822878769e+02 1.237455595185998050e+02
10601 2.813741598170581710e+02 1.237425085118424732e+02
10602 2.813548821021721551e+02 1.237394613568826571e+02
10603 2.813356053364068430e+02 1.237364180448522148e+02
10604 2.813163295185422612e+02 1.237333785669104600e+02
10605 2.812970546473613354e+02 1.237303429142440478e+02
10606 2.812777807216497195e+02 1.237273110780672027e+02
10607 2.812585077401959097e+02 1.237242830496210928e+02
10608 2.812392357017911309e+02 1.237212588201741994e+02
10609 2.812199646052296202e+02 1.237182383810220614e+02
10610 2.812006944493081733e+02 1.237152217234871046e+02
10611 2.811814252328265979e+02 1.237122088389187269e+02
10612 2.811621569545873740e+02 1.237091997186931280e+02
10613 2.811428896133956528e+02 1.237061943542129399e+02
10614 2.811236232080594277e+02 1.237031927369077096e+02
10615 2.811043577373897051e+02 1.237001948582333597e+02
10616 2.810850932001997649e+02 1.236972007096721882e+02
10617 2.810658295953057859e+02 1.236942102827329251e+02
10618 2.810465669215270168e+02 1.236912235689504342e+02
10619 2.810273051776849229e+02 1.236882405598858696e+02
10620 2.810080443626040392e+02 1.236852612471263342e+02
10621 2.809887844751114017e+02 1.236822856222849225e+02
10622 2.809695255140367749e+02 1.236793136770007493e+02
10623 2.809502674782125382e+02 1.236763454029385088e+02
10624 2.809310103664741405e+02 1.236733807917887873e+02
10625 2.809117541776590201e+02 1.236704198352677366e+02
10626 2.808924989106080830e+02 1.236674625251170738e+02
10627 2.808732445641641675e+02 1.236645088531038539e+02
10628 2.808539911371731819e+02 1.236615588110207540e+02
10629 2.808347386284834784e+02 1.236586123906854056e+02
10630 2.808154870369461946e+02 1.236556695839409770e+02
10631 2.807962363614147421e+02 1.236527303826554913e+02
10632 2.807769866007455448e+02 1.236497947787220824e+02
10633 2.807577377537974712e+02 1.236468627640587954e+02
10634 2.807384898194320613e+02 1.236439343306086869e+02
10635 2.807192427965132424e+02 1.236410094703393980e+02
10636 2.806999966839076137e+02 1.236380881752434107e+02
10637 2.806807514804844459e+02 1.236351704373376350e+02
10638 2.806615071851155108e+02 1.236322562486636656e+02
10639 2.806422637966750244e+02 1.236293456012875680e+02
10640 2.806230213140400451e+02 1.236264384872995663e+02
10641 2.806037797360897343e+02 1.236235348988142846e+02
10642 2.805845390617060389e+02 1.236206348279705480e+02
10643 2.805652992897736340e+02 1.236177382669313971e+02
10644 2.805460604191791845e+02 1.236148452078835902e+02
10645 2.805268224488123678e+02 1.236119556430382289e+02
10646 2.805075853775651353e+02 1.236090695646300048e+02
10647 2.804883492043318824e+02 1.236061869649174696e+02
10648 2.804691139280095626e+02 1.236033078361829496e+02
10649 2.804498795474976305e+02 1.236004321707323044e+02
10650 2.804306460616978711e+02 1.235975599608949693e+02
10651 2.804114134695146845e+02 1.235946911990239840e+02
10652 2.803921817698550853e+02 1.235918258774955660e+02
10653 2.803729509616278506e+02 1.235889639887093523e+02
10654 2.803537210437449971e+02 1.235861055250882572e+02
10655 2.803344920151207020e+02 1.235832504790782167e+02
10656 2.803152638746713023e+02 1.235803988431483020e+02
10657 2.802960366213158068e+02 1.235775506097907197e+02
10658 2.802768102539756114e+02 1.235747057715204846e+02
10659 2.802575847715743862e+02 1.235718643208752638e+02
10660 2.802383601730384726e+02 1.235690262504157886e+02
10661 2.802191364572962016e+02 1.235661915527254280e+02
10662 2.801999136232786327e+02 1.235633602204100043e+02
10663 2.801806916699190424e+02 1.235605322460980773e+02
10664 2.801614705961529239e+02 1.235577076224403754e+02
10665 2.801422504009183854e+02 1.235548863421103931e+02
10666 2.801230310831558654e+02 1.235520683978036800e+02
10667 2.801038126418079628e+02 1.235492537822380683e+02
10668 2.800845950758196636e+02 1.235464424881535592e+02
10669 2.800653783841385689e+02 1.235436345083122376e+02
10670 2.800461625657140985e+02 1.235408298354982009e+02
10671 2.800269476194984009e+02 1.235380284625175307e+02
10672 2.800077335444456139e+02 1.235352303821981081e+02
10673 2.799885203395125473e+02 1.235324355873895570e+02
10674 2.799693080036579431e+02 1.235296440709633146e+02
10675 2.799500965358428743e+02 1.235268558258123619e+02
10676 2.799308859350311991e+02 1.235240708448514795e+02
10677 2.799116762001882535e+02 1.235212891210166930e+02
10678 2.798924673302821589e+02 1.235185106472654297e+02
10679 2.798732593242831399e+02 1.235157354165766179e+02
10680 2.798540521811635813e+02 1.235129634219504595e+02
10681 2.798348458998985961e+02 1.235101946564083022e+02
10682 2.798156404794647756e+02 1.235074291129926110e+02
10683 2.797964359188414960e+02 1.235046667847670108e+02
10684 2.797772322170101802e+02 1.235019076648160308e+02
10685 2.797580293729543541e+02 1.234991517462451611e+02
10686 2.797388273856600449e+02 1.234963990221806966e+02
10687 2.797196262534329776e+02 1.234936869018923602e+02
10688 2.797004259525936050e+02 1.234911000267325250e+02
10689 2.796812264559044365e+02 1.234885162302992256e+02
10690 2.796620277623918582e+02 1.234859355060839192e+02
10691 2.796428298710842455e+02 1.234833578475973184e+02
10692 2.796236327810122475e+02 1.234807832483695194e+02
10693 2.796044364912082756e+02 1.234782117019497605e+02
10694 2.795852410007070148e+02 1.234756432019066210e+02
10695 2.795660463085453102e+02 1.234730777418275807e+02
10696 2.795468524137618829e+02 1.234705153153193748e+02
10697 2.795276593153975568e+02 1.234679559160075399e+02
10698 2.795084670124950890e+02 1.234653995375365838e+02
10699 2.794892755040993961e+02 1.234628461735700000e+02
10700 2.794700847892573847e+02 1.234602958177897563e+02
10701 2.794508948670180644e+02 1.234577484638969480e+02
10702 2.794317057364322636e+02 1.234552041056110454e+02
10703 2.794125173965531417e+02 1.234526627366702485e+02
10704 2.793933298464353356e+02 1.234501243508312456e+02
10705 2.793741430851360974e+02 1.234475889418692418e+02
10706 2.793549571117142136e+02 1.234450565035778169e+02
10707 2.793357719252305742e+02 1.234425270297689679e+02
10708 2.793165875247481154e+02 1.234400005142729810e+02
10709 2.792974039093317060e+02 1.234374769509382759e+02
10710 2.792782210780484888e+02 1.234349563336315896e+02
10711 2.792590390299668002e+02 1.234324386562375935e+02
10712 2.792398577641576480e+02 1.234299239126591914e+02
10713 2.792206772796938026e+02 1.234274120968172355e+02
10714 2.792014975756497392e+02 1.234249032026504125e+02
10715 2.791823186511023209e+02 1.234223972241154144e+02
10716 2.791631405051297179e+02 1.234198941551865971e+02
10717 2.791439631368125447e+02 1.234173939898562082e+02
10718 2.791247865452332917e+02 1.234148967221341309e+02
10719 2.791056107294761546e+02 1.234124023460478270e+02
10720 2.790864356886272049e+02 1.234099108556424085e+02
10721 2.790672614217747309e+02 1.234074222449805092e+02
10722 2.790480879280086128e+02 1.234049365081422422e+02
10723 2.790289152064208906e+02 1.234024536392249729e+02
10724 2.790097432561051392e+02 1.233999736323435172e+02
10725 2.789905720761571501e+02 1.233974964816301139e+02
10726 2.789714016656743070e+02 1.233950221812339407e+02
10727 2.789522320237563235e+02 1.233925507253214562e+02
10728 2.789330631495041075e+02 1.233900821080763990e+02
10729 2.789138950420209540e+02 1.233876163236993904e+02
10730 2.788947277004118632e+02 1.233851533664080335e+02
10731 2.788755611237836547e+02 1.233826932304369137e+02
10732 2.788563953112450235e+02 1.233802359100376691e+02
10733 2.788372302619062566e+02 1.233777813994784367e+02
10734 2.788180659748799144e+02 1.233753296930443497e+02
10735 2.787989024492803196e+02 1.233728807850372533e+02
10736 2.787797396842229887e+02 1.233704346697756193e+02
10737 2.787605776788261096e+02 1.233679913415944895e+02
10738 2.787414164322091210e+02 1.233655507948454186e+02
10739 2.787222559434935079e+02 1.233631130238966449e+02
10740 2.787030962118024604e+02 1.233606780231326496e+02
10741 2.786839372362609311e+02 1.233582457869544129e+02
10742 2.786647790159958618e+02 1.233558163097792146e+02
10743 2.786456215501355587e+02 1.233533895860405494e+02
10744 2.786264648378107154e+02 1.233509656101882683e+02
10745 2.786073088781532761e+02 1.233485443766882241e+02
10746 2.785881536702973449e+02 1.233461258800226403e+02
10747 2.785689992133781061e+02 1.233437101146894719e+02
10748 2.785498455065334724e+02 1.233412970752029167e+02
10749 2.785306925489023797e+02 1.233388867560930464e+02
10750 2.785115403396259239e+02 1.233364791519058770e+02
10751 2.784923888778465084e+02 1.233340742572032269e+02
10752 2.784732381627086397e+02 1.233316720665626889e+02
10753 2.784540881933586434e+02 1.233292725745777005e+02
10754 2.784349389689440954e+02 1.233268757758573173e+02
10755 2.784157904886146753e+02 1.233244816650261839e+02
10756 2.783966427515217674e+02 1.233220902367246765e+02
10757 2.783774957568183481e+02 1.233197014856085900e+02
10758 2.783583495036590421e+02 1.233173154063492092e+02
10759 2.783392039912002929e+02 1.233149319936333654e+02
10760 2.783200592186001927e+02 1.233125512421631100e+02
10761 2.783009151850185390e+02 1.233101731466558704e+02
10762 2.782817718896170049e+02 1.233077977018444926e+02
10763 2.782626293315586281e+02 1.233054249024769007e+02
10764 2.782434875100080376e+02 1.233030547433161956e+02
10765 2.782243464241322499e+02 1.233006872191407126e+02
10766 2.782052060730990775e+02 1.232983223247437365e+02
10767 2.781860664560784357e+02 1.232959600549336443e+02
10768 2.781669275722418888e+02 1.232936004045338620e+02
10769 2.781477894207626491e+02 1.232912433683826237e+02
10770 2.781286520008154071e+02 1.232888889413330702e+02
10771 2.781095153115766720e+02 1.232865371182532499e+02
10772 2.780903793522244882e+02 1.232841878940258766e+02
10773 2.780712441219386619e+02 1.232818412635485004e+02
10774 2.780521096199005342e+02 1.232794972217332372e+02
10775 2.780329758452929241e+02 1.232771557635069684e+02
10776 2.780138427973006969e+02 1.232748168838109990e+02
10777 2.779947104751100255e+02 1.232724805776014136e+02
10778 2.779755788779084469e+02 1.232701468398484650e+02
10779 2.779564480048855444e+02 1.232678156655371851e+02
10780 2.779373178552324930e+02 1.232654870496666746e+02
10781 2.779181884281418320e+02 1.232631609872506431e+02
10782 2.778990597228076922e+02 1.232608374733169967e+02
10783 2.778799317384259098e+02 1.232585165029077530e+02
10784 2.778608044741939693e+02 1.232561980710793677e+02
10785 2.778416779293106060e+02 1.232538821729023368e+02
10786 2.778225521029766583e+02 1.232515688034612822e+02
10787 2.778034269943941581e+02 1.232492579578548515e+02
10788 2.777843026027665019e+02 1.232469496311957329e+02
10789 2.777651789272991891e+02 1.232446438186106263e+02
10790 2.777460559671989131e+02 1.232423405152400733e+02
10791 2.777269337216740723e+02 1.232400397162385701e+02
10792 2.777078121899344865e+02 1.232377414167743837e+02
10793 2.776886913711915099e+02 1.232354456120296078e+02
10794 2.776695712646582592e+02 1.232331522972000215e+02
10795 2.776504518695492152e+02 1.232308614674951173e+02
10796 2.776313331850801660e+02 1.232285731181381578e+02
10797 2.776122152104690031e+02 1.232262872443658210e+02
10798 2.775930979449344704e+02 1.232240038414284271e+02
10799 2.775739813876973017e+02 1.232217229045898392e+02
10800 2.775548655379795377e+02 1.232194444291273641e+02
10801 2.775357503950049249e+02 1.232171684103316380e+02
10802 2.775166359579984601e+02 1.232148948435069258e+02
10803 2.774975222261866179e+02 1.232126237239705659e+02
10804 2.774784091987976922e+02 1.232103550470533122e+02
10805 2.774592968750611135e+02 1.232080888080991343e+02
10806 2.774401852542081315e+02 1.232058250024652324e+02
10807 2.774210743354710189e+02 1.232035636255219515e+02
10808 2.774019641180840381e+02 1.232013046726527676e+02
10809 2.773828546012825882e+02 1.231990481392542733e+02
10810 2.773637457843036600e+02 1.231967940207358794e+02
10811 2.773446376663856654e+02 1.231945423125202836e+02
10812 2.773255302467685510e+02 1.231922930100429312e+02
10813 2.773064235246935709e+02 1.231900461087522558e+02
10814 2.772873174994036276e+02 1.231878016041095947e+02
10815 2.772682121701427604e+02 1.231855594915888048e+02
10816 2.772491075361569983e+02 1.231833197666769308e+02
10817 2.772300035966931659e+02 1.231810824248735230e+02
10818 2.772109003509999070e+02 1.231788474616907791e+02
10819 2.771917977983273431e+02 1.231766148726537864e+02
10820 2.771726959379267328e+02 1.231743846532999385e+02
10821 2.771535947690509829e+02 1.231721567991793620e+02
10822 2.771344942909543647e+02 1.231699313058547176e+02
10823 2.771153945028926273e+02 1.231677081689010862e+02
10824 2.770962954041226567e+02 1.231654873839060684e+02
10825 2.770771969939032147e+02 1.231632689464695432e+02
10826 2.770580992714938589e+02 1.231610528522038521e+02
10827 2.770390022361562501e+02 1.231588390967336863e+02
10828 2.770199058871529019e+02 1.231566276756958587e+02
10829 2.770008102237478624e+02 1.231544185847395454e+02
10830 2.769817152452067148e+02 1.231522118195260873e+02
10831 2.769626209507962358e+02 1.231500073757290181e+02
10832 2.769435273397847368e+02 1.231478052490339365e+02
10833 2.769244344114416663e+02 1.231456054351384779e+02
10834 2.769053421650381210e+02 1.231434079297525130e+02
10835 2.768862505998466190e+02 1.231412127285976936e+02
10836 2.768671597151404740e+02 1.231390198274077079e+02
10837 2.768480695101952165e+02 1.231368292219282239e+02
10838 2.768289799842868888e+02 1.231346409079166619e+02
10839 2.768098911366934090e+02 1.231324548811423938e+02
10840 2.767908029666941161e+02 1.231302711373866003e+02
10841 2.767717154735690315e+02 1.231280896724421439e+02
10842 2.767526286566003932e+02 1.231259104821136106e+02
10843 2.767335425150712922e+02 1.231237335622173958e+02
10844 2.767144570482659560e+02 1.231215589085813775e+02
10845 2.766953722554703745e+02 1.231193865170452000e+02
10846 2.766762881359717881e+02 1.231172163834599758e+02
10847 2.766572046890584602e+02 1.231150485036883993e+02
10848 2.766381219140204166e+02 1.231128828736046472e+02
10849 2.766190398101485357e+02 1.231107194890943077e+02
10850 2.765999583767352306e+02 1.231085583460544370e+02
10851 2.765808776130744491e+02 1.231063994403935595e+02
10852 2.765617975184609350e+02 1.231042427680313409e+02
10853 2.765427180921912509e+02 1.231020883248989577e+02
10854 2.765236393335628122e+02 1.230999361069387419e+02
10855 2.765045612418746828e+02 1.230977861101042805e+02
10856 2.764854838164270063e+02 1.230956383303603587e+02
10857 2.764664070565212342e+02 1.230934927636829599e+02
10858 2.764473309614601249e+02 1.230913494060591518e+02
10859 2.764282555305479150e+02 1.230892082534871008e+02
10860 2.764091807630896938e+02 1.230870693019760296e+02
10861 2.763901066583921420e+02 1.230849325475461740e+02
10862 2.763710332157632479e+02 1.230827979862287265e+02
10863 2.763519604345119092e+02 1.230806656140658504e+02
10864 2.763328883139486720e+02 1.230785354271106513e+02
10865 2.763138168533851626e+02 1.230764074214269925e+02
10866 2.762947460521342009e+02 1.230742815930897081e+02
10867 2.762756759095100279e+02 1.230721579381843469e+02
10868 2.762566064248280782e+02 1.230700364528072441e+02
10869 2.762375375974048666e+02 1.230679171330654640e+02
10870 2.762184694265583857e+02 1.230657999750767573e+02
10871 2.761994019116076515e+02 1.230636849749696040e+02
10872 2.761803350518732145e+02 1.230615721288830002e+02
10873 2.761612688466764780e+02 1.230594614329665575e+02
10874 2.761422032953402095e+02 1.230573528833805597e+02
10875 2.761231383971885407e+02 1.230552464762956077e+02
10876 2.761040741515467403e+02 1.230531422078930319e+02
10877 2.760850105577413274e+02 1.230510400743643800e+02
10878 2.760659476150998444e+02 1.230489400719117583e+02
10879 2.760468853229511410e+02 1.230468421967476615e+02
10880 2.760278236806255450e+02 1.230447464450948587e+02
10881 2.760087626874542366e+02 1.230426528131864927e+02
10882 2.759897023427697036e+02 1.230405612972659100e+02
10883 2.759706426459056274e+02 1.230384718935868591e+02
10884 2.759515835961969401e+02 1.230363845984131217e+02
10885 2.759325251929797673e+02 1.230342994080188674e+02
10886 2.759134674355912580e+02 1.230322163186881568e+02
10887 2.758944103233699252e+02 1.230301353267154667e+02
10888 2.758753538556554759e+02 1.230280564284050513e+02
10889 2.758562980317885831e+02 1.230259796200714675e+02
10890 2.758372428511113412e+02 1.230239048980391345e+02
10891 2.758181883129669245e+02 1.230218322586425472e+02
10892 2.757991344166994736e+02 1.230197616982260627e+02
10893 2.757800811616546071e+02 1.230176932131440424e+02
10894 2.757610285471789666e+02 1.230156267997606676e+02
10895 2.757419765726203309e+02 1.230135624544500672e+02
10896 2.757229252373276722e+02 1.230115001735960902e+02
10897 2.757038745406512135e+02 1.230094399535924055e+02
10898 2.756848244819418596e+02 1.230073817908425582e+02
10899 2.756657750605523916e+02 1.230053256817595866e+02
10900 2.756467262758362153e+02 1.230032716227664764e+02
10901 2.756276781271481013e+02 1.230012196102956352e+02
10902 2.756086306138436726e+02 1.229991696407893187e+02
10903 2.755895837352799731e+02 1.229971217106992469e+02
10904 2.755705374908151839e+02 1.229950758164868176e+02
10905 2.755514918798084523e+02 1.229930319546228787e+02
10906 2.755324469016200055e+02 1.229909901215877852e+02
10907 2.755134025556113784e+02 1.229889503138714133e+02
10908 2.754943588411452424e+02 1.229869125279730895e+02
10909 2.754753157575851787e+02 1.229848767604015194e+02
10910 2.754562733042960758e+02 1.229828430076747878e+02
10911 2.754372314806435611e+02 1.229808112663204014e+02
10912 2.754181902859950242e+02 1.229787815328751464e+02
10913 2.753991497197183094e+02 1.229767538038850461e+02
10914 2.753801097811828527e+02 1.229747280759054604e+02
10915 2.753610704697588289e+02 1.229727043455010289e+02
10916 2.753420317848176069e+02 1.229706826092455145e+02
10917 2.753229937257317488e+02 1.229686628637217751e+02
10918 2.753039562918747265e+02 1.229666451055220762e+02
10919 2.752849194826214898e+02 1.229646293312475080e+02
10920 2.752658832973473864e+02 1.229626155375083698e+02
10921 2.752468477354295828e+02 1.229606037209240981e+02
10922 2.752278127962459848e+02 1.229585938781229970e+02
10923 2.752087784791752370e+02 1.229565860057424658e+02
10924 2.751897447835976322e+02 1.229545801004288421e+02
10925 2.751707117088943164e+02 1.229525761588374593e+02
10926 2.751516792544474583e+02 1.229505741776324186e+02
10927 2.751326474196400795e+02 1.229485741534868595e+02
10928 2.751136162038567363e+02 1.229465760830827179e+02
10929 2.750945856064826671e+02 1.229445799631106411e+02
10930 2.750755556269043609e+02 1.229425857902703001e+02
10931 2.750565262645091593e+02 1.229405935612699494e+02
10932 2.750374975186856545e+02 1.229386032728265974e+02
10933 2.750184693888234051e+02 1.229366149216660489e+02
10934 2.749994418743130495e+02 1.229346285045227347e+02
10935 2.749804149745461359e+02 1.229326440181397402e+02
10936 2.749613886889152923e+02 1.229306614592687765e+02
10937 2.749423630168142836e+02 1.229286808246700957e+02
10938 2.749233379576378411e+02 1.229267021111126894e+02
10939 2.749043135107817761e+02 1.229247253153739337e+02
10940 2.748852896756428663e+02 1.229227504342397594e+02
10941 2.748662664516187988e+02 1.229207774645045674e+02
10942 2.748472438381086249e+02 1.229188064029712990e+02
10943 2.748282218345120782e+02 1.229168372464512657e+02
10944 2.748092004402299153e+02 1.229148699917641778e+02
10945 2.747901796546640867e+02 1.229129046357381014e+02
10946 2.747711594772176795e+02 1.229109411752094871e+02
10947 2.747521399072942927e+02 1.229089796070231841e+02
10948 2.747331209442988893e+02 1.229070199280321845e+02
10949 2.747141025876375124e+02 1.229050621350978361e+02
10950 2.746950848367168305e+02 1.229031062250897861e+02
10951 2.746760676909450467e+02 1.229011521948857535e+02
10952 2.746570511497308189e+02 1.228992000413717705e+02
10953 2.746380352124840556e+02 1.228972497614420405e+02
10954 2.746190198786156316e+02 1.228953013519987394e+02
10955 2.746000051475372743e+02 1.228933548099523847e+02
10956 2.745809910186621323e+02 1.228914101322213810e+02
10957 2.745619774914037521e+02 1.228894673157323751e+02
10958 2.745429645651769874e+02 1.228875263574197874e+02
10959 2.745239522393977154e+02 1.228855872542263796e+02
10960 2.745049405134824383e+02 1.228836500031026020e+02
10961 2.744859293868490226e+02 1.228817146010070331e+02
10962 2.744669188589161877e+02 1.228797810449061814e+02
10963 2.744479089291035621e+02 1.228778493317742999e+02
10964 2.744288995968316272e+02 1.228759194585936427e+02
10965 2.744098908615219443e+02 1.228739914223543934e+02
10966 2.743908827225970981e+02 1.228720652200544379e+02
10967 2.743718751794808099e+02 1.228701408486994779e+02
10968 2.743528682315970286e+02 1.228682183053030457e+02
10969 2.743338618783715219e+02 1.228662975868863469e+02
10970 2.743148561192303418e+02 1.228643786904784889e+02
10971 2.742958509536009615e+02 1.228624616131160110e+02
10972 2.742768463809114223e+02 1.228605463518433965e+02
10973 2.742578424005910733e+02 1.228586329037126745e+02
10974 2.742388390120699455e+02 1.228567212657834347e+02
10975 2.742198362147789226e+02 1.228548114351229543e+02
10976 2.742008340081500819e+02 1.228529034088061422e+02
10977 2.741818323916163536e+02 1.228509971839153252e+02
10978 2.741628313646115203e+02 1.228490927575404328e+02
10979 2.741438309265702742e+02 1.228471901267789832e+02
10980 2.741248310769282739e+02 1.228452892887357990e+02
10981 2.741058318151222011e+02 1.228433902405233482e+02
10982 2.740868331405894196e+02 1.228414929792613748e+02
10983 2.740678350527686007e+02 1.228395975020771971e+02
10984 2.740488375510988135e+02 1.228377038061054378e+02
10985 2.740298406350202640e+02 1.228358118884879957e+02
10986 2.740108443039744088e+02 1.228339217463742727e+02
10987 2.739918485574031024e+02 1.228320333769209185e+02
10988 2.739728533947492792e+02 1.228301467772918159e+02
10989 2.739538588707725921e+02 1.228274313134237019e+02
10990 2.739348652057377080e+02 1.228245840631657586e+02
10991 2.739158724211156368e+02 1.228217389153957271e+02
10992 2.738968805162359104e+02 1.228188958674222420e+02
10993 2.738778894904289700e+02 1.228160549165599633e+02
10994 2.738588993430261667e+02 1.228132160601297329e+02
10995 2.738399100733597038e+02 1.228103792954578637e+02
10996 2.738209216807626376e+02 1.228075446198770067e+02
10997 2.738019341645688769e+02 1.228047120307253692e+02
10998 2.737829475241133537e+02 1.228018815253472411e+02
10999 2.737639617587316820e+02 1.227990531010926674e+02
11000 2.737449768677604425e+02 1.227962267553176474e+02
11001 2.737259928505370112e+02 1.227934024853837798e+02
11002 2.737070097063996741e+02 1.227905802886587026e+02
11003 2.736880274346875126e+02 1.227877601625156672e+02
11004 2.736690460347405747e+02 1.227849421043337657e+02
11005 2.736500655058996472e+02 1.227821261114978455e+02
11006 2.736310858475064265e+02 1.227793121813984385e+02
11007 2.736121070589034048e+02 1.227765003114318461e+02
11008 2.735931291394342111e+02 1.227736904989999971e+02
11009 2.735741520884426450e+02 1.227708827415105901e+02
11010 2.735551759052742113e+02 1.227680770363769369e+02
11011 2.735362005892746424e+02 1.227652733810179768e+02
11012 2.735172261397905231e+02 1.227624717728583050e+02
11013 2.734982525561697457e+02 1.227596722093281585e+02
11014 2.734792798377606573e+02 1.227568746878632737e+02
11015 2.734603079839125144e+02 1.227540792059050432e+02
11016 2.734413369939751988e+02 1.227512857609004300e+02
11017 2.734223668673000134e+02 1.227484943503018968e+02
11018 2.734033976032384885e+02 1.227457049715674771e+02
11019 2.733844292011433481e+02 1.227429176221606326e+02
11020 2.733654616603679983e+02 1.227401322995504813e+02
11021 2.733464949802665842e+02 1.227373490012114701e+02
11022 2.733275291601942740e+02 1.227345677246235169e+02
11023 2.733085641995068613e+02 1.227317884672721391e+02
11024 2.732896000975611628e+02 1.227290112266480975e+02
11025 2.732706368537146204e+02 1.227262360002476100e+02
11026 2.732516744673257563e+02 1.227234627855724511e+02
11027 2.732327129377533765e+02 1.227206915801295537e+02
11028 2.732137522643578222e+02 1.227179223814313502e+02
11029 2.731947924464995481e+02 1.227151551869955739e+02
11030 2.731758334835403161e+02 1.227123899943453296e+02
11031 2.731568753748426275e+02 1.227096268010090512e+02
11032 2.731379181197694379e+02 1.227068656045203312e+02
11033 2.731189617176848401e+02 1.227041064024183186e+02
11034 2.731000061679537794e+02 1.227013491922471502e+02
11035 2.730810514699416558e+02 1.226985939715563632e+02
11036 2.730620976230148358e+02 1.226958407379007667e+02
11037 2.730431446265407089e+02 1.226930894888403287e+02
11038 2.730241924798872901e+02 1.226903402219401897e+02
11039 2.730052411824231058e+02 1.226875929347708052e+02
11040 2.729862907335179329e+02 1.226848476249076754e+02
11041 2.729673411325422308e+02 1.226821042899315444e+02
11042 2.729483923788669131e+02 1.226793629274283148e+02
11043 2.729294444718640307e+02 1.226766235349888632e+02
11044 2.729104974109062596e+02 1.226738861102095086e+02
11045 2.728915511953671285e+02 1.226711506506913025e+02
11046 2.728726058246209618e+02 1.226684171540406396e+02
11047 2.728536612980428799e+02 1.226656856178689026e+02
11048 2.728347176150086852e+02 1.226629560397924479e+02
11049 2.728157747748948623e+02 1.226602284174328474e+02
11050 2.727968327770789756e+02 1.226575027484165332e+02
11051 2.727778916209390445e+02 1.226547790303750389e+02
11052 2.727589513058543389e+02 1.226520572609448863e+02
11053 2.727400118312041286e+02 1.226493374377675138e+02
11054 2.727210731963692183e+02 1.226466195584894905e+02
11055 2.727021354007306400e+02 1.226439036207621598e+02
11056 2.726831984436705625e+02 1.226411896222419244e+02
11057 2.726642623245716095e+02 1.226384775605899762e+02
11058 2.726453270428175415e+02 1.226357674334725374e+02
11059 2.726263925977923464e+02 1.226330592385606906e+02
11060 2.726074589888813762e+02 1.226303529735304068e+02
11061 2.725885262154702673e+02 1.226276486360624745e+02
11062 2.725695942769456224e+02 1.226249462238426560e+02
11063 2.725506631726948399e+02 1.226222457345614316e+02
11064 2.725317329021058868e+02 1.226195471659140566e+02
11065 2.725128034645675825e+02 1.226168505156007313e+02
11066 2.724938748594694289e+02 1.226141557813264313e+02
11067 2.724749470862018939e+02 1.226114629608008499e+02
11068 2.724560201441560139e+02 1.226087720517384554e+02
11069 2.724370940327236212e+02 1.226060830518585618e+02
11070 2.724181687512971735e+02 1.226033959588850877e+02
11071 2.723992442992700376e+02 1.226007107705467405e+02
11072 2.723803206760361491e+02 1.225980274845769742e+02
11073 2.723613978809904097e+02 1.225953460987139039e+02
11074 2.723424759135281192e+02 1.225926666107002632e+02
11075 2.723235547730457142e+02 1.225899890182836174e+02
11076 2.723046344589401428e+02 1.225873133192159798e+02
11077 2.722857149706090354e+02 1.225846395112541813e+02
11078 2.722667963074507611e+02 1.225819675921596286e+02
11079 2.722478784688647124e+02 1.225792975596983183e+02
11080 2.722289614542506229e+02 1.225766294116408801e+02
11081 2.722100452630091354e+02 1.225739631457625052e+02
11082 2.721911298945416320e+02 1.225712987598429464e+02
11083 2.721722153482500062e+02 1.225686362516665753e+02
11084 2.721533016235371747e+02 1.225659756190222538e+02
11085 2.721343887198066227e+02 1.225633168597034626e+02
11086 2.721154766364626880e+02 1.225606599715081018e+02
11087 2.720965653729102200e+02 1.225580049522386616e+02
11088 2.720776549285548640e+02 1.225553517997020379e+02
11089 2.720587453028028904e+02 1.225527005117096877e+02
11090 2.720398364950614791e+02 1.225500510860775307e+02
11091 2.720209285047385492e+02 1.225474035206259060e+02
11092 2.720020213312424175e+02 1.225447578131796860e+02
11093 2.719831149739822536e+02 1.225421139615680062e+02
11094 2.719642094323681931e+02 1.225394719636245924e+02
11095 2.719453047058106563e+02 1.225368318171874762e+02
11096 2.719264007937210295e+02 1.225341935200991088e+02
11097 2.719074976955114948e+02 1.225315570702063610e+02
11098 2.718885954105945757e+02 1.225289224653603810e+02
11099 2.718696939383837616e+02 1.225262897034167651e+02
11100 2.718507932782931107e+02 1.225236587822353727e+02
11101 2.718318934297377041e+02 1.225210296996804260e+02
11102 2.718129943921326799e+02 1.225184024536204532e+02
11103 2.717940961648945404e+02 1.225157770419283736e+02
11104 2.717751987474400153e+02 1.225131534624812986e+02
11105 2.717563021391868574e+02 1.225105317131606029e+02
11106 2.717374063395532744e+02 1.225079117918520240e+02
11107 2.717185113479581560e+02 1.225052936964454631e+02
11108 2.716996171638214150e+02 1.225026774248351131e+02
11109 2.716807237865630213e+02 1.225000629749193450e+02
11110 2.716618312156042521e+02 1.224974503446008498e+02
11111 2.716429394503668391e+02 1.224948395317864822e+02
11112 2.716240484902730259e+02 1.224922305343872182e+02
11113 2.716051583347459655e+02 1.224896233503182827e+02
11114 2.715862689832093793e+02 1.224870179774990504e+02
11115 2.715673804350876708e+02 1.224844144138530737e+02
11116 2.715484926898062099e+02 1.224818126573080832e+02
11117 2.715296057467903665e+02 1.224792127057958169e+02
11118 2.715107196054668179e+02 1.224766145572522476e+02
11119 2.714918342652625824e+02 1.224740182096174124e+02
11120 2.714729497256056447e+02 1.224714236608355264e+02
11121 2.714540659859242169e+02 1.224688309088547413e+02
11122 2.714351830456476478e+02 1.224662399516274007e+02
11123 2.714163009042055137e+02 1.224636507871098985e+02
11124 2.713974195610285278e+02 1.224610634132626501e+02
11125 2.713785390155474602e+02 1.224584778280501070e+02
11126 2.713596592671945587e+02 1.224558940294407563e+02
11127 2.713407803154018438e+02 1.224533120154071639e+02
11128 2.713219021596027005e+02 1.224507317839258036e+02
11129 2.713030247992307977e+02 1.224481533329771850e+02
11130 2.712841482337204297e+02 1.224455766605457825e+02
11131 2.712652724625068572e+02 1.224430017646201492e+02
11132 2.712463974850259092e+02 1.224404286431926039e+02
11133 2.712275233007135853e+02 1.224378572942595724e+02
11134 2.712086499090073062e+02 1.224352877158213602e+02
11135 2.711897773093445494e+02 1.224327199058821662e+02
11136 2.711709055011638156e+02 1.224301538624502399e+02
11137 2.711520344839037762e+02 1.224275895835375252e+02
11138 2.711331642570043527e+02 1.224250270671600163e+02
11139 2.711142948199058083e+02 1.224224663113375584e+02
11140 2.710954261720489740e+02 1.224199073140938481e+02
11141 2.710765583128754770e+02 1.224173500734564470e+02
11142 2.710576912418273992e+02 1.224147945874566972e+02
11143 2.710388249583476750e+02 1.224122408541299052e+02
11144 2.710199594618798073e+02 1.224096888715151863e+02
11145 2.710010947518679245e+02 1.224071386376553505e+02
11146 2.709822308277567231e+02 1.224045901505970875e+02
11147 2.709633676889916956e+02 1.224020434083909379e+02
11148 2.709445053350187891e+02 1.223994984090911373e+02
11149 2.709256437652846898e+02 1.223969551507557725e+02
11150 2.709067829792366524e+02 1.223944136314466533e+02
11151 2.708879229763226704e+02 1.223918738492291993e+02
11152 2.708690637559913057e+02 1.223893358021728943e+02
11153 2.708502053176916320e+02 1.223867994883506611e+02
11154 2.708313476608735755e+02 1.223842649058392453e+02
11155 2.708124907849876308e+02 1.223817320527192010e+02
11156 2.707936346894845769e+02 1.223792009270745780e+02
11157 2.707747793738163296e+02 1.223766715269932064e+02
11158 2.707559248374350886e+02 1.223741438505667105e+02
11159 2.707370710797939637e+02 1.223716178958902248e+02
11160 2.707182181003462915e+02 1.223690936610626352e+02
11161 2.706993658985463185e+02 1.223665711441863522e+02
11162 2.706805144738488025e+02 1.223640503433675804e+02
11163 2.706616638257091836e+02 1.223615312567160629e+02
11164 2.706428139535834134e+02 1.223590138823451809e+02
11165 2.706239648569280121e+02 1.223564982183718968e+02
11166 2.706051165352005228e+02 1.223539842629167538e+02
11167 2.705862689878586025e+02 1.223514720141039902e+02
11168 2.705674222143606471e+02 1.223489614700612549e+02
11169 2.705485762141657347e+02 1.223464526289199341e+02
11170 2.705297309867337958e+02 1.223439454888148816e+02
11171 2.705108865315247613e+02 1.223414400478844328e+02
11172 2.704920428479997554e+02 1.223389363042705753e+02
11173 2.704731999356201868e+02 1.223364342561187641e+02
11174 2.704543577938481462e+02 1.223339339015780070e+02
11175 2.704355164221462928e+02 1.223314352388007649e+02
11176 2.704166758199779679e+02 1.223289382659430089e+02
11177 2.703978359868070243e+02 1.223264429811642771e+02
11178 2.703789969220981106e+02 1.223239493826274611e+02
11179 2.703601586253162168e+02 1.223214574684990055e+02
11180 2.703413210959268440e+02 1.223189672369487653e+02
11181 2.703224843333966305e+02 1.223164786861500630e+02
11182 2.703036483371921577e+02 1.223139918142796745e+02
11183 2.702848131067809732e+02 1.223115066195178002e+02
11184 2.702659786416313068e+02 1.223090231000480088e+02
11185 2.702471449412115589e+02 1.223065412540573362e+02
11186 2.702283120049911531e+02 1.223040610797362007e+02
11187 2.702094798324399108e+02 1.223015825752784451e+02
11188 2.701906484230281080e+02 1.222991057388811953e+02
11189 2.701718177762269875e+02 1.222966305687450870e+02
11190 2.701529878915079053e+02 1.222941570630739818e+02
11191 2.701341587683430134e+02 1.222916852200751663e+02
11192 2.701153304062053166e+02 1.222892150379593090e+02
11193 2.700965028045680469e+02 1.222867465149403472e+02
11194 2.700776759629048911e+02 1.222842796492355149e+02
11195 2.700588498806906728e+02 1.222818144390654851e+02
11196 2.700400245574002724e+02 1.222793508826541142e+02
11197 2.700211999925095370e+02 1.222768889782286408e+02
11198 2.700023761854944269e+02 1.222744287240195291e+02
11199 2.699835531358319827e+02 1.222719701182605547e+02
11200 2.699647308429994155e+02 1.222695131591887332e+02
11201 2.699459093064747890e+02 1.222670578450444339e+02
11202 2.699270885257365649e+02 1.222646041740711667e+02
11203 2.699082685002638868e+02 1.222621521445157242e+02
11204 2.698894492295364103e+02 1.222597017546281819e+02
11205 2.698706307130343021e+02 1.222572530026617983e+02
11206 2.698518129502384113e+02 1.222548058868730436e+02
11207 2.698329959406302692e+02 1.222523604055215571e+02
11208 2.698141796836914637e+02 1.222499165568702892e+02
11209 2.697953641789047765e+02 1.222474743391852599e+02
11210 2.697765494257531600e+02 1.222450337507357716e+02
11211 2.697577354237201916e+02 1.222425947897942109e+02
11212 2.697389221722902448e+02 1.222401574546362610e+02
11213 2.697201096709478634e+02 1.222377217435405612e+02
11214 2.697012979191785007e+02 1.222352876547890759e+02
11215 2.696824869164678375e+02 1.222328551866668249e+02
11216 2.696636766623026347e+02 1.222304243374619546e+02
11217 2.696448671561693686e+02 1.222279951054657801e+02
11218 2.696260583975561644e+02 1.222255674889727004e+02
11219 2.696072503859506355e+02 1.222231414862801699e+02
11220 2.695884431208415890e+02 1.222207170956888831e+02
11221 2.695696366017182868e+02 1.222182943155023764e+02
11222 2.695508308280703886e+02 1.222158731440275687e+02
11223 2.695320257993881228e+02 1.222134535795741783e+02
11224 2.695132215151625132e+02 1.222110356204551778e+02
11225 2.694944179748849251e+02 1.222086192649864671e+02
11226 2.694756156982206790e+02 1.221985969634644533e+02
11227 2.694568166433824672e+02 1.221876281540652940e+02
11228 2.694380209628565126e+02 1.221766658366345268e+02
11229 2.694192286543429304e+02 1.221657100072125957e+02
11230 2.694004397155439960e+02 1.221547606618423742e+02
11231 2.693816541441635195e+02 1.221438177965690812e+02
11232 2.693628719379069025e+02 1.221328814074402800e+02
11233 2.693440930944816500e+02 1.221219514905059071e+02
11234 2.693253176115968017e+02 1.221110280418182015e+02
11235 2.693065454869631026e+02 1.221001110574316044e+02
11236 2.692877767182930597e+02 1.220892005334033001e+02
11237 2.692690113033011130e+02 1.220782964657922349e+02
11238 2.692502492397032938e+02 1.220673988506602257e+02
11239 2.692314905252172821e+02 1.220565076840712919e+02
11240 2.692127351575626903e+02 1.220456229620914712e+02
11241 2.691939831344608933e+02 1.220347446807894585e+02
11242 2.691752344915801700e+02 1.220231709635247199e+02
11243 2.691564894429998276e+02 1.220113083368202496e+02
11244 2.691377480384739442e+02 1.219994522322269717e+02
11245 2.691190102756450528e+02 1.219876026463570042e+02
11246 2.691002761521574485e+02 1.219757595758241990e+02
11247 2.690815456656568472e+02 1.219639230172437721e+02
11248 2.690628188137906136e+02 1.219520929672328435e+02
11249 2.690440955942078176e+02 1.219402694224097559e+02
11250 2.690253760045588933e+02 1.219284523793947130e+02
11251 2.690066600424963212e+02 1.219166418348094396e+02
11252 2.689879477056739461e+02 1.219048377852772518e+02
11253 2.689692389917471473e+02 1.218930402274230715e+02
11254 2.689505338983730667e+02 1.218812491578732704e+02
11255 2.689318324232104942e+02 1.218694645732560673e+02
11256 2.689131345639196979e+02 1.218576864702010027e+02
11257 2.688944403181624807e+02 1.218459148453395073e+02
11258 2.688757496836027485e+02 1.218341496953043475e+02
11259 2.688570626579053737e+02 1.218223910167298953e+02
11260 2.688383792387371614e+02 1.218106388062521575e+02
11261 2.688196994237664512e+02 1.217988930605088171e+02
11262 2.688010232106633453e+02 1.217871537761389931e+02
11263 2.687823505970993665e+02 1.217754209497834665e+02
11264 2.687636815807476296e+02 1.217636945780844968e+02
11265 2.687450161592830682e+02 1.217519746576861195e+02
11266 2.687263543303819802e+02 1.217402611852337913e+02
11267 2.687076960917223118e+02 1.217285541573745888e+02
11268 2.686890414409837149e+02 1.217168535707572232e+02
11269 2.686703903758472620e+02 1.217051594220318123e+02
11270 2.686517428939959018e+02 1.216934717078500796e+02
11271 2.686330989931137196e+02 1.216817904248657811e+02
11272 2.686144586708870179e+02 1.216701155697333832e+02
11273 2.685958219250031220e+02 1.216584471391097821e+02
11274 2.685771887531511766e+02 1.216467851296528551e+02
11275 2.685585591530221450e+02 1.216351295380223263e+02
11276 2.685399331223081845e+02 1.216234803608795829e+02
11277 2.685213106587031575e+02 1.216118375948872341e+02
11278 2.685026917599025751e+02 1.216002012367096796e+02
11279 2.684840764236035398e+02 1.215885712830128540e+02
11280 2.684654646475048025e+02 1.215769477304643971e+02
11281 2.684468564293065356e+02 1.215653305757331424e+02
11282 2.684282517667104457e+02 1.215537198154900125e+02
11283 2.684096506574202294e+02 1.215421154464068678e+02
11284 2.683910530991406631e+02 1.215305174651577573e+02
11285 2.683724590895782853e+02 1.215189258684179094e+02
11286 2.683538686264413400e+02 1.215073406528640731e+02
11287 2.683352817074396057e+02 1.214957618151748164e+02
11288 2.683166983302842254e+02 1.214841893520301852e+02
11289 2.682981184926881610e+02 1.214726232601116891e+02
11290 2.682795421923657955e+02 1.214610635361022872e+02
11291 2.682609694270331602e+02 1.214495101766868999e+02
11292 2.682424001944078213e+02 1.214379631785515556e+02
11293 2.682238344922089368e+02 1.214264225383841733e+02
11294 2.682052723181571992e+02 1.214148882528739790e+02
11295 2.681867136699749494e+02 1.214033603187119610e+02
11296 2.681681585453859498e+02 1.213918387325904291e+02
11297 2.681496069421156108e+02 1.213803234912034412e+02
11298 2.681310588578909915e+02 1.213688145912465473e+02
11299 2.681125142904404584e+02 1.213573120294167325e+02
11300 2.680939732374943674e+02 1.213458158024128295e+02
11301 2.680754356967841545e+02 1.213343259069348363e+02
11302 2.680569016660430748e+02 1.213228423396845699e+02
11303 2.680383711430059748e+02 1.213113650973652540e+02
11304 2.680198441254090653e+02 1.212998941766817467e+02
11305 2.680013206109902626e+02 1.212884295743404692e+02
11306 2.679828005974889606e+02 1.212769712870491929e+02
11307 2.679642840826462589e+02 1.212655193115173660e+02
11308 2.679457710642046209e+02 1.212540736444561134e+02
11309 2.679272615399081019e+02 1.212426342825778676e+02
11310 2.679087555075023488e+02 1.212312012225967806e+02
11311 2.678902529647346000e+02 1.212197744612283543e+02
11312 2.678717539093534015e+02 1.212083539951897393e+02
11313 2.678532583391092317e+02 1.211969398211997202e+02
11314 2.678347662517539334e+02 1.211855319359784602e+02
11315 2.678162776450406568e+02 1.211741303362476998e+02
11316 2.677977925167243143e+02 1.211627350187307002e+02
11317 2.677793108645616371e+02 1.211513459801523709e+02
11318 2.677608326863103230e+02 1.211399632172389857e+02
11319 2.677423579797299453e+02 1.211285867267184955e+02
11320 2.677238867425814988e+02 1.211172165053202434e+02
11321 2.677054189726277968e+02 1.211058525497752782e+02
11322 2.676869546676329037e+02 1.210944948568159703e+02
11323 2.676684938253622477e+02 1.210831434231763808e+02
11324 2.676500364435833035e+02 1.210717982455920350e+02
11325 2.676315825200646827e+02 1.210604593208000921e+02
11326 2.676131320525766455e+02 1.210491266455389905e+02
11327 2.675946850388908729e+02 1.210378002165488596e+02
11328 2.675762414767809219e+02 1.210264800305714061e+02
11329 2.675578013640214863e+02 1.210151660843498291e+02
11330 2.675393646983888516e+02 1.210038583746287486e+02
11331 2.675209314776609517e+02 1.209925568981543051e+02
11332 2.675025016996174259e+02 1.209812616516743589e+02
11333 2.674840753620388796e+02 1.209699726319380630e+02
11334 2.674656524627080216e+02 1.209586898356962763e+02
11335 2.674472329994088113e+02 1.209474132597012357e+02
11336 2.674288169699264586e+02 1.209361429007066704e+02
11337 2.674104043720483332e+02 1.209248787554681286e+02
11338 2.673919952035627716e+02 1.209136208207420822e+02
11339 2.673735894622600426e+02 1.209023690932872483e+02
11340 2.673551871459314384e+02 1.208911235698633391e+02
11341 2.673367882523701837e+02 1.208798842472317574e+02
11342 2.673183927793708676e+02 1.208686511221553985e+02
11343 2.673000007247295002e+02 1.208574241913985219e+02
11344 2.672816120862438538e+02 1.208462034517273906e+02
11345 2.672632268617129512e+02 1.208349888999091633e+02
11346 2.672448450489373499e+02 1.208237805327127745e+02
11347 2.672264666457193130e+02 1.208125783469089356e+02
11348 2.672080916498624106e+02 1.208013823392693240e+02
11349 2.671897200591718615e+02 1.207901925065675783e+02
11350 2.671713518714541920e+02 1.207790088455785593e+02
11351 2.671529870845176902e+02 1.207678313530787051e+02
11352 2.671346256961720087e+02 1.207566600258462302e+02
11353 2.671162677042281643e+02 1.207454948606604859e+02
11354 2.670979131064989929e+02 1.207343358543024294e+02
11355 2.670795619007984669e+02 1.207231830035545528e+02
11356 2.670612140849423213e+02 1.207120363052009679e+02
11357 2.670428696567476550e+02 1.207008957560270801e+02
11358 2.670245286140332723e+02 1.206897613528199145e+02
11359 2.670061909546190577e+02 1.206786330923679458e+02
11360 2.669878566763267713e+02 1.206675109714612262e+02
11361 2.669695257769796513e+02 1.206563949868912005e+02
11362 2.669511982544021294e+02 1.206452851354509477e+02
11363 2.669328741064203427e+02 1.206341814139348969e+02
11364 2.669145533308619065e+02 1.206230838191390262e+02
11365 2.668962359255557431e+02 1.206119923478607774e+02
11366 2.668779218883327644e+02 1.206009069968992407e+02
11367 2.668596112170246215e+02 1.205898277630549131e+02
11368 2.668413039094650685e+02 1.205787546431294999e+02
11369 2.668229999634889964e+02 1.205676876339267665e+02
11370 2.668046993769330015e+02 1.205566267322515017e+02
11371 2.667864021476349876e+02 1.205455719349101003e+02
11372 2.667681082734343931e+02 1.205345232387107473e+02
11373 2.667498177521721345e+02 1.205234806404624521e+02
11374 2.667315305816907767e+02 1.205124441369764412e+02
11375 2.667132467598340213e+02 1.205014137250650066e+02
11376 2.666949662844473892e+02 1.204903894015421457e+02
11377 2.666766891533774810e+02 1.204793711632229503e+02
11378 2.666584153644727735e+02 1.204683590069245014e+02
11379 2.666401449155831074e+02 1.204573529294651166e+02
11380 2.666218778045595172e+02 1.204463529276645204e+02
11381 2.666036140292548566e+02 1.204353589983439861e+02
11382 2.665853535875232865e+02 1.204243711383265349e+02
11383 2.665670964772203320e+02 1.204133893444361973e+02
11384 2.665488426962033373e+02 1.204024136134986946e+02
11385 2.665305922423307834e+02 1.203914439423414393e+02
11386 2.665123451134626293e+02 1.203804803277930375e+02
11387 2.664941013074605962e+02 1.203695227666837155e+02
11388 2.664758608221873715e+02 1.203585712558451064e+02
11389 2.664576236555077458e+02 1.203476257921102786e+02
11390 2.664393898052872487e+02 1.203366863723140909e+02
11391 2.664211592693934563e+02 1.203257529932923688e+02
11392 2.664029320456951950e+02 1.203148256518827708e+02
11393 2.663847081320625989e+02 1.203039043449243195e+02
11394 2.663664875263674503e+02 1.202929890692576720e+02
11395 2.663482702264828959e+02 1.202820798217246079e+02
11396 2.663300562302836170e+02 1.202711765991687116e+02
11397 2.663118455356457730e+02 1.202602793984349887e+02
11398 2.662936381404467170e+02 1.202493882163695247e+02
11399 2.662754340425656210e+02 1.202385030498206220e+02
11400 2.662572332398827371e+02 1.202276238956372794e+02
11401 2.662390357302799657e+02 1.202167507506705135e+02
11402 2.662208415116407423e+02 1.202058836117724496e+02
11403 2.662026505818499231e+02 1.201950224757969323e+02
11404 2.661844629387935584e+02 1.201841673395990853e+02
11405 2.661662785803593465e+02 1.201733182000356805e+02
11406 2.661480975044364072e+02 1.201624750539647835e+02
11407 2.661299197089152813e+02 1.201516378982460935e+02
11408 2.661117451916879872e+02 1.201408067297405751e+02
11409 2.660935739506479081e+02 1.201299815453107556e+02
11410 2.660754059836901320e+02 1.201191623418206404e+02
11411 2.660572412887105429e+02 1.201083491161357699e+02
11412 2.660390798636071850e+02 1.200975418651230058e+02
11413 2.660209217062791822e+02 1.200867405856507588e+02
11414 2.660027668146272504e+02 1.200759452745887899e+02
11415 2.659846151865531283e+02 1.200651559288083519e+02
11416 2.659664668199606581e+02 1.200543725451822752e+02
11417 2.659483217127544208e+02 1.200435951205847260e+02
11418 2.659301798628409301e+02 1.200328236518913485e+02
11419 2.659120412681280641e+02 1.200220581359794068e+02
11420 2.658939059265247238e+02 1.200112985697272450e+02
11421 2.658757738359417999e+02 1.200005449500150689e+02
11422 2.658576449942912632e+02 1.199897972737242497e+02
11423 2.658395193994865622e+02 1.199790555377378212e+02
11424 2.658213970494425098e+02 1.199683197389400533e+02
11425 2.658032779420756242e+02 1.199575898742168789e+02
11426 2.657851620753034467e+02 1.199468659404554813e+02
11427 2.657670494470454514e+02 1.199361479345446924e+02
11428 2.657489400552217944e+02 1.199254358533746085e+02
11429 2.657308338977547919e+02 1.199147296938370175e+02
11430 2.657127309725677833e+02 1.199040294528248722e+02
11431 2.656946312775854722e+02 1.198933351272327315e+02
11432 2.656765348107344380e+02 1.198826467139565324e+02
11433 2.656584415699419424e+02 1.198719642098937044e+02
11434 2.656403515531373500e+02 1.198612876119431974e+02
11435 2.656222647582511058e+02 1.198506169170052402e+02
11436 2.656041811832150756e+02 1.198399521219815824e+02
11437 2.655861008259624896e+02 1.198292932237755082e+02
11438 2.655680236844282263e+02 1.198186402192915381e+02
11439 2.655499497565483580e+02 1.198079931054358553e+02
11440 2.655318790402604350e+02 1.197973518791159648e+02
11441 2.655138115335034286e+02 1.197867165372407925e+02
11442 2.654957472342176175e+02 1.197760870767207422e+02
11443 2.654776861403447015e+02 1.197654634944676104e+02
11444 2.654596282498280857e+02 1.197548457873948138e+02
11445 2.654415735606121416e+02 1.197442339524169910e+02
11446 2.654235220706428890e+02 1.197336279864501734e+02
11447 2.654054737778677122e+02 1.197230278864122113e+02
11448 2.653874286802353026e+02 1.197124336492219356e+02
11449 2.653693867756958866e+02 1.197018452717999253e+02
11450 2.653513480622009979e+02 1.196912627510680380e+02
11451 2.653333125377034207e+02 1.196806860839494391e+02
11452 2.653152802001578721e+02 1.196701152673691269e+02
11453 2.652972510475198646e+02 1.196595502982532082e+02
11454 2.652792250777465028e+02 1.196489911735292679e+02
11455 2.652612022887964827e+02 1.196384378901264540e+02
11456 2.652431826786295801e+02 1.196278904449750797e+02
11457 2.652251662452071059e+02 1.196173488350073342e+02
11458 2.652071529864917920e+02 1.196068130571563444e+02
11459 2.651891429004478482e+02 1.195962831083569426e+02
11460 2.651711359850405643e+02 1.195857589855452972e+02
11461 2.651531322382368216e+02 1.195752406856590824e+02
11462 2.651351316580049797e+02 1.195647282056374365e+02
11463 2.651171342423145347e+02 1.195542215424206205e+02
11464 2.650991399891366314e+02 1.195437206929507425e+02
11465 2.650811488964436080e+02 1.195332256541711757e+02
11466 2.650631609622091105e+02 1.195227364230264300e+02
11467 2.650451761844084899e+02 1.195122529964627631e+02
11468 2.650271945610182343e+02 1.195017753714279394e+02
11469 2.650092160900161957e+02 1.194913035448708030e+02
11470 2.649912407693816476e+02 1.194808375137417471e+02
11471 2.649732685970953980e+02 1.194703772749929271e+02
11472 2.649552995711392782e+02 1.194599228255773653e+02
11473 2.649373336894969384e+02 1.194494741624498175e+02
11474 2.649193709501529383e+02 1.194390312825664608e+02
11475 2.649014113510934294e+02 1.194285941828846944e+02
11476 2.648834548903061545e+02 1.194181628603637506e+02
11477 2.648655015657798799e+02 1.194077373119637286e+02
11478 2.648475513755049064e+02 1.193973175346464757e+02
11479 2.648296043174728425e+02 1.193869035253753168e+02
11480 2.648116603896767174e+02 1.193764952811147424e+02
11481 2.647937195901108112e+02 1.193660927988308345e+02
11482 2.647757819167709954e+02 1.193556960754909255e+02
11483 2.647578473676543354e+02 1.193453051080640250e+02
11484 2.647399159407590901e+02 1.193349198935204356e+02
11485 2.647219876340853943e+02 1.193245404288317246e+02
11486 2.647040624456342925e+02 1.193141667109709374e+02
11487 2.646861403734081932e+02 1.193037987369127251e+02
11488 2.646682214154112103e+02 1.192934365036328614e+02
11489 2.646503055696485376e+02 1.192830800081087119e+02
11490 2.646323928341266196e+02 1.192727292473189920e+02
11491 2.646144832068537198e+02 1.192623842182439944e+02
11492 2.645965766858390111e+02 1.192520449178650352e+02
11493 2.645786732690931444e+02 1.192417113431652211e+02
11494 2.645607729546281348e+02 1.192313834911289234e+02
11495 2.645428757404575890e+02 1.192210613587416077e+02
11496 2.645249816245959664e+02 1.192107449429907007e+02
11497 2.645070906050595454e+02 1.192004342408648938e+02
11498 2.644892026798656275e+02 1.191901292493538165e+02
11499 2.644713178470330490e+02 1.191798299654491302e+02
11500 2.644534361045819537e+02 1.191695363861434629e+02
11501 2.644355574505339632e+02 1.191592485084310198e+02
11502 2.644176818829116087e+02 1.191489663293073846e+02
11503 2.643998093997391834e+02 1.191386898457695480e+02
11504 2.643819399990423449e+02 1.191284190548158080e+02
11505 2.643640736788478307e+02 1.191181539534461393e+02
11506 2.643462104371837427e+02 1.191078945386615118e+02
11507 2.643283502720797173e+02 1.190976408074645292e+02
11508 2.643104931815666419e+02 1.190873927568592734e+02
11509 2.642926391636767107e+02 1.190771503838510625e+02
11510 2.642747882164434827e+02 1.190669136854465933e+02
11511 2.642569403379017672e+02 1.190566826586540543e+02
11512 2.642390955260879082e+02 1.190464573004829703e+02
11513 2.642212537790393299e+02 1.190362376079444431e+02
11514 2.642034150947949911e+02 1.190260235780506406e+02
11515 2.641855794713952150e+02 1.190158152078152654e+02
11516 2.641677469068814048e+02 1.190056124942536400e+02
11517 2.641499173992964415e+02 1.189954154343820960e+02
11518 2.641320909466845706e+02 1.189852240252185425e+02
11519 2.641142675470914583e+02 1.189750382637824799e+02
11520 2.640964471985638511e+02 1.189648581470943185e+02
11521 2.640786298991499734e+02 1.189546836721764151e+02
11522 2.640608156468993002e+02 1.189445148360519937e+02
11523 2.640430044398627842e+02 1.189343516357459265e+02
11524 2.640251962760926290e+02 1.189241940682846064e+02
11525 2.640073911536420610e+02 1.189140421306955488e+02
11526 2.639895890705661827e+02 1.189038958200078469e+02
11527 2.639717900249210061e+02 1.188937551332517302e+02
11528 2.639539940147638504e+02 1.188836200674591055e+02
11529 2.639362010381539108e+02 1.188734906196631584e+02
11530 2.639184110931508371e+02 1.188633667868983963e+02
11531 2.639006241778163258e+02 1.188532485662007474e+02
11532 2.638828402902130392e+02 1.188431359546075186e+02
11533 2.638650594284049475e+02 1.188330289491573808e+02
11534 2.638472815904573849e+02 1.188229275468904405e+02
11535 2.638295067744371067e+02 1.188128317448482676e+02
11536 2.638117349784122325e+02 1.188027415400735265e+02
11537 2.637939661999847090e+02 1.187927074994169061e+02
11538 2.637762003924146939e+02 1.187830379034918309e+02
11539 2.637584374766163364e+02 1.187733737093662683e+02
11540 2.637406774507390423e+02 1.187637149142086059e+02
11541 2.637229203129332973e+02 1.187540615151883117e+02
11542 2.637051660613510080e+02 1.187444135094762458e+02
11543 2.636874146941453319e+02 1.187347708942444910e+02
11544 2.636696662094703925e+02 1.187251336666664088e+02
11545 2.636519206054819620e+02 1.187155018239164690e+02
11546 2.636341778803367788e+02 1.187058753631705059e+02
11547 2.636164380321927752e+02 1.186962542816056185e+02
11548 2.635987010592093043e+02 1.186866385763999290e+02
11549 2.635809669595467994e+02 1.186770282447331653e+02
11550 2.635632357313671150e+02 1.186674232837860785e+02
11551 2.635455073728330717e+02 1.186578236907406136e+02
11552 2.635277818821089681e+02 1.186482294627800655e+02
11553 2.635100592573602967e+02 1.186386405970890365e+02
11554 2.634923394967534591e+02 1.186290570908532089e+02
11555 2.634746225984565626e+02 1.186194789412595014e+02
11556 2.634569085606385670e+02 1.186099061454962538e+02
11557 2.634391973814700236e+02 1.186003387007529426e+02
11558 2.634214890591223366e+02 1.185907766042203804e+02
11559 2.634037835917682742e+02 1.185812198530903174e+02
11560 2.633860809775820826e+02 1.185716684445560531e+02
11561 2.633683812147386902e+02 1.185621223758120806e+02
11562 2.633506843014147307e+02 1.185525816440540154e+02
11563 2.633329902357878609e+02 1.185430462464788803e+02
11564 2.633152990160369882e+02 1.185335161802847921e+02
11565 2.632976106403422136e+02 1.185239914426710328e+02
11566 2.632799251068850594e+02 1.185144720308385047e+02
11567 2.632622424138477299e+02 1.185049579419887920e+02
11568 2.632445625594144190e+02 1.184954491733252127e+02
11569 2.632268855417697750e+02 1.184859457220520511e+02
11570 2.632092113591002658e+02 1.184764475853748564e+02
11571 2.631915400095931545e+02 1.184669547605006130e+02
11572 2.631738714914371826e+02 1.184574672446371437e+02
11573 2.631562058028221713e+02 1.184479850349939767e+02
11574 2.631385429419391926e+02 1.184385081287815638e+02
11575 2.631208829069805688e+02 1.184290365232116500e+02
11576 2.631032256961395888e+02 1.184195702154972878e+02
11577 2.630855713076113602e+02 1.184101092028527518e+02
11578 2.630679197395915025e+02 1.184006534824933965e+02
11579 2.630502709902771130e+02 1.183912030516360545e+02
11580 2.630326250578666532e+02 1.183817579074985247e+02
11581 2.630149819405595508e+02 1.183723180473002117e+02
11582 2.629973416365567118e+02 1.183628834682613871e+02
11583 2.629797041440598946e+02 1.183534541676036014e+02
11584 2.629620694612723355e+02 1.183440301425499825e+02
11585 2.629444375863984646e+02 1.183346113903244401e+02
11586 2.629268085176436216e+02 1.183251979081524041e+02
11587 2.629091822532146239e+02 1.183157896932603421e+02
11588 2.628915587913197101e+02 1.183063867428762705e+02
11589 2.628739381301677440e+02 1.182969890542289875e+02
11590 2.628563202679691813e+02 1.182875966245489110e+02
11591 2.628387052029355573e+02 1.182782094510674540e+02
11592 2.628210929332796013e+02 1.182688275310174220e+02
11593 2.628034834572153500e+02 1.182594508616327005e+02
11594 2.627858767729579199e+02 1.182500794401484967e+02
11595 2.627682728787235646e+02 1.182407132638011831e+02
11596 2.627506717727298451e+02 1.182313523298285531e+02
11597 2.627330734531955159e+02 1.182219966354692531e+02
11598 2.627154779183405822e+02 1.182126461779635207e+02
11599 2.626978851663860155e+02 1.182033009545526312e+02
11600 2.626802951955541516e+02 1.181939609624792098e+02
11601 2.626627080040686337e+02 1.181846261989869191e+02
11602 2.626451235901540713e+02 1.181752966613208997e+02
11603 2.626275419520359833e+02 1.181659723467272158e+02
11604 2.626099630879419919e+02 1.181566532524533670e+02
11605 2.625923869960999468e+02 1.181473393757482171e+02
11606 2.625748136747394028e+02 1.181380307138615393e+02
11607 2.625572431220911085e+02 1.181287272640443149e+02
11608 2.625396753363866651e+02 1.181194290235490740e+02
11609 2.625221103158590381e+02 1.181101359896294980e+02
11610 2.625045480587426709e+02 1.181008481595400923e+02
11611 2.624869885632725754e+02 1.180915655305371814e+02
11612 2.624694318276854688e+02 1.180822880998777862e+02
11613 2.624518778502189775e+02 1.180730158648204622e+02
11614 2.624343266291120358e+02 1.180637488226249303e+02
11615 2.624167781626046008e+02 1.180544869705520483e+02
11616 2.623992324489380508e+02 1.180452303058640240e+02
11617 2.623816894863547873e+02 1.180359788258241878e+02
11618 2.623641492730984055e+02 1.180267325276971206e+02
11619 2.623466118074135807e+02 1.180174914087485121e+02
11620 2.623290770875464091e+02 1.180082554662455863e+02
11621 2.623115451117438965e+02 1.179990246974564201e+02
11622 2.622940158782542994e+02 1.179897990996505683e+02
11623 2.622764893853271815e+02 1.179805786700985664e+02
11624 2.622589656312130728e+02 1.179713634060724416e+02
11625 2.622414446141638678e+02 1.179621533048453443e+02
11626 2.622239263324325975e+02 1.179529483636915330e+02
11627 2.622064107842732028e+02 1.179437485798864742e+02
11628 2.621888979825797037e+02 1.179338494899254357e+02
11629 2.621713882923434085e+02 1.179221439432815117e+02
11630 2.621538820773341172e+02 1.179104456961134275e+02
11631 2.621363793350403739e+02 1.178987547436424137e+02
11632 2.621188800629524280e+02 1.178870710810929694e+02
11633 2.621013842585626321e+02 1.178753947036934022e+02
11634 2.620838919193656693e+02 1.178637256066759846e+02
11635 2.620664030428579281e+02 1.178520637852761723e+02
11636 2.620489176265380138e+02 1.178404092347334995e+02
11637 2.620314356679066918e+02 1.178287619502910246e+02
11638 2.620139571644667171e+02 1.178171219271955152e+02
11639 2.619964821137226636e+02 1.178054891606973484e+02
11640 2.619790105131814926e+02 1.177938636460506956e+02
11641 2.619615423603519275e+02 1.177822453785131671e+02
11642 2.619440776527450225e+02 1.177706343533461819e+02
11643 2.619266163878735938e+02 1.177590305658147258e+02
11644 2.619091585632526176e+02 1.177474340111875364e+02
11645 2.618917041763991733e+02 1.177358446847369180e+02
11646 2.618742532248322163e+02 1.177242625817387278e+02
11647 2.618568057060729757e+02 1.177126876974728020e+02
11648 2.618393616176443857e+02 1.177011200272220037e+02
11649 2.618219209570716544e+02 1.176895595662733172e+02
11650 2.618044837218820931e+02 1.176780063099171940e+02
11651 2.617870499096046046e+02 1.176664602534476813e+02
11652 2.617696195177706500e+02 1.176549213921625636e+02
11653 2.617521925439132815e+02 1.176433897213627660e+02
11654 2.617347689855678823e+02 1.176318652363534625e+02
11655 2.617173488402716544e+02 1.176203479324430532e+02
11656 2.616999321055638461e+02 1.176088378049434056e+02
11657 2.616825187789858660e+02 1.175973348491704229e+02
11658 2.616651088580808846e+02 1.175858390604431776e+02
11659 2.616477023403943463e+02 1.175743504340845504e+02
11660 2.616302992234734575e+02 1.175628689654209182e+02
11661 2.616128995048675847e+02 1.175513946497820967e+02
11662 2.615955031821280841e+02 1.175399274825018381e+02
11663 2.615781102528082442e+02 1.175284674589169640e+02
11664 2.615607207144634572e+02 1.175170145743682326e+02
11665 2.615433345646508201e+02 1.175055688241999121e+02
11666 2.615259518009299882e+02 1.174941302037595534e+02
11667 2.615085724208620945e+02 1.174826987083986722e+02
11668 2.614911964220103187e+02 1.174712743334718255e+02
11669 2.614738238019402274e+02 1.174598570743376627e+02
11670 2.614564545582188657e+02 1.174484469263579030e+02
11671 2.614390887512182076e+02 1.174354534182504892e+02
11672 2.614217269433028150e+02 1.174210801115587941e+02
11673 2.614043693846113570e+02 1.174067146797561065e+02
11674 2.613870160722962055e+02 1.173923571183457710e+02
11675 2.613696670035117791e+02 1.173780074228350969e+02
11676 2.613523221754149404e+02 1.173636655887335962e+02
11677 2.613349815851643143e+02 1.173493316115539642e+02
11678 2.613176452299211974e+02 1.173350054868115251e+02
11679 2.613003131068484208e+02 1.173206872100246585e+02
11680 2.612829852131118855e+02 1.173063767767147851e+02
11681 2.612656615458785723e+02 1.172920741824058126e+02
11682 2.612483421023185883e+02 1.172777794226247607e+02
11683 2.612310268796036894e+02 1.172634924929016620e+02
11684 2.612137158749079049e+02 1.172492133887691921e+02
11685 2.611964090854075380e+02 1.172349421057629115e+02
11686 2.611791065082809382e+02 1.172206786394213083e+02
11687 2.611618081407085583e+02 1.172064229852856130e+02
11688 2.611445139798732953e+02 1.171921751389003106e+02
11689 2.611272240229596946e+02 1.171779350958121313e+02
11690 2.611099382671550302e+02 1.171637028515711876e+02
11691 2.610926567096482813e+02 1.171494784017300788e+02
11692 2.610753793476308715e+02 1.171352617418445590e+02
11693 2.610581061782961569e+02 1.171210528674730682e+02
11694 2.610408371988399381e+02 1.171068517741768460e+02
11695 2.610235724064597207e+02 1.170926584575198746e+02
11696 2.610063117983554548e+02 1.170784729130692909e+02
11697 2.609890553717291937e+02 1.170642951363948896e+02
11698 2.609718031237851505e+02 1.170501251230693356e+02
11699 2.609545550517295283e+02 1.170359628686680509e+02
11700 2.609373111527708033e+02 1.170218083687692143e+02
11701 2.609200714241195556e+02 1.170076616189542023e+02
11702 2.609028358629885815e+02 1.169935226148066647e+02
11703 2.608856044665924401e+02 1.169793913519135771e+02
11704 2.608683772321484753e+02 1.169652678258644585e+02
11705 2.608511541568753387e+02 1.169511520322515850e+02
11706 2.608339352379944671e+02 1.169370439666702879e+02
11707 2.608167204727292301e+02 1.169229436247184850e+02
11708 2.607995098583048161e+02 1.169088510019970215e+02
11709 2.607823033919491991e+02 1.168947660941094000e+02
11710 2.607651010708916033e+02 1.168806888966621784e+02
11711 2.607479029846329013e+02 1.168650585271149112e+02
11712 2.607307095479873169e+02 1.168490559801789601e+02
11713 2.607135208190598519e+02 1.168330640114700856e+02
11714 2.606963367940949183e+02 1.168170826116240590e+02
11715 2.606791574693409075e+02 1.168011117712892002e+02
11716 2.606619828410499622e+02 1.167851514811268316e+02
11717 2.606448129054784886e+02 1.167692017318110089e+02
11718 2.606276476588867013e+02 1.167532625140281795e+02
11719 2.606104870975391918e+02 1.167373338184780067e+02
11720 2.605933312177041898e+02 1.167214156358726029e+02
11721 2.605761800156539607e+02 1.167055079569367422e+02
11722 2.605590334876649194e+02 1.166896107724077893e+02
11723 2.605418916300174033e+02 1.166737240730360980e+02
11724 2.605247544389955010e+02 1.166578478495840443e+02
11725 2.605076219108877922e+02 1.166419820928271349e+02
11726 2.604904940419862669e+02 1.166261267935530697e+02
11727 2.604733708285871217e+02 1.166102819425621817e+02
11728 2.604562522669906457e+02 1.165944475306673667e+02
11729 2.604391383535006526e+02 1.165786235486938835e+02
11730 2.604220290844255601e+02 1.165628099874796533e+02
11731 2.604049244560769694e+02 1.165470068378747897e+02
11732 2.603878244647709721e+02 1.165312140907419405e+02
11733 2.603707291068273548e+02 1.165154317369560175e+02
11734 2.603536383785697126e+02 1.164996597674045802e+02
11735 2.603365522763256763e+02 1.164838981729872245e+02
11736 2.603194707964269128e+02 1.164681469446160094e+02
11737 2.603023939352088405e+02 1.164524060732153430e+02
11738 2.602853216890108001e+02 1.164366755497217696e+02
11739 2.602682540541758840e+02 1.164209553650840832e+02
11740 2.602511910270512772e+02 1.164052455102633843e+02
11741 2.602341326039878027e+02 1.163895459762328954e+02
11742 2.602170787813407742e+02 1.163738567539781741e+02
11743 2.602000295554683476e+02 1.163581778344968001e+02
11744 2.601829849227334535e+02 1.163425092087983614e+02
11745 2.601659448795022627e+02 1.163268508679049518e+02
11746 2.601489094221454366e+02 1.163112028028503318e+02
11747 2.601318785470365356e+02 1.162955650046805971e+02
11748 2.601148522505538381e+02 1.162799374644534822e+02
11749 2.600978305290790900e+02 1.162643201732394829e+02
11750 2.600808133789979024e+02 1.162487131221204635e+02
11751 2.600638007966995815e+02 1.162331163021903251e+02
11752 2.600467927785774691e+02 1.162175297045551758e+02
11753 2.600297893210284315e+02 1.162019533203330326e+02
11754 2.600127904204535412e+02 1.161863871406533093e+02
11755 2.599957960732572815e+02 1.161708311566581386e+02
11756 2.599788062758480578e+02 1.161552853595008372e+02
11757 2.599618210246381409e+02 1.161397497403468151e+02
11758 2.599448403160434395e+02 1.161242242903732915e+02
11759 2.599278641464838415e+02 1.161087090007694229e+02
11760 2.599108925123827021e+02 1.160932038627357201e+02
11761 2.598939254101673555e+02 1.160777088674848301e+02
11762 2.598769628362690014e+02 1.160622240062411805e+02
11763 2.598600047871221363e+02 1.160467492702404684e+02
11764 2.598430512591655202e+02 1.160312846507304414e+02
11765 2.598261022488413801e+02 1.160158301389704008e+02
11766 2.598091577525957518e+02 1.160003857262314000e+02
11767 2.597922177668783661e+02 1.159849514037959750e+02
11768 2.597752822881424777e+02 1.159695271629581725e+02
11769 2.597583513128455479e+02 1.159541129950238627e+02
11770 2.597414248374482781e+02 1.159387088913102275e+02
11771 2.597245028584154625e+02 1.159233148431461302e+02
11772 2.597075853722151351e+02 1.159079308418720871e+02
11773 2.596906723753194797e+02 1.158925568788396987e+02
11774 2.596737638642041475e+02 1.158771929454123324e+02
11775 2.596568598353484845e+02 1.158618390329648378e+02
11776 2.596399602852354178e+02 1.158464951328833052e+02
11777 2.596230652103517968e+02 1.158311612365652792e+02
11778 2.596061746071880521e+02 1.158158373354198005e+02
11779 2.595892884722381382e+02 1.158005234208672221e+02
11780 2.595724068019997048e+02 1.157852194843389526e+02
11781 2.595555295929742101e+02 1.157699255172781676e+02
11782 2.595386568416666933e+02 1.157546415111392548e+02
11783 2.595217885445857178e+02 1.157393674573876297e+02
11784 2.595049246982435989e+02 1.157241033475000904e+02
11785 2.594880652991561760e+02 1.157088491729648041e+02
11786 2.594712103438430972e+02 1.156936049252808658e+02
11787 2.594543598288275348e+02 1.156783705959588957e+02
11788 2.594375137506360716e+02 1.156631461765204136e+02
11789 2.594206721057992695e+02 1.156479316584983934e+02
11790 2.594038348908511011e+02 1.156327270334364385e+02
11791 2.593870021023290633e+02 1.156175322928897629e+02
11792 2.593701737367744045e+02 1.156023474284245083e+02
11793 2.593533497907318406e+02 1.155871724316178444e+02
11794 2.593365302607497824e+02 1.155720072940578405e+02
11795 2.593197151433800514e+02 1.155568520073441050e+02
11796 2.593029044351781636e+02 1.155417065630865352e+02
11797 2.592860981327033869e+02 1.155265709529067237e+02
11798 2.592692962325181156e+02 1.155114451684365520e+02
11799 2.592524987311886093e+02 1.154963292013195257e+02
11800 2.592357056252845950e+02 1.154812230432095390e+02
11801 2.592189169113793810e+02 1.154661266857717550e+02
11802 2.592021325860497427e+02 1.154510401206819097e+02
11803 2.591853526458761507e+02 1.154359633396269089e+02
11804 2.591685770874424293e+02 1.154208963343042029e+02
11805 2.591518059073360973e+02 1.154058390964223975e+02
11806 2.591350391021476867e+02 1.153907916177007138e+02
11807 2.591182766684721628e+02 1.153757538898690598e+02
11808 2.591015186029072197e+02 1.153607259046682856e+02
11809 2.590847649020544736e+02 1.153457076538500274e+02
11810 2.590680155625186671e+02 1.153306991291764376e+02
11811 2.590512705809085219e+02 1.153157003224205113e+02
11812 2.590345299538358290e+02 1.153007112253660011e+02
11813 2.590177936779161314e+02 1.152857318298070908e+02
11814 2.590010617497682688e+02 1.152707621275489061e+02
11815 2.589843341660146621e+02 1.152558021104070036e+02
11816 2.589676109232811996e+02 1.152408517702076267e+02
11817 2.589508920181971803e+02 1.152259110987875630e+02
11818 2.589341774473954274e+02 1.152109800879941162e+02
11819 2.589174672075121180e+02 1.151960587296853475e+02
11820 2.589007612951870669e+02 1.151811470157295787e+02
11821 2.588840597070633294e+02 1.151662449380059030e+02
11822 2.588673624397875415e+02 1.151513524884036599e+02
11823 2.588506694900096932e+02 1.151364696588230032e+02
11824 2.588339810085325894e+02 1.151187948243159127e+02
11825 2.588172977630863443e+02 1.151002434637968861e+02
11826 2.588006198934442637e+02 1.150817056200266251e+02
11827 2.587839473948245086e+02 1.150631812802612615e+02
11828 2.587672802624506403e+02 1.150446704317783144e+02
11829 2.587506184915516769e+02 1.150261730618760225e+02
11830 2.587339620773626052e+02 1.150076891578739549e+02
11831 2.587173110151236415e+02 1.149892187071123146e+02
11832 2.587006653000804590e+02 1.149707616969521382e+02
11833 2.586840249274846428e+02 1.149523181147753945e+02
11834 2.586673898925930644e+02 1.149338879479851272e+02
11835 2.586507601906679383e+02 1.149154711840041756e+02
11836 2.586341358169775049e+02 1.148970678102767806e+02
11837 2.586175167667948926e+02 1.148786778142673342e+02
11838 2.586009030353990283e+02 1.148603011834611607e+02
11839 2.585842946180744093e+02 1.148419379053637215e+02
11840 2.585676915101107056e+02 1.148235879675008846e+02
11841 2.585510937068033854e+02 1.148052513574189248e+02
11842 2.585345012034531464e+02 1.147869280626846233e+02
11843 2.585179139953660297e+02 1.147686180708846564e+02
11844 2.585013320778538173e+02 1.147503213696259934e+02
11845 2.584847554462334074e+02 1.147320379465357831e+02
11846 2.584681840958272687e+02 1.147137677892614676e+02
11847 2.584516180219631565e+02 1.146955108854699148e+02
11848 2.584350572199743965e+02 1.146772672228485561e+02
11849 2.584185016851997148e+02 1.146590367891045901e+02
11850 2.584019514129827257e+02 1.146408195719647836e+02
11851 2.583854063986730694e+02 1.146226155591759124e+02
11852 2.583688666376253309e+02 1.146044247385047044e+02
11853 2.583523321251995526e+02 1.145862470977372993e+02
11854 2.583358028567610631e+02 1.145680826246794766e+02
11855 2.583192788276806482e+02 1.145499313071567826e+02
11856 2.583027600333341525e+02 1.145317931330141050e+02
11857 2.582862464691029913e+02 1.145136680901160986e+02
11858 2.582697381303738666e+02 1.144955561663467165e+02
11859 2.582532350125385392e+02 1.144774573496090539e+02
11860 2.582367371109942269e+02 1.144593716278258171e+02
11861 2.582202444211434340e+02 1.144412989889388967e+02
11862 2.582037569383937807e+02 1.144232394209096100e+02
11863 2.581872746581582874e+02 1.144051929117179469e+02
11864 2.581707975758552607e+02 1.143871594493636934e+02
11865 2.581543256869079528e+02 1.143691390218651520e+02
11866 2.581378589867450728e+02 1.143511316172598953e+02
11867 2.581213974708006162e+02 1.143331372236043251e+02
11868 2.581049411345135240e+02 1.143151558289739853e+02
11869 2.580884899733282509e+02 1.142971874214630787e+02
11870 2.580720439826941970e+02 1.142792319891848081e+02
11871 2.580556031580660488e+02 1.142612895202708643e+02
11872 2.580391674949035519e+02 1.142433600028718530e+02
11873 2.580227369886718520e+02 1.142254434251572093e+02
11874 2.580063116348409835e+02 1.142075397753146575e+02
11875 2.579898914288862102e+02 1.141896490415504672e+02
11876 2.579734763662881960e+02 1.141717712120899364e+02
11877 2.579570664425322093e+02 1.141539062751761691e+02
11878 2.579406616531091458e+02 1.141360542190712124e+02
11879 2.579242619935147331e+02 1.141182150320551614e+02
11880 2.579078674592498714e+02 1.141003887024266987e+02
11881 2.578914780458204632e+02 1.140825752185022992e+02
11882 2.578750937487376405e+02 1.140647745686171817e+02
11883 2.578587145635177080e+02 1.140469867411246270e+02
11884 2.578423404856817456e+02 1.140292117243959069e+02
11885 2.578259715107560055e+02 1.140114495068204548e+02
11886 2.578096076342719130e+02 1.139937000768055668e+02
11887 2.577932488517657816e+02 1.139759634227768714e+02
11888 2.577768951587790411e+02 1.139582395331774904e+02
11889 2.577605465508580096e+02 1.139405283964688635e+02
11890 2.577442030235544053e+02 1.139228300011299808e+02
11891 2.577278645724244370e+02 1.139051443356577096e+02
11892 2.577115311930298276e+02 1.138874713885667518e+02
11893 2.576952028809365629e+02 1.138698111483892603e+02
11894 2.576788796317166543e+02 1.138521636036755353e+02
11895 2.576625614409461491e+02 1.138345287429928732e+02
11896 2.576462483042067220e+02 1.138169065549266605e+02
11897 2.576299402170842541e+02 1.137992970280791809e+02
11898 2.576136371751703678e+02 1.137817001510710924e+02
11899 2.575973391740613465e+02 1.137641159125395234e+02
11900 2.575810462093580782e+02 1.137465443011393802e+02
11901 2.575647582766669075e+02 1.137289853055431905e+02
11902 2.575484753715987267e+02 1.137114389144404925e+02
11903 2.575321974897695441e+02 1.136939051165379198e+02
11904 2.575159246268000857e+02 1.136763839005594150e+02
11905 2.574996567783161936e+02 1.136588752552463859e+02
11906 2.574833939399483711e+02 1.136413791693567106e+02
11907 2.574671361073320099e+02 1.136238956316657038e+02
11908 2.574508832761075041e+02 1.136064246309659751e+02
11909 2.574346354419203067e+02 1.135889661560665758e+02
11910 2.574183926004201908e+02 1.135715201957937239e+02
11911 2.574021547472622160e+02 1.135540867389905344e+02
11912 2.573859218781060463e+02 1.135366657745169192e+02
11913 2.573696939886162909e+02 1.135192572912495592e+02
11914 2.573534710744623908e+02 1.135018612780820462e+02
11915 2.573372531313184481e+02 1.134844777239244138e+02
11916 2.573210401548636241e+02 1.134671066177035783e+02
11917 2.573048321407815706e+02 1.134497479483628979e+02
11918 2.572886290847610553e+02 1.134324017048624427e+02
11919 2.572724309824952797e+02 1.134150678761788242e+02
11920 2.572562378296826182e+02 1.133977464513050393e+02
11921 2.572400496220257082e+02 1.133804374192505691e+02
11922 2.572238663552325875e+02 1.133631407690413511e+02
11923 2.572076880250155000e+02 1.133458564897196794e+02
11924 2.571915146270915784e+02 1.133285845703440344e+02
11925 2.571753461571827870e+02 1.133113249999893384e+02
11926 2.571591826110158649e+02 1.132940777677468276e+02
11927 2.571430239843219852e+02 1.132768428627234272e+02
11928 2.571268702728373796e+02 1.132596202740431437e+02
11929 2.571107214723027710e+02 1.132424099908449335e+02
11930 2.570945775784637135e+02 1.132252120022847635e+02
11931 2.570784385870701385e+02 1.132080262975341043e+02
11932 2.570623044938772068e+02 1.131908528657808688e+02
11933 2.570461752946442857e+02 1.131736916962281043e+02
11934 2.570300509851355173e+02 1.131565427780958260e+02
11935 2.570139315611198185e+02 1.131394061006191833e+02
11936 2.569978170183707107e+02 1.131222816530491855e+02
11937 2.569817073526662625e+02 1.131051694246529280e+02
11938 2.569656025597894313e+02 1.130880694047130675e+02
11939 2.569495026355273239e+02 1.130709815825278923e+02
11940 2.569334075756722200e+02 1.130539059474115788e+02
11941 2.569173173760207760e+02 1.130368424886936083e+02
11942 2.569012320323740823e+02 1.130197911957194066e+02
11943 2.568851515405381747e+02 1.130027520578496620e+02
11944 2.568690758963233520e+02 1.129857250644606381e+02
11945 2.568530050955448019e+02 1.129687102049440881e+02
11946 2.568369391340219181e+02 1.129517074687070277e+02
11947 2.568208780075790401e+02 1.129347168451721615e+02
11948 2.568048217120448840e+02 1.129177383237773284e+02
11949 2.567887702432528272e+02 1.129007718939757297e+02
11950 2.567727235970405673e+02 1.128838175452355870e+02
11951 2.567566817692504628e+02 1.128668752670408963e+02
11952 2.567406447557297611e+02 1.128499450488902482e+02
11953 2.567246125523295746e+02 1.128330268802976661e+02
11954 2.567085851549060180e+02 1.128161207507924360e+02
11955 2.566925625593195264e+02 1.127992266499184666e+02
11956 2.566765447614351388e+02 1.127823445672351852e+02
11957 2.566605317571223281e+02 1.127654744923165850e+02
11958 2.566445235422551150e+02 1.127486164147520498e+02
11959 2.566285201127117830e+02 1.127317703241455149e+02
11960 2.566125214643755044e+02 1.127149362101158374e+02
11961 2.565965275931336009e+02 1.126981140622970088e+02
11962 2.565805384948778851e+02 1.126813038703375582e+02
11963 2.565645541655047168e+02 1.126645056239007801e+02
11964 2.565485746009149466e+02 1.126477193126648615e+02
11965 2.565325997970136882e+02 1.126309449263223996e+02
11966 2.565166297497106598e+02 1.126141824545810550e+02
11967 2.565006644549199564e+02 1.125974318871628412e+02
11968 2.564847039085599931e+02 1.125806932138042527e+02
11969 2.564687481065537895e+02 1.125639664242565630e+02
11970 2.564527970448286851e+02 1.125472515082855267e+02
11971 2.564368507193162827e+02 1.125305484556712372e+02
11972 2.564209091259527327e+02 1.125138572562083539e+02
11973 2.564049722606785622e+02 1.124971778997057186e+02
11974 2.563890401194387323e+02 1.124805103759868956e+02
11975 2.563731126981824673e+02 1.124638546748895891e+02
11976 2.563571899928632547e+02 1.124472107862655150e+02
11977 2.563412719994392432e+02 1.124305786999810692e+02
11978 2.563253587138726743e+02 1.124139584059168158e+02
11979 2.563094501321302232e+02 1.123973498939672879e+02
11980 2.562935462501829988e+02 1.123807531540412157e+02
11981 2.562776470638099795e+02 1.123641711249210431e+02
11982 2.562617525683266990e+02 1.123476010509413072e+02
11983 2.562458627596842007e+02 1.123310427428483536e+02
11984 2.562299776338645074e+02 1.123144961906147046e+02
11985 2.562140971868536212e+02 1.122979613842273068e+02
11986 2.561982214146420347e+02 1.122814383136865217e+02
11987 2.561823503132241058e+02 1.122649269690068934e+02
11988 2.561664838785990241e+02 1.122484273402163808e+02
11989 2.561506221067700153e+02 1.122319394173572107e+02
11990 2.561347649937444544e+02 1.122154631904849538e+02
11991 2.561189125355341503e+02 1.121989986496691927e+02
11992 2.561030647281552319e+02 1.121825457849929535e+02
11993 2.560872215676278643e+02 1.121661045865531179e+02
11994 2.560713830499767028e+02 1.121496750444601673e+02
11995 2.560555491712303251e+02 1.121332571488379273e+02
11996 2.560397199274217996e+02 1.121168508898239082e+02
11997 2.560238953145885148e+02 1.121004562575692631e+02
11998 2.560080753287716107e+02 1.120840732422383752e+02
11999 2.559922599660170874e+02 1.120677018340094548e+02
12000 2.559764492223746117e+02 1.120513420230734880e+02
12001 2.559606430938982271e+02 1.120349937996355294e+02
12002 2.559448415766462688e+02 1.120186571539137361e+02
12003 2.559290446666812500e+02 1.120023320761392682e+02
12004 2.559132523600696913e+02 1.119860185565570276e+02
12005 2.558974646528824621e+02 1.119697165854248624e+02
12006 2.558816815411945527e+02 1.119534261530139361e+02
12007 2.558659030210850460e+02 1.119371472496086426e+02
12008 2.558501290886373738e+02 1.119208798655065777e+02
12009 2.558343597399389466e+02 1.119046239910181981e+02
12010 2.558185949710811826e+02 1.118883796164673043e+02
12011 2.558028347781599336e+02 1.118721467321905720e+02
12012 2.557870791572752296e+02 1.118559253285379640e+02
12013 2.557713281045308236e+02 1.118397153958721759e+02
12014 2.557555816160349309e+02 1.118235169245687786e+02
12015 2.557398396878997175e+02 1.118073299050168004e+02
12016 2.557241023162415559e+02 1.117911543276175479e+02
12017 2.557083694971809109e+02 1.117749901827855439e+02
12018 2.556926412268422268e+02 1.117588374609479871e+02
12019 2.556769175013541826e+02 1.117426961525449940e+02
12020 2.556611983168493509e+02 1.117265662480294424e+02
12021 2.556454836694647383e+02 1.117104477378670140e+02
12022 2.556297735553409893e+02 1.116943406125358820e+02
12023 2.556140679706230969e+02 1.116782448625270803e+02
12024 2.555983669114599763e+02 1.116621604783440631e+02
12025 2.555826703740045787e+02 1.116460874505033729e+02
12026 2.555669783544141183e+02 1.116300257695337592e+02
12027 2.555512908488495327e+02 1.116139754259764629e+02
12028 2.555356078534761366e+02 1.115979364103855715e+02
12029 2.555199293644629677e+02 1.115819087133274934e+02
12030 2.555042553779831849e+02 1.115658923253810002e+02
12031 2.554885858902140683e+02 1.115498872371377104e+02
12032 2.554729208973367918e+02 1.115338934392010373e+02
12033 2.554572603955365651e+02 1.115179109221871698e+02
12034 2.554416043810024348e+02 1.115019396767246036e+02
12035 2.554259528499278247e+02 1.114859796934542686e+02
12036 2.554103057985099952e+02 1.114700309630289325e+02
12037 2.553946632229497595e+02 1.114540934761142097e+02
12038 2.553790251194526206e+02 1.114381672233876088e+02
12039 2.553633914842274635e+02 1.114222521955387748e+02
12040 2.553477623134873795e+02 1.114063483832696733e+02
12041 2.553321376034493539e+02 1.113904557772944059e+02
12042 2.553165173503345500e+02 1.113745743683392817e+02
12043 2.553009015503677972e+02 1.113587041471423333e+02
12044 2.552852901997779043e+02 1.113428451044540566e+02
12045 2.552696832947976304e+02 1.113269972310367137e+02
12046 2.552540808316637708e+02 1.113111605176648595e+02
12047 2.552384828066169860e+02 1.112953349551247300e+02
12048 2.552228892159017732e+02 1.112795205342143134e+02
12049 2.552073000557665807e+02 1.112637172457441750e+02
12050 2.551917153224638639e+02 1.112479250805362767e+02
12051 2.551761350122497447e+02 1.112321440294243331e+02
12052 2.551605591213846083e+02 1.112163740832544647e+02
12053 2.551449876461323640e+02 1.112006152328840471e+02
12054 2.551294205827608721e+02 1.111848674691822509e+02
12055 2.551138579275420568e+02 1.111691307830303970e+02
12056 2.550982996767515374e+02 1.111534051653212316e+02
12057 2.550827458266689405e+02 1.111376906069591683e+02
12058 2.550671963735774739e+02 1.111219870988604441e+02
12059 2.550516513137645802e+02 1.111062946319527072e+02
12060 2.550361106435212832e+02 1.110906131971754434e+02
12061 2.550205743591425005e+02 1.110749427854796068e+02
12062 2.550050424569270717e+02 1.110592833878277474e+02
12063 2.549895149331775031e+02 1.110436349951937700e+02
12064 2.549739917842003933e+02 1.110279975985634167e+02
12065 2.549584730063058373e+02 1.110123711889335709e+02
12066 2.549429585958079656e+02 1.109967557573128971e+02
12067 2.549274485490246605e+02 1.109811512947211440e+02
12068 2.549119428622775558e+02 1.109655577921894150e+02
12069 2.548964415318921226e+02 1.109499752407606508e+02
12070 2.548809445541977539e+02 1.109344036314887205e+02
12071 2.548654519255273669e+02 1.109188429554388193e+02
12072 2.548499636422178583e+02 1.109032932036876531e+02
12073 2.548344797006098474e+02 1.108877543673229980e+02
12074 2.548190000970477058e+02 1.108722264374439845e+02
12075 2.548035248278795564e+02 1.108567094051608564e+02
12076 2.547880538894572737e+02 1.108412032615949983e+02
12077 2.547725872781365410e+02 1.108257079978792348e+02
12078 2.547571249902768500e+02 1.108102236051571055e+02
12079 2.547416670222412733e+02 1.107947500745835043e+02
12080 2.547262133703967208e+02 1.107792873973244667e+02
12081 2.547107640311137970e+02 1.107638355645568993e+02
12082 2.546953190007669150e+02 1.107483945674688499e+02
12083 2.546798782757340120e+02 1.107329643972592521e+02
12084 2.546644418523970614e+02 1.107175450451381380e+02
12085 2.546490097271413333e+02 1.107021365023264394e+02
12086 2.546335818963561906e+02 1.106867387600559596e+02
12087 2.546181583564346056e+02 1.106713518095696003e+02
12088 2.546027391037728762e+02 1.106559756421208647e+02
12089 2.545873241347717055e+02 1.106406102489743830e+02
12090 2.545719134458347526e+02 1.106252556214052589e+02
12091 2.545565070333697975e+02 1.106099117506998510e+02
12092 2.545411048937880878e+02 1.105945786281548067e+02
12093 2.545257070235047365e+02 1.105792562450779997e+02
12094 2.545103134189383240e+02 1.105639445927875784e+02
12095 2.544949240765111824e+02 1.105486436626127897e+02
12096 2.544795389926493669e+02 1.105333534458933116e+02
12097 2.544641581637823151e+02 1.105180739339796077e+02
12098 2.544487815863435287e+02 1.105028051182325441e+02
12099 2.544334092567697780e+02 1.104875469900239437e+02
12100 2.544180411715015850e+02 1.104722995407357757e+02
12101 2.544026773269831665e+02 1.104570627617612502e+02
12102 2.543873177196621782e+02 1.104418366445031410e+02
12103 2.543719623459902550e+02 1.104266211803756903e+02
12104 2.543566112024221866e+02 1.104114163608030026e+02
12105 2.543412642854167700e+02 1.103962221772198120e+02
12106 2.543259215914362130e+02 1.103810386210713830e+02
12107 2.543105831169461908e+02 1.103658656838133680e+02
12108 2.542952488584162722e+02 1.103507033569116516e+02
12109 2.542799188123194085e+02 1.103355516318427050e+02
12110 2.542645929751321034e+02 1.103204105000931037e+02
12111 2.542492713433346410e+02 1.103052799531599391e+02
12112 2.542339539134107440e+02 1.102901599825507759e+02
12113 2.542186406818475746e+02 1.102750505797827714e+02
12114 2.542033316451361884e+02 1.102599517363841954e+02
12115 2.541880267997709666e+02 1.102448634438929389e+02
12116 2.541727261422497008e+02 1.102297856938572380e+02
12117 2.541574296690741050e+02 1.102147184778356319e+02
12118 2.541421373767491616e+02 1.101996617873966784e+02
12119 2.541268492617835761e+02 1.101846156141192807e+02
12120 2.541115653206892091e+02 1.101695799495921335e+02
12121 2.540962855499820989e+02 1.101545547854144047e+02
12122 2.540810099461810125e+02 1.101395401131948972e+02
12123 2.540657385058089801e+02 1.101245359245528448e+02
12124 2.540504712253920729e+02 1.101095422111171871e+02
12125 2.540352081014600287e+02 1.100945589645272520e+02
12126 2.540199491305461379e+02 1.100795861764321302e+02
12127 2.540046943091870446e+02 1.100646238384906894e+02
12128 2.539894436339228605e+02 1.100496719423719014e+02
12129 2.539741971012974773e+02 1.100347304797546570e+02
12130 2.539589547078579699e+02 1.100197994423278942e+02
12131 2.539437164501551365e+02 1.100048788217901148e+02
12132 2.539284823247428733e+02 1.099899686098498535e+02
12133 2.539132523281789702e+02 1.099750687982253936e+02
12134 2.538980264570245140e+02 1.099601793786449804e+02
12135 2.538828047078439454e+02 1.099453003428462381e+02
12136 2.538675870772053713e+02 1.099304316825770513e+02
12137 2.538523735616801105e+02 1.099155733895947833e+02
12138 2.538371641578430058e+02 1.099007254556665742e+02
12139 2.538219588622725382e+02 1.098858878725691852e+02
12140 2.538067576715502867e+02 1.098710606320890975e+02
12141 2.537915605822616385e+02 1.098562437260224414e+02
12142 2.537763675909950791e+02 1.098414371461749823e+02
12143 2.537611786943426466e+02 1.098266408843621633e+02
12144 2.537459938888999034e+02 1.098118549324088065e+02
12145 2.537308131712656234e+02 1.097970792821496673e+02
12146 2.537156365380420766e+02 1.097823139254286247e+02
12147 2.537004639858350004e+02 1.097675588540995761e+02
12148 2.536852955112534858e+02 1.097528140600254005e+02
12149 2.536701311109099208e+02 1.097380795350786400e+02
12150 2.536549707753011376e+02 1.097235738469010613e+02
12151 2.536398144156462706e+02 1.097093992633283648e+02
12152 2.536246619710728112e+02 1.096952351813994113e+02
12153 2.536095134381748437e+02 1.096810815923626024e+02
12154 2.535943688135502327e+02 1.096669384874766422e+02
12155 2.535792280938004808e+02 1.096528058580102680e+02
12156 2.535640912755303873e+02 1.096386836952432304e+02
12157 2.535489583553484749e+02 1.096245719904648723e+02
12158 2.535338293298665917e+02 1.096104707349750669e+02
12159 2.535187041957003373e+02 1.095963799200839617e+02
12160 2.535035829494686368e+02 1.095822995371121067e+02
12161 2.534884655877938826e+02 1.095682295773897863e+02
12162 2.534733521073021620e+02 1.095541700322580283e+02
12163 2.534582425046229446e+02 1.095401208930674812e+02
12164 2.534431367763891956e+02 1.095260821511791960e+02
12165 2.534280349192373478e+02 1.095120537979647111e+02
12166 2.534129369298073300e+02 1.094980358248048873e+02
12167 2.533978428047425098e+02 1.094840282230912294e+02
12168 2.533827525406898928e+02 1.094700309842252608e+02
12169 2.533676661342997818e+02 1.094560440996182678e+02
12170 2.533525835822260035e+02 1.094420675606915694e+02
12171 2.533375048811258239e+02 1.094281013588768730e+02
12172 2.533224300276598342e+02 1.094141454856154212e+02
12173 2.533073590184922352e+02 1.094001999323585181e+02
12174 2.532922918502908374e+02 1.093862646905674723e+02
12175 2.532772285197266342e+02 1.093723397517136675e+02
12176 2.532621690234738310e+02 1.093584251072777818e+02
12177 2.532471133581351808e+02 1.093445272336875149e+02
12178 2.532320615161169428e+02 1.093306715407067173e+02
12179 2.532170134878804220e+02 1.093168262149151246e+02
12180 2.532019692700894211e+02 1.093029912478138783e+02
12181 2.531869288594113243e+02 1.092891666309135985e+02
12182 2.531718922525164999e+02 1.092753523557348103e+02
12183 2.531568594460792099e+02 1.092615484138076312e+02
12184 2.531418304367767007e+02 1.092477547966717708e+02
12185 2.531268052212901694e+02 1.092339714958768297e+02
12186 2.531117837963036266e+02 1.092201985029815461e+02
12187 2.530967661585048631e+02 1.092064358095547476e+02
12188 2.530817523045847111e+02 1.091926834071744992e+02
12189 2.530667422312378108e+02 1.091789412874287848e+02
12190 2.530517359351620144e+02 1.091652094419146692e+02
12191 2.530367334130583004e+02 1.091514878622390370e+02
12192 2.530217346616313989e+02 1.091377765400184501e+02
12193 2.530067396775890813e+02 1.091240754668783239e+02
12194 2.529917484576429558e+02 1.091103846344541921e+02
12195 2.529767609985073022e+02 1.090967040343905694e+02
12196 2.529617772969002090e+02 1.090830336583415772e+02
12197 2.529467973495432318e+02 1.090693734979708154e+02
12198 2.529318211531607687e+02 1.090557235449511495e+02
12199 2.529168487044811400e+02 1.090420837909647958e+02
12200 2.529018800002355931e+02 1.090284542277033495e+02
12201 2.528869150371586727e+02 1.090148348468676716e+02
12202 2.528719538119886465e+02 1.090012256401681014e+02
12203 2.528569963214667666e+02 1.089876265993240168e+02
12204 2.528420425623377525e+02 1.089740377160641458e+02
12205 2.528270925313493933e+02 1.089604589821266387e+02
12206 2.528121462252531728e+02 1.089468903892585558e+02
12207 2.527972036408035308e+02 1.089333319292164219e+02
12208 2.527822647747585449e+02 1.089197835937657004e+02
12209 2.527673296238793057e+02 1.089062453746813759e+02
12210 2.527523981849301720e+02 1.088927172637473006e+02
12211 2.527374704546790838e+02 1.088791992527565498e+02
12212 2.527225464298969655e+02 1.088656913335111085e+02
12213 2.527076261073581804e+02 1.088521934978224408e+02
12214 2.526927094838403320e+02 1.088387057375108640e+02
12215 2.526777965561242922e+02 1.088252280444057476e+02
12216 2.526628873209940593e+02 1.088117604103454283e+02
12217 2.526479817752372696e+02 1.087983028271775225e+02
12218 2.526330799156442879e+02 1.087848552867583010e+02
12219 2.526181817390092306e+02 1.087714177809532572e+02
12220 2.526032872421291700e+02 1.087579903016368092e+02
12221 2.525883964218043616e+02 1.087445728406922569e+02
12222 2.525735092748386137e+02 1.087311653900118671e+02
12223 2.525586257980386620e+02 1.087177679414968594e+02
12224 2.525437459882146811e+02 1.087043804870571222e+02
12225 2.525288698421798017e+02 1.086910030186116956e+02
12226 2.525139973567507639e+02 1.086776355280884587e+02
12227 2.524991285287473488e+02 1.086642780074238459e+02
12228 2.524842633549922937e+02 1.086509304485634431e+02
12229 2.524694018323118598e+02 1.086375928434613627e+02
12230 2.524545439575355488e+02 1.086242651840806843e+02
12231 2.524396897274956757e+02 1.086109474623931987e+02
12232 2.524248391390282507e+02 1.085976396703793370e+02
12233 2.524099921889722111e+02 1.085843418000285538e+02
12234 2.523951488741695641e+02 1.085710538433385892e+02
12235 2.523803091914657273e+02 1.085577757923163915e+02
12236 2.523654731377092446e+02 1.085445076389769810e+02
12237 2.523506407097518149e+02 1.085312493753446574e+02
12238 2.523358119044482066e+02 1.085180009934517926e+02
12239 2.523209867186565418e+02 1.085047624853399668e+02
12240 2.523061651492378132e+02 1.084915338430586900e+02
12241 2.522913471930566232e+02 1.084783150586667944e+02
12242 2.522765328469802455e+02 1.084651061242310846e+02
12243 2.522617221078795637e+02 1.084519070318272043e+02
12244 2.522469149726280762e+02 1.084387177735393237e+02
12245 2.522321114381030043e+02 1.084255383414600260e+02
12246 2.522173115011842697e+02 1.084123687276905770e+02
12247 2.522025151587551477e+02 1.083992089243406411e+02
12248 2.521877224077019264e+02 1.083860589235281964e+02
12249 2.521729332449140202e+02 1.083729187173800028e+02
12250 2.521581476672841404e+02 1.083597882980309777e+02
12251 2.521433656717078122e+02 1.083466676576245362e+02
12252 2.521285872550839997e+02 1.083335567883126060e+02
12253 2.521138124143146513e+02 1.083204556822553286e+02
12254 2.520990411463045859e+02 1.083073643316213435e+02
12255 2.520842734479622038e+02 1.082942827285876035e+02
12256 2.520695093161984914e+02 1.082812108653394603e+02
12257 2.520547487479279312e+02 1.082681487340705218e+02
12258 2.520399917400678476e+02 1.082550963269826525e+02
12259 2.520252382895386916e+02 1.082420536362861583e+02
12260 2.520104883932641826e+02 1.082290206541993598e+02
12261 2.519957420481707686e+02 1.082159973729492179e+02
12262 2.519809992511883650e+02 1.082029837847705380e+02
12263 2.519662599992497292e+02 1.081899798819067087e+02
12264 2.519515242892905746e+02 1.081769856566090340e+02
12265 2.519367921182499117e+02 1.081640011011372451e+02
12266 2.519220634830698202e+02 1.081510262077588749e+02
12267 2.519073383806950233e+02 1.081380609687499259e+02
12268 2.518926168080739956e+02 1.081251053763949130e+02
12269 2.518778987621575425e+02 1.081121594229856981e+02
12270 2.518631842399000220e+02 1.080992231008226554e+02
12271 2.518484732382584923e+02 1.080862964022142592e+02
12272 2.518337654651070636e+02 1.080776838072057160e+02
12273 2.518190600276686268e+02 1.080691346669513138e+02
12274 2.518043569162019537e+02 1.080605919280505844e+02
12275 2.517896561287818713e+02 1.080520555840238472e+02
12276 2.517749576634852531e+02 1.080435256284008148e+02
12277 2.517602615183910473e+02 1.080350020547198966e+02
12278 2.517455676915807317e+02 1.080264848565290521e+02
12279 2.517308761811376598e+02 1.080179740273851507e+02
12280 2.517161869851474307e+02 1.080094695608542565e+02
12281 2.517015001016975759e+02 1.080009714505114005e+02
12282 2.516868155288781850e+02 1.079924796899408221e+02
12283 2.516721332647813085e+02 1.079839942727357425e+02
12284 2.516574533075011004e+02 1.079755151924983920e+02
12285 2.516427756551337609e+02 1.079670424428399542e+02
12286 2.516281003057779913e+02 1.079585760173808211e+02
12287 2.516134272575343118e+02 1.079501159097502381e+02
12288 2.515987565085053745e+02 1.079416621135864602e+02
12289 2.515840880567961904e+02 1.079332146225364255e+02
12290 2.515694219005137313e+02 1.079247734302566073e+02
12291 2.515547580377671011e+02 1.079163385304118918e+02
12292 2.515400964666676771e+02 1.079079099166762319e+02
12293 2.515254371853286841e+02 1.078994875827323625e+02
12294 2.515107801918658197e+02 1.078910715222722132e+02
12295 2.514961254843964298e+02 1.078826617289963536e+02
12296 2.514814730610403899e+02 1.078742581966139369e+02
12297 2.514668229199195366e+02 1.078658609188434241e+02
12298 2.514521750591577813e+02 1.078574698894118171e+02
12299 2.514375294768810249e+02 1.078490851020550565e+02
12300 2.514228861712176126e+02 1.078407065505176803e+02
12301 2.514082451402975664e+02 1.078323342285531368e+02
12302 2.513936063822532105e+02 1.078239681299234434e+02
12303 2.513789698952190861e+02 1.078156082483997267e+02
12304 2.513643356773315247e+02 1.078072545777614124e+02
12305 2.513497037267291319e+02 1.077989071117968933e+02
12306 2.513350740415526445e+02 1.077905658443031314e+02
12307 2.513204466199444767e+02 1.077822307690857855e+02
12308 2.513058214600496569e+02 1.077739018799591548e+02
12309 2.512911985600149478e+02 1.077655791707463067e+02
12310 2.512765779179893286e+02 1.077572626352787495e+02
12311 2.512619595321236829e+02 1.077489522673967599e+02
12312 2.512473434005711113e+02 1.077406480609490131e+02
12313 2.512327295214866467e+02 1.077323500097929525e+02
12314 2.512181178930273404e+02 1.077240581077945762e+02
12315 2.512035085133526024e+02 1.077157723488283239e+02
12316 2.511889013806234345e+02 1.077074927267773035e+02
12317 2.511742964930033395e+02 1.076992192355329507e+02
12318 2.511596938486574118e+02 1.076909518689953842e+02
12319 2.511450934457531901e+02 1.076826906210732346e+02
12320 2.511304952824598047e+02 1.076744354856833183e+02
12321 2.511158993632015211e+02 1.076659456003301614e+02
12322 2.511013057815428624e+02 1.076570744216401323e+02
12323 2.510867146042181730e+02 1.076482106829055567e+02
12324 2.510721258290136575e+02 1.076393543745881374e+02
12325 2.510575394537181921e+02 1.076305054871667579e+02
12326 2.510429554761241207e+02 1.076216640111380514e+02
12327 2.510283738940263731e+02 1.076128299370155332e+02
12328 2.510137947052233187e+02 1.076040032553301842e+02
12329 2.509992179075164813e+02 1.075951839566302795e+02
12330 2.509846434987097439e+02 1.075863720314810479e+02
12331 2.509700714766110252e+02 1.075775674704653539e+02
12332 2.509555018390304326e+02 1.075687702641826462e+02
12333 2.509409345837815977e+02 1.075599804032497389e+02
12334 2.509263697086809941e+02 1.075511978783006413e+02
12335 2.509118072115482221e+02 1.075424226799859326e+02
12336 2.508972470902057239e+02 1.075336547989736857e+02
12337 2.508826893424790967e+02 1.075248942259485005e+02
12338 2.508681339661969787e+02 1.075161409516123143e+02
12339 2.508535809591909072e+02 1.075073949666834210e+02
12340 2.508390303192954320e+02 1.074986562618973664e+02
12341 2.508244820443481444e+02 1.074899248280063233e+02
12342 2.508099361321894776e+02 1.074812006557792330e+02
12343 2.507953925806630195e+02 1.074724837360017204e+02
12344 2.507808513876153711e+02 1.074637740594763642e+02
12345 2.507663125508956625e+02 1.074550716170219147e+02
12346 2.507517760683566053e+02 1.074463763994742749e+02
12347 2.507372419378533550e+02 1.074376883976856050e+02
12348 2.507227101572443360e+02 1.074290076025246918e+02
12349 2.507081807243907861e+02 1.074203340048768496e+02
12350 2.506936536371567854e+02 1.074116675956438769e+02
12351 2.506791288934095974e+02 1.074030083657440144e+02
12352 2.506646064910191285e+02 1.073943563061118596e+02
12353 2.506500864278583833e+02 1.073857114076984658e+02
12354 2.506355687018033223e+02 1.073770736614712007e+02
12355 2.506210533107325773e+02 1.073684430584136891e+02
12356 2.506065402525279922e+02 1.073598195895259977e+02
12357 2.505920295250740537e+02 1.073512032458240242e+02
12358 2.505775211262582616e+02 1.073425940183403213e+02
12359 2.505630150539709291e+02 1.073339918981233865e+02
12360 2.505485113061053823e+02 1.073253968762378747e+02
12361 2.505340098805577043e+02 1.073168089437645563e+02
12362 2.505195107752268484e+02 1.073082280918002454e+02
12363 2.505050139880147526e+02 1.072996543114578429e+02
12364 2.504905195168259979e+02 1.072910875938661377e+02
12365 2.504760273595682065e+02 1.072825279301699055e+02
12366 2.504615375141518143e+02 1.072739753115298811e+02
12367 2.504470499784900710e+02 1.072654297291227863e+02
12368 2.504325647504990684e+02 1.072568911741409465e+02
12369 2.504180818280976553e+02 1.072483596377927313e+02
12370 2.504036012092076930e+02 1.072398351113022272e+02
12371 2.503891228917536580e+02 1.072313175859093519e+02
12372 2.503746468736629822e+02 1.072228070528695980e+02
12373 2.503601731528657979e+02 1.072143035034541896e+02
12374 2.503457017272952214e+02 1.072058069289502242e+02
12375 2.503312325948869557e+02 1.071973173206600336e+02
12376 2.503167657535795456e+02 1.071888346699017660e+02
12377 2.503023012013145774e+02 1.071803589680092728e+02
12378 2.502878389360359677e+02 1.071718902063316818e+02
12379 2.502733789556908164e+02 1.071634283762335542e+02
12380 2.502589212582287246e+02 1.071549734690952107e+02
12381 2.502444658416022776e+02 1.071465254763122346e+02
12382 2.502300127037667039e+02 1.071380843892954715e+02
12383 2.502155618426799606e+02 1.071296501994712855e+02
12384 2.502011132563027331e+02 1.071212228982813883e+02
12385 2.501866669425987766e+02 1.071128024771827398e+02
12386 2.501722228995340913e+02 1.071043889276475625e+02
12387 2.501577811250776620e+02 1.070959822411630995e+02
12388 2.501433416172012869e+02 1.070875824092320840e+02
12389 2.501289043738794078e+02 1.070791894233724832e+02
12390 2.501144693930891663e+02 1.070708032751170151e+02
12391 2.501000366728103188e+02 1.070624239560137880e+02
12392 2.500856062110255777e+02 1.070540514576257891e+02
12393 2.500711780057202418e+02 1.070456857715313674e+02
12394 2.500567520548821960e+02 1.070373268893234666e+02
12395 2.500423283565021961e+02 1.070289748026102359e+02
12396 2.500279069085734989e+02 1.070206295030145895e+02
12397 2.500134877090923453e+02 1.070122909821747612e+02
12398 2.499990707560573071e+02 1.070039592317432664e+02
12399 2.499846560474698549e+02 1.069956342433879541e+02
12400 2.499702435813341310e+02 1.069873160087912254e+02
12401 2.499558333556568073e+02 1.069790045196503172e+02
12402 2.499414253684472271e+02 1.069706997676773881e+02
12403 2.499270196177176047e+02 1.069624017445989637e+02
12404 2.499126161014825414e+02 1.069541104421565194e+02
12405 2.498982148177593956e+02 1.069458258521061254e+02
12406 2.498838157645682259e+02 1.069375479662185597e+02
12407 2.498694189399315349e+02 1.069292767762789254e+02
12408 2.498550243418746959e+02 1.069210122740872606e+02
12409 2.498406319684255550e+02 1.069127544514578432e+02
12410 2.498262418176146014e+02 1.069045033002194884e+02
12411 2.498118538874749675e+02 1.068962588122156774e+02
12412 2.497974681760423437e+02 1.068880209793040024e+02
12413 2.497830846813550636e+02 1.068797897933569203e+02
12414 2.497687034014541894e+02 1.068715652462609427e+02
12415 2.497543243343830568e+02 1.068633473299166923e+02
12416 2.497399474781879576e+02 1.068551360362397702e+02
12417 2.497255728309174856e+02 1.068469313571594483e+02
12418 2.497112003906228779e+02 1.068387332846197211e+02
12419 2.496968301553580716e+02 1.068305418105783815e+02
12420 2.496824621231795618e+02 1.068223569270077888e+02
12421 2.496680962921462594e+02 1.068141786258942005e+02
12422 2.496537326603197755e+02 1.068060068992380991e+02
12423 2.496393712257641653e+02 1.067978417390542631e+02
12424 2.496250119865460988e+02 1.067896831373712985e+02
12425 2.496106549407348609e+02 1.067815310862317943e+02
12426 2.495963000864021524e+02 1.067733855776926362e+02
12427 2.495819474216223171e+02 1.067652466038245649e+02
12428 2.495675969444721147e+02 1.067571141567121487e+02
12429 2.495532486530309200e+02 1.067489882284540812e+02
12430 2.495389025453807221e+02 1.067408688111628692e+02
12431 2.495245586196058412e+02 1.067327558969648464e+02
12432 2.495102168737931834e+02 1.067246494780003303e+02
12433 2.494958773060320993e+02 1.067165495464231668e+02
12434 2.494815399144146113e+02 1.067084560944012992e+02
12435 2.494672046970351573e+02 1.067003691141163131e+02
12436 2.494528716519906766e+02 1.066922885977634508e+02
12437 2.494385407773804673e+02 1.066842145375516679e+02
12438 2.494242120713065560e+02 1.066761469257036481e+02
12439 2.494098855318732717e+02 1.066680857544554897e+02
12440 2.493955611571875011e+02 1.066600310160572604e+02
12441 2.493812389453584615e+02 1.066519827027723863e+02
12442 2.493669188944981840e+02 1.066439408068777794e+02
12443 2.493526010027207462e+02 1.066359053206640510e+02
12444 2.493382852681429540e+02 1.066278762364351707e+02
12445 2.493239716888838871e+02 1.066198535465085797e+02
12446 2.493096602630653535e+02 1.066118372432152910e+02
12447 2.492953509888112080e+02 1.066038273188995618e+02
12448 2.492810438642481188e+02 1.065958237659191497e+02
12449 2.492667388875050278e+02 1.065878265766449147e+02
12450 2.492524360567131509e+02 1.065798357434614019e+02
12451 2.492381353700064608e+02 1.065718512587662730e+02
12452 2.492238368255211185e+02 1.065638731149703062e+02
12453 2.492095404213959000e+02 1.065559013044977945e+02
12454 2.491952461557717129e+02 1.065479358197859909e+02
12455 2.491809540267920511e+02 1.065399766532855779e+02
12456 2.491666640326028528e+02 1.065320237974601270e+02
12457 2.491523761713523584e+02 1.065240772447864828e+02
12458 2.491380904411912525e+02 1.065161369877547486e+02
12459 2.491238068402725219e+02 1.065082030188677180e+02
12460 2.491095253667517113e+02 1.065002753306414292e+02
12461 2.490952460187866393e+02 1.064923539156050225e+02
12462 2.490809687945374833e+02 1.064844387663003857e+02
12463 2.490666936921668935e+02 1.064765298752826936e+02
12464 2.490524207098397653e+02 1.064686272351199676e+02
12465 2.490381498457233818e+02 1.064607308383927347e+02
12466 2.490238810979875552e+02 1.064528406776948657e+02
12467 2.490096144648041729e+02 1.064449567456329504e+02
12468 2.489953499443478222e+02 1.064370790348262972e+02
12469 2.489810875347950230e+02 1.064292075379072031e+02
12470 2.489668272343249953e+02 1.064213422475204567e+02
12471 2.489525690411190624e+02 1.064134831563238777e+02
12472 2.489383129533610202e+02 1.064056302569878909e+02
12473 2.489240589692370520e+02 1.063977835421955263e+02
12474 2.489098070869354160e+02 1.063899430046425891e+02
12475 2.488955573046470136e+02 1.063821086370374616e+02
12476 2.488813096205647071e+02 1.063742804321011164e+02
12477 2.488670640328840307e+02 1.063664583825671741e+02
12478 2.488528205398024795e+02 1.063586424811817892e+02
12479 2.488385791395203341e+02 1.063508327207037354e+02
12480 2.488243398302395804e+02 1.063430290939039651e+02
12481 2.488101026101648472e+02 1.063352315935662489e+02
12482 2.487958674775031795e+02 1.063274402124867635e+02
12483 2.487816344304636118e+02 1.063196549434740064e+02
12484 2.487674034672576511e+02 1.063118757793488243e+02
12485 2.487531745860988792e+02 1.063041027129445979e+02
12486 2.487389477852034076e+02 1.062963357371068582e+02
12487 2.487247230627895647e+02 1.062885748446937271e+02
12488 2.487105004170778102e+02 1.062808200285753060e+02
12489 2.486962798462910200e+02 1.062730712816342447e+02
12490 2.486820613486540879e+02 1.062653285967653005e+02
12491 2.486678449223944938e+02 1.062575919668754239e+02
12492 2.486536305657418495e+02 1.062498613848838147e+02
12493 2.486394182769278984e+02 1.062421368437217239e+02
12494 2.486252080541866007e+02 1.062344183363327517e+02
12495 2.486109998957543041e+02 1.062267058556724209e+02
12496 2.485967937998698289e+02 1.062189993947085753e+02
12497 2.485825897647735303e+02 1.062112989464207260e+02
12498 2.485683877887086055e+02 1.062036045038007614e+02
12499 2.485541878699202982e+02 1.061959160598524647e+02
12500 2.485399900066559837e+02 1.061882336075917124e+02
12501 2.485257941971652542e+02 1.061805571400461616e+02
12502 2.485116004397000893e+02 1.061728866502555917e+02
12503 2.484974087325144865e+02 1.061652221312714346e+02
12504 2.484832190738647455e+02 1.061575635761573295e+02
12505 2.484690314620092977e+02 1.061499109779885686e+02
12506 2.484548458952089334e+02 1.061422643298523809e+02
12507 2.484406623717262335e+02 1.061346236248476487e+02
12508 2.484264808898265073e+02 1.061269888560852479e+02
12509 2.484123014477769402e+02 1.061193600166876934e+02
12510 2.483981240438467921e+02 1.061117370997892806e+02
12511 2.483839486763078241e+02 1.061041200985360717e+02
12512 2.483697753434335880e+02 1.060965090060856397e+02
12513 2.483556040435001933e+02 1.060889038156073383e+02
12514 2.483414347747856823e+02 1.060813045202823162e+02
12515 2.483272675355702006e+02 1.060737111133031334e+02
12516 2.483131023241362527e+02 1.060661235878738751e+02
12517 2.482989391387682758e+02 1.060585419372102649e+02
12518 2.482847779777529524e+02 1.060509661545397648e+02
12519 2.482706188393793241e+02 1.060433962331011770e+02
12520 2.482564617219381944e+02 1.060358321661448286e+02
12521 2.482423066237227260e+02 1.060282739469325008e+02
12522 2.482281535430282133e+02 1.060207215687374145e+02
12523 2.482140024781519685e+02 1.060131750248442302e+02
12524 2.481998534273935206e+02 1.060056343085489488e+02
12525 2.481857063890544168e+02 1.059980994131590535e+02
12526 2.481715613614385916e+02 1.059905703319934105e+02
12527 2.481574183428516847e+02 1.059830470583821125e+02
12528 2.481432773316017517e+02 1.059755295856663793e+02
12529 2.481291383259989800e+02 1.059680179071991688e+02
12530 2.481150013243553190e+02 1.059605120163442677e+02
12531 2.481008663249851338e+02 1.059530119064769593e+02
12532 2.480867333262049783e+02 1.059455175709835544e+02
12533 2.480726023263330831e+02 1.059380290032616472e+02
12534 2.480584733236898956e+02 1.059305461967200017e+02
12535 2.480443463165983360e+02 1.059230691447785091e+02
12536 2.480302213033829162e+02 1.059155978408681733e+02
12537 2.480160982823704785e+02 1.059081322784310260e+02
12538 2.480019772518898549e+02 1.059006724509201547e+02
12539 2.479878582102721509e+02 1.058932183517999874e+02
12540 2.479737411558499502e+02 1.058857699745456102e+02
12541 2.479596260869586501e+02 1.058783273126432931e+02
12542 2.479455130019352112e+02 1.058708903595901916e+02
12543 2.479314018991189243e+02 1.058634591088944319e+02
12544 2.479172927768508430e+02 1.058560335540752106e+02
12545 2.479031856334743509e+02 1.058486136886623399e+02
12546 2.478890804673345656e+02 1.058411995061969435e+02
12547 2.478749772767790773e+02 1.058337910002305762e+02
12548 2.478608760601571248e+02 1.058263881643259907e+02
12549 2.478467768158201068e+02 1.058189909920564276e+02
12550 2.478326795421214968e+02 1.058115994770061548e+02
12551 2.478185842374167862e+02 1.058042136127701838e+02
12552 2.478044909000633709e+02 1.057968333929540989e+02
12553 2.477903995284208634e+02 1.057894588111745549e+02
12554 2.477763101208505816e+02 1.057820898610585374e+02
12555 2.477622226757162878e+02 1.057747265362439180e+02
12556 2.477481371913834209e+02 1.057673688303792829e+02
12557 2.477340536662195234e+02 1.057600167371235784e+02
12558 2.477199720985940701e+02 1.057526702501468634e+02
12559 2.477058924868786960e+02 1.057453293631292297e+02
12560 2.476918148294467983e+02 1.057379940697615552e+02
12561 2.476777391246740478e+02 1.057306643637455039e+02
12562 2.476636653709377924e+02 1.057233402387929999e+02
12563 2.476495935666176536e+02 1.057160216886264408e+02
12564 2.476355237100950433e+02 1.057087087069790243e+02
12565 2.476214557997533063e+02 1.057014012875939812e+02
12566 2.476073898339780328e+02 1.056940994242253709e+02
12567 2.475933258111564328e+02 1.056868031106374417e+02
12568 2.475792637296779901e+02 1.056795123406049015e+02
12569 2.475652035879339223e+02 1.056722271079128319e+02
12570 2.475511453843174650e+02 1.056649474063566458e+02
12571 2.475370891172239283e+02 1.056576732297420875e+02
12572 2.475230347850504131e+02 1.056504045718853604e+02
12573 2.475089823861961520e+02 1.056431414266127575e+02
12574 2.474949319190620258e+02 1.056358837877608607e+02
12575 2.474808833820511325e+02 1.056286316491766826e+02
12576 2.474668367735684456e+02 1.056213850047171974e+02
12577 2.474527920920207293e+02 1.056141438482498245e+02
12578 2.474387493358169365e+02 1.056069081736520872e+02
12579 2.474247085033676683e+02 1.055996779748115557e+02
12580 2.474106695930856574e+02 1.055924532456261034e+02
12581 2.473966326033855410e+02 1.055852339800036077e+02
12582 2.473825975326836613e+02 1.055780201718621498e+02
12583 2.473685643793984923e+02 1.055708118151297725e+02
12584 2.473545331419503555e+02 1.055636089037445942e+02
12585 2.473405038187615048e+02 1.055564114316549365e+02
12586 2.473264764082560419e+02 1.055492193928189408e+02
12587 2.473124509088600007e+02 1.055420327812047532e+02
12588 2.472984273190013766e+02 1.055348515907906517e+02
12589 2.472844056371098134e+02 1.055276758155646917e+02
12590 2.472703858616172283e+02 1.055205054495250323e+02
12591 2.472563679909570737e+02 1.055133404866795104e+02
12592 2.472423520235649619e+02 1.055061809210462087e+02
12593 2.472283379578781251e+02 1.054990267466525751e+02
12594 2.472143257923358703e+02 1.054918779575363885e+02
12595 2.472003155253793807e+02 1.054847345477451199e+02
12596 2.471863071554516580e+02 1.054775965113359177e+02
12597 2.471723006809973242e+02 1.054704638423757217e+02
12598 2.471582961004632466e+02 1.054633365349413623e+02
12599 2.471442934122980830e+02 1.054562145831194471e+02
12600 2.471302926149522250e+02 1.054490979810062470e+02
12601 2.471162937068779115e+02 1.054419867227076111e+02
12602 2.471022966865293995e+02 1.054348808023393644e+02
12603 2.470883015523625374e+02 1.054277802140267539e+02
12604 2.470743083028353055e+02 1.054206849519047609e+02
12605 2.470603169364072755e+02 1.054135950101180015e+02
12606 2.470463274515400371e+02 1.054065103828207270e+02
12607 2.470323398466969707e+02 1.053994310641767100e+02
12608 2.470183541203431616e+02 1.053923570483592300e+02
12609 2.470043702709457136e+02 1.053852883295513863e+02
12610 2.469903882969734923e+02 1.053782249019455435e+02
12611 2.469764081968970970e+02 1.053711667597437298e+02
12612 2.469624299691889746e+02 1.053641138971573383e+02
12613 2.469484536123235898e+02 1.053570663084073118e+02
12614 2.469344791247769137e+02 1.053500239877240006e+02
12615 2.469205065050269354e+02 1.053429869293472052e+02
12616 2.469065357515533776e+02 1.053359551275261907e+02
12617 2.468925668628378389e+02 1.053289285765196013e+02
12618 2.468785998373635948e+02 1.053219072705952755e+02
12619 2.468646346736157682e+02 1.053148912040308289e+02
12620 2.468506713700814146e+02 1.053078803711126596e+02
12621 2.468367099252491528e+02 1.053008747661367863e+02
12622 2.468227503376094489e+02 1.052938743834086921e+02
12623 2.468087926056546451e+02 1.052868792172426993e+02
12624 2.467948367278789874e+02 1.052798892619628930e+02
12625 2.467808827027781433e+02 1.052729045119021407e+02
12626 2.467669305288497981e+02 1.052659249614027317e+02
12627 2.467529802045933991e+02 1.052589506048162065e+02
12628 2.467390317285101844e+02 1.052519814365032005e+02
12629 2.467250850991029552e+02 1.052450174508335294e+02
12630 2.467111403148764737e+02 1.052380586421861750e+02
12631 2.466971973743373496e+02 1.052311050049492707e+02
12632 2.466832562759936707e+02 1.052241565335199454e+02
12633 2.466693170183554571e+02 1.052172132223046077e+02
12634 2.466553795999345198e+02 1.052102750657184771e+02
12635 2.466414440192443465e+02 1.052033420581860810e+02
12636 2.466275102748000734e+02 1.051964141941406865e+02
12637 2.466135783651187694e+02 1.051894914680248689e+02
12638 2.465996482887190950e+02 1.051825738742901279e+02
12639 2.465857200441215298e+02 1.051756614073967597e+02
12640 2.465717936298483153e+02 1.051687540618142691e+02
12641 2.465578690444233416e+02 1.051618518320208864e+02
12642 2.465439462863723463e+02 1.051549547125038231e+02
12643 2.465300253542224880e+02 1.051480626977593715e+02
12644 2.465161062465031705e+02 1.051411757822924642e+02
12645 2.465021889617450199e+02 1.051342939606169580e+02
12646 2.464882734984806234e+02 1.051274172272556910e+02
12647 2.464743598552441313e+02 1.051205455767401133e+02
12648 2.464604480305717402e+02 1.051136790036107698e+02
12649 2.464465380230009544e+02 1.051068175024166607e+02
12650 2.464326298310711536e+02 1.050999610677158387e+02
12651 2.464187234533235085e+02 1.050931096940750678e+02
12652 2.464048188883007526e+02 1.050862633760696667e+02
12653 2.463909161345473819e+02 1.050794221082838789e+02
12654 2.463770151906094839e+02 1.050725858853106871e+02
12655 2.463631160550349932e+02 1.050657547017513735e+02
12656 2.463492187263734365e+02 1.050589285522163721e+02
12657 2.463353232031761024e+02 1.050521074313245862e+02
12658 2.463214294839957859e+02 1.050452913337033181e+02
12659 2.463075375673871861e+02 1.050384802539889080e+02
12660 2.462936474519065939e+02 1.050316741868260380e+02
12661 2.462797591361118634e+02 1.050248731268679450e+02
12662 2.462658726185626392e+02 1.050180770687764493e+02
12663 2.462519878978203280e+02 1.050112860072222105e+02
12664 2.462381049724477862e+02 1.050044999368838603e+02
12665 2.462242238410094899e+02 1.049977188524489122e+02
12666 2.462103445020719903e+02 1.049909427486134632e+02
12667 2.461964669542029753e+02 1.049841716200817814e+02
12668 2.461825911959721225e+02 1.049774054615667893e+02
12669 2.461687172259506724e+02 1.049706442677898082e+02
12670 2.461548450427115426e+02 1.049638880334805435e+02
12671 2.461409746448292140e+02 1.049571367533771138e+02
12672 2.461271060308799008e+02 1.049503904222261070e+02
12673 2.461132391994413524e+02 1.049436490347824389e+02
12674 2.460993741490930518e+02 1.049369125858091820e+02
12675 2.460855108784161303e+02 1.049301810700781061e+02
12676 2.460716493843951866e+02 1.049234813080411612e+02
12677 2.460577896597596919e+02 1.049167893726650220e+02
12678 2.460439317026967387e+02 1.049101023345818788e+02
12679 2.460300755118002769e+02 1.049034201885523174e+02
12680 2.460162210856658760e+02 1.048967429293448390e+02
12681 2.460023684228907541e+02 1.048900705517369119e+02
12682 2.459885175220738347e+02 1.048834030505140760e+02
12683 2.459746683818154906e+02 1.048767404204701705e+02
12684 2.459608210007179707e+02 1.048700826564076749e+02
12685 2.459469753773848026e+02 1.048634297531370834e+02
12686 2.459331315104214468e+02 1.048567817054775446e+02
12687 2.459192893984348132e+02 1.048501385082562507e+02
12688 2.459054490400333748e+02 1.048435001563088065e+02
12689 2.458916104338273954e+02 1.048368666444791160e+02
12690 2.458777735784285312e+02 1.048302379676191265e+02
12691 2.458639384724502293e+02 1.048236141205893688e+02
12692 2.458501051145074712e+02 1.048169950982583885e+02
12693 2.458362735032165460e+02 1.048103808955028882e+02
12694 2.458224436371958745e+02 1.048037715072079408e+02
12695 2.458086155150650995e+02 1.047971669282666625e+02
12696 2.457947891354455408e+02 1.047905671535802270e+02
12697 2.457809644969601663e+02 1.047839721780581641e+02
12698 2.457671415982332519e+02 1.047773819966180611e+02
12699 2.457533204378911762e+02 1.047707966041855485e+02
12700 2.457395010145613128e+02 1.047642159956943715e+02
12701 2.457256833268730247e+02 1.047576401660864036e+02
12702 2.457118673734571246e+02 1.047510691103114766e+02
12703 2.456980531529457892e+02 1.047445028233274940e+02
12704 2.456842406639730996e+02 1.047379413001003883e+02
12705 2.456704299051744442e+02 1.047313845356041213e+02
12706 2.456566208751870022e+02 1.047248325248207550e+02
12707 2.456428135726492599e+02 1.047182852627400678e+02
12708 2.456290079962014374e+02 1.047117427443598956e+02
12709 2.456152041444851477e+02 1.047052049646862315e+02
12710 2.456014020161438793e+02 1.046986719187326571e+02
12711 2.455876016098221726e+02 1.046921436015208826e+02
12712 2.455738029241665856e+02 1.046856200080805053e+02
12713 2.455600059578248988e+02 1.046791011334488388e+02
12714 2.455462107094467115e+02 1.046725869726712830e+02
12715 2.455324171776827882e+02 1.046660775208008403e+02
12716 2.455186253611857410e+02 1.046595727728984997e+02
12717 2.455048352586096883e+02 1.046530727240331800e+02
12718 2.454910468686101126e+02 1.046465773692812320e+02
12719 2.454772601898441735e+02 1.046400867037271212e+02
12720 2.454634752209704232e+02 1.046336007224629725e+02
12721 2.454496919606490621e+02 1.046271194205885138e+02
12722 2.454359104075417406e+02 1.046206427932115162e+02
12723 2.454221305603117287e+02 1.046141708354472541e+02
12724 2.454083524176236608e+02 1.046077035424187756e+02
12725 2.453945759781437630e+02 1.046012409092567026e+02
12726 2.453808012405397392e+02 1.045947829310993740e+02
12727 2.453670282034807713e+02 1.045883296030929870e+02
12728 2.453532568656377464e+02 1.045818809203911286e+02
12729 2.453394872256827739e+02 1.045754368781550454e+02
12730 2.453257192822895831e+02 1.045689974715537574e+02
12731 2.453119530341335519e+02 1.045625626957636740e+02
12732 2.452981884798913086e+02 1.045561325459689783e+02
12733 2.452844256182410732e+02 1.045497070173612428e+02
12734 2.452706644478626004e+02 1.045432861051397282e+02
12735 2.452569049674369808e+02 1.045368698045110278e+02
12736 2.452431471756470671e+02 1.045304581106895654e+02
12737 2.452293910711768774e+02 1.045240510188969978e+02
12738 2.452156366527121634e+02 1.045176485243624711e+02
12739 2.452018839189400410e+02 1.045112506223228905e+02
12740 2.451881328685490189e+02 1.045048573080221814e+02
12741 2.451743835002293110e+02 1.044984685767121704e+02
12742 2.451606358126722967e+02 1.044920844236517183e+02
12743 2.451468898045711740e+02 1.044857048441073744e+02
12744 2.451331454746202496e+02 1.044793298333529066e+02
12745 2.451194028215155640e+02 1.044729593866696007e+02
12746 2.451056618439545502e+02 1.044665934993460183e+02
12747 2.450919225406360056e+02 1.044602321666780824e+02
12748 2.450781849102601484e+02 1.044538753839690344e+02
12749 2.450644489515288740e+02 1.044475231465295622e+02
12750 2.450507146631454418e+02 1.044411754496774876e+02
12751 2.450369820438144188e+02 1.044348322887380505e+02
12752 2.450232510922419920e+02 1.044284936590437525e+02
12753 2.450095218071356555e+02 1.044221595559340869e+02
12754 2.449957941872044955e+02 1.044158299747564485e+02
12755 2.449820682311589337e+02 1.044095049108647970e+02
12756 2.449683439377107845e+02 1.044031843596205817e+02
12757 2.449546213055733404e+02 1.043968683163925277e+02
12758 2.449409003334614567e+02 1.043905567765564371e+02
12759 2.449271810200912398e+02 1.043842497354952172e+02
12760 2.449134633641803021e+02 1.043779471885992081e+02
12761 2.448997473644476486e+02 1.043716491312655563e+02
12762 2.448860330196138193e+02 1.043653555588988695e+02
12763 2.448723203284006331e+02 1.043590664669105479e+02
12764 2.448586092895313016e+02 1.043527818507193956e+02
12765 2.448448999017306278e+02 1.043465017057511091e+02
12766 2.448311921637247508e+02 1.043402260274385611e+02
12767 2.448174860742410885e+02 1.043339548112215596e+02
12768 2.448037816320086506e+02 1.043276880525470744e+02
12769 2.447900788357578108e+02 1.043214257468691386e+02
12770 2.447763776842202219e+02 1.043151678896486345e+02
12771 2.447626781761292420e+02 1.043089144763536922e+02
12772 2.447489803102192241e+02 1.043026655024591349e+02
12773 2.447352840852261693e+02 1.042964209634471757e+02
12774 2.447215894998873864e+02 1.042901808548063940e+02
12775 2.447078965529418326e+02 1.042839451720329009e+02
12776 2.446942052431293462e+02 1.042777139106294726e+02
12777 2.446805155691916696e+02 1.042714870661057205e+02
12778 2.446668275298715400e+02 1.042652646339782194e+02
12779 2.446531411239134854e+02 1.042590466097707633e+02
12780 2.446394563500628294e+02 1.042528329890135126e+02
12781 2.446257732070669135e+02 1.042466237672438467e+02
12782 2.446120916936741310e+02 1.042404189400057533e+02
12783 2.445984118086341255e+02 1.042342185028503394e+02
12784 2.445847335506983313e+02 1.042280224513352209e+02
12785 2.445710569186189218e+02 1.042218307810251332e+02
12786 2.445573819111502587e+02 1.042156434874912776e+02
12787 2.445437085270472721e+02 1.042094605663119893e+02
12788 2.445300367650668534e+02 1.042032820130720410e+02
12789 2.445163666239668316e+02 1.041971078233632824e+02
12790 2.445026981025067130e+02 1.041909379927840291e+02
12791 2.444890311994472256e+02 1.041847725169394039e+02
12792 2.444753659135502630e+02 1.041786113914412653e+02
12793 2.444617022435795093e+02 1.041724546119083215e+02
12794 2.444480401882995864e+02 1.041663021739656472e+02
12795 2.444343797464767079e+02 1.041601540732454225e+02
12796 2.444207209168783947e+02 1.041540103053859383e+02
12797 2.444070636982733618e+02 1.041478708660324770e+02
12798 2.443934080894318868e+02 1.041417357508371708e+02
12799 2.443797540891254982e+02 1.041356049554582484e+02
12800 2.443661016961268331e+02 1.041294784755608589e+02
12801 2.443524509092104040e+02 1.041233563068168024e+02
12802 2.443388017271514343e+02 1.041172384449042028e+02
12803 2.443251541487269947e+02 1.041111248855081044e+02
12804 2.443115081727151789e+02 1.041050156243197193e+02
12805 2.442978637978954453e+02 1.040989106570369955e+02
12806 2.442842210230487865e+02 1.040928099793644606e+02
12807 2.442705798469571903e+02 1.040867135870131222e+02
12808 2.442569402684041791e+02 1.040806214757004682e+02
12809 2.442433022861746110e+02 1.040745336411504240e+02
12810 2.442296658990546803e+02 1.040684500790934237e+02
12811 2.442160311058315472e+02 1.040623707852664239e+02
12812 2.442023979052941627e+02 1.040562957554128332e+02
12813 2.441887662962326431e+02 1.040502249852823553e+02
12814 2.441751362774381562e+02 1.040441584706312881e+02
12815 2.441615078477034899e+02 1.040380962072223525e+02
12816 2.441478810058226543e+02 1.040320381908244087e+02
12817 2.441342557505907394e+02 1.040259844172130528e+02
12818 2.441206320808045120e+02 1.040199348821700198e+02
12819 2.441070099952618477e+02 1.040138895814833973e+02
12820 2.440933894927618724e+02 1.040078485109478379e+02
12821 2.440797705721048771e+02 1.040018116663640910e+02
12822 2.440661532320929155e+02 1.039957790435394429e+02
12823 2.440525374715288933e+02 1.039897506382872905e+02
12824 2.440389232892170526e+02 1.039837264464273829e+02
12825 2.440253106839633688e+02 1.039777064637859922e+02
12826 2.440116996545743575e+02 1.039716906861951742e+02
12827 2.439980901998584102e+02 1.039656791094937489e+02
12828 2.439844823186248561e+02 1.039596717295264483e+02
12829 2.439708760096845879e+02 1.039536685421444275e+02
12830 2.439572712718495495e+02 1.039476695432049951e+02
12831 2.439436681039330779e+02 1.039416747285715559e+02
12832 2.439300665047496466e+02 1.039356840941141087e+02
12833 2.439164664731152357e+02 1.039296976357082940e+02
12834 2.439028680078469336e+02 1.039237153492362609e+02
12835 2.438892711077629940e+02 1.039177372305862974e+02
12836 2.438756757716831487e+02 1.039117632756527598e+02
12837 2.438620819984282946e+02 1.039057934803363423e+02
12838 2.438484897868205792e+02 1.038998278405435229e+02
12839 2.438348991356834006e+02 1.038938663521870609e+02
12840 2.438213100438414358e+02 1.038879090111859256e+02
12841 2.438077225101206125e+02 1.038819558134650265e+02
12842 2.437941365333481656e+02 1.038760067549555686e+02
12843 2.437805521123524670e+02 1.038700618315944268e+02
12844 2.437669692459630539e+02 1.038641210393248286e+02
12845 2.437533879330111972e+02 1.038581843740959982e+02
12846 2.437398081723287362e+02 1.038522518318631285e+02
12847 2.437262299627492439e+02 1.038463234085876081e+02
12848 2.437126533031073450e+02 1.038403991002364961e+02
12849 2.436990781922389431e+02 1.038344789027831183e+02
12850 2.436855046289810787e+02 1.038285628122067550e+02
12851 2.436719326121721565e+02 1.038226508244924986e+02
12852 2.436583621406517750e+02 1.038167429356315665e+02
12853 2.436447932132608969e+02 1.038108391416211447e+02
12854 2.436312258288413943e+02 1.038049394384640749e+02
12855 2.436176599862364753e+02 1.037990438221694518e+02
12856 2.436040956842909395e+02 1.037931522887521396e+02
12857 2.435905329218501834e+02 1.037872648342328716e+02
12858 2.435769716977613655e+02 1.037813814546382787e+02
12859 2.435634120108725256e+02 1.037755021460009033e+02
12860 2.435498538600332665e+02 1.037696269043591997e+02
12861 2.435362972440939586e+02 1.037637557257573633e+02
12862 2.435227421619064216e+02 1.037578886062455013e+02
12863 2.435091886123238680e+02 1.037520255418795188e+02
12864 2.434956365942003345e+02 1.037461665287211900e+02
12865 2.434820861063913924e+02 1.037403115628380590e+02
12866 2.434685371477537217e+02 1.037344606403034533e+02
12867 2.434549897171449402e+02 1.037286137571963849e+02
12868 2.434414438134243142e+02 1.037227709096020192e+02
12869 2.434278994354520478e+02 1.037169320936107937e+02
12870 2.434143565820895958e+02 1.037110973053191429e+02
12871 2.434008152521996919e+02 1.037052665408293421e+02
12872 2.433872754446459510e+02 1.036994397962491234e+02
12873 2.433737371582936362e+02 1.036936170676921734e+02
12874 2.433602003920089203e+02 1.036877983512777632e+02
12875 2.433466651446591982e+02 1.036819836431308772e+02
12876 2.433331314151130584e+02 1.036761729393821696e+02
12877 2.433195992022403402e+02 1.036703662361679790e+02
12878 2.433060685049120195e+02 1.036645635296303425e+02
12879 2.432925393220002093e+02 1.036587648159169248e+02
12880 2.432790116523782160e+02 1.036529700911810039e+02
12881 2.432654854949206538e+02 1.036471793515814568e+02
12882 2.432519608485031597e+02 1.036413925932828874e+02
12883 2.432384377120027352e+02 1.036356098124554421e+02
12884 2.432249160842971492e+02 1.036298310052747382e+02
12885 2.432113959642658187e+02 1.036240561679221486e+02
12886 2.431978773507890992e+02 1.036182852965846450e+02
12887 2.431843602427485962e+02 1.036125183874545286e+02
12888 2.431708446390267682e+02 1.036067554367299550e+02
12889 2.431573305385077788e+02 1.036009964406143382e+02
12890 2.431438179400766160e+02 1.035952413953168758e+02
12891 2.431303068426193761e+02 1.035894902970519951e+02
12892 2.431167972450234913e+02 1.035837431420399497e+02
12893 2.431032891461775307e+02 1.035779999265061662e+02
12894 2.430897825449710012e+02 1.035722606466817979e+02
12895 2.430762774402949162e+02 1.035665252988033984e+02
12896 2.430627738310411132e+02 1.035607938791129925e+02
12897 2.430492717161027656e+02 1.035550663838578913e+02
12898 2.430357710943742120e+02 1.035493428092912893e+02
12899 2.430222719647508143e+02 1.035436231516712979e+02
12900 2.430087743261291280e+02 1.035379074072617271e+02
12901 2.429952781774069024e+02 1.035321955723317870e+02
12902 2.429817835174829384e+02 1.035264876431560452e+02
12903 2.429682903452573157e+02 1.035207836160143984e+02
12904 2.429547986596310523e+02 1.035150834871922001e+02
12905 2.429413084595066437e+02 1.035093872529802752e+02
12906 2.429278197437871540e+02 1.035036949096744650e+02
12907 2.429143325113772676e+02 1.034980064535764370e+02
12908 2.429008467611826632e+02 1.034923218809927477e+02
12909 2.428873624921101566e+02 1.034866411882355237e+02
12910 2.428738797030676153e+02 1.034809643716222780e+02
12911 2.428603983929641004e+02 1.034752914274755682e+02
12912 2.428469185607096961e+02 1.034696223521234089e+02
12913 2.428334402052159078e+02 1.034639571418990869e+02
12914 2.428199633253949230e+02 1.034582957931412182e+02
12915 2.428064879201603787e+02 1.034526383021935487e+02
12916 2.427930139884269352e+02 1.034469846654052390e+02
12917 2.427795415291102756e+02 1.034413348791305367e+02
12918 2.427660705411273625e+02 1.034356889397289621e+02
12919 2.427526010233960392e+02 1.034300468435653642e+02
12920 2.427391329748356270e+02 1.034244085870097365e+02
12921 2.427256663943661579e+02 1.034187741664372879e+02
12922 2.427122012809089995e+02 1.034131435782283290e+02
12923 2.426987376333864859e+02 1.034075168187684710e+02
12924 2.426852754507223153e+02 1.034018938844484410e+02
12925 2.426718148101280406e+02 1.033946981899891995e+02
12926 2.426583560988374586e+02 1.033870182164424278e+02
12927 2.426448993864440240e+02 1.033793450607310405e+02
12928 2.426314446710251218e+02 1.033716787125892296e+02
12929 2.426179919506614624e+02 1.033640191617733990e+02
12930 2.426045412234366552e+02 1.033563663980623630e+02
12931 2.425910924874372938e+02 1.033487204112570623e+02
12932 2.425776457407532973e+02 1.033410811911803222e+02
12933 2.425642009814772564e+02 1.033334487276773643e+02
12934 2.425507582077051154e+02 1.033258230106151530e+02
12935 2.425373174175355757e+02 1.033182040298828781e+02
12936 2.425238786090706355e+02 1.033105917753912166e+02
12937 2.425104417804150501e+02 1.033029862370730996e+02
12938 2.424970069296767861e+02 1.032953874048830727e+02
12939 2.424835740549665104e+02 1.032877952687973107e+02
12940 2.424701431543982721e+02 1.032802098188138586e+02
12941 2.424567142260887636e+02 1.032726310449522913e+02
12942 2.424432872681579454e+02 1.032650589372538263e+02
12943 2.424298622787283364e+02 1.032574934857810263e+02
12944 2.424164392559259511e+02 1.032499346806181109e+02
12945 2.424030181978794474e+02 1.032423825118706873e+02
12946 2.423895991027202967e+02 1.032348369696656505e+02
12947 2.423761819685832961e+02 1.032272980441511976e+02
12948 2.423627667936058003e+02 1.032197657254967282e+02
12949 2.423493535759283759e+02 1.032122400038930863e+02
12950 2.423359423136945168e+02 1.032047208695521050e+02
12951 2.423225330050502748e+02 1.031972083127066071e+02
12952 2.423091256481450557e+02 1.031897023236106179e+02
12953 2.422957202411307662e+02 1.031822028925390669e+02
12954 2.422823167821626953e+02 1.031747100097879297e+02
12955 2.422689152693985477e+02 1.031672236656739869e+02
12956 2.422555157009991547e+02 1.031597438505347668e+02
12957 2.422421180751281895e+02 1.031522705547288297e+02
12958 2.422287223899522530e+02 1.031448037686352848e+02
12959 2.422153286436405892e+02 1.031373434826538613e+02
12960 2.422019368343655685e+02 1.031298896872052069e+02
12961 2.421885469603023182e+02 1.031224423727301485e+02
12962 2.421751590196287793e+02 1.031150015296903177e+02
12963 2.421617730105258772e+02 1.031075671485679948e+02
12964 2.421483889311769815e+02 1.031001392198652411e+02
12965 2.421350067797687018e+02 1.030927177341052925e+02
12966 2.421216265544902626e+02 1.030853026818310951e+02
12967 2.421082482535339295e+02 1.030778940536061441e+02
12968 2.420948718750943272e+02 1.030704918400141139e+02
12969 2.420814974173693201e+02 1.030630960316588869e+02
12970 2.420681248785593880e+02 1.030557066191643969e+02
12971 2.420547542568678807e+02 1.030483235931748709e+02
12972 2.420413855505008485e+02 1.030409469443540758e+02
12973 2.420280187576670130e+02 1.030335766633863415e+02
12974 2.420146538765781656e+02 1.030262127409754669e+02
12975 2.420012909054485704e+02 1.030188551678454445e+02
12976 2.419879298424953618e+02 1.030115039347398636e+02
12977 2.419745706859384882e+02 1.030041590324221517e+02
12978 2.419612134340006264e+02 1.029968204516757311e+02
12979 2.419478580849071250e+02 1.029894881833031945e+02
12980 2.419345046368860892e+02 1.029821622181272573e+02
12981 2.419211530881683245e+02 1.029748425469898478e+02
12982 2.419078034369874501e+02 1.029675291607527043e+02
12983 2.418944556815797569e+02 1.029602220502969629e+02
12984 2.418811098201841787e+02 1.029529212065231008e+02
12985 2.418677658510424351e+02 1.029456266203510779e+02
12986 2.418544237723988601e+02 1.029383382827202666e+02
12987 2.418410835825006870e+02 1.029310561845890817e+02
12988 2.418277452795975933e+02 1.029237803169355772e+02
12989 2.418144088619420131e+02 1.029165106707565656e+02
12990 2.418010743277890811e+02 1.029092472370683566e+02
12991 2.417877416753966315e+02 1.029019900069061748e+02
12992 2.417744109030250570e+02 1.028947389713244291e+02
12993 2.417610820089375352e+02 1.028874941213964860e+02
12994 2.417477549913997166e+02 1.028802554482146405e+02
12995 2.417344298486801506e+02 1.028730229428899889e+02
12996 2.417211065790497742e+02 1.028657965965528831e+02
12997 2.417077851807822810e+02 1.028585764003520779e+02
12998 2.416944656521539798e+02 1.028513623454553709e+02
12999 2.416811479914438507e+02 1.028441544230491473e+02
13000 2.416678321969333751e+02 1.028369526243385508e+02
13001 2.416545182669067344e+02 1.028297569405472984e+02
13002 2.416412061996506679e+02 1.028225673629178232e+02
13003 2.416278959934545298e+02 1.028153838827108757e+02
13004 2.416145876466102607e+02 1.028082064912060503e+02
13005 2.416012811574123873e+02 1.028010351797010316e+02
13006 2.415879765241580515e+02 1.027938699395121489e+02
13007 2.415746737451468675e+02 1.027867107619740636e+02
13008 2.415613728186812352e+02 1.027795576384396554e+02
13009 2.415480737430658564e+02 1.027724105602801785e+02
13010 2.415347765166081615e+02 1.027652695188850061e+02
13011 2.415214811376181387e+02 1.027581345056618716e+02
13012 2.415081876044081639e+02 1.027510055120364569e+02
13013 2.414948959152933128e+02 1.027438825294525344e+02
13014 2.414816060685911339e+02 1.027367655493721657e+02
13015 2.414683180626217336e+02 1.027296545632752611e+02
13016 2.414550318957077479e+02 1.027225495626595233e+02
13017 2.414417475661743140e+02 1.027154505390409440e+02
13018 2.414284650723490415e+02 1.027083574839530371e+02
13019 2.414151844125621267e+02 1.027012703889472363e+02
13020 2.414019055851461815e+02 1.026941892455929093e+02
13021 2.413886285884364327e+02 1.026871140454771023e+02
13022 2.413753534207704661e+02 1.026800447802043124e+02
13023 2.413620800804883970e+02 1.026729814413969848e+02
13024 2.413488085659330693e+02 1.026659240206952148e+02
13025 2.413355388754493163e+02 1.026588725097563781e+02
13026 2.413222710073848987e+02 1.026518269002554717e+02
13027 2.413090049600896521e+02 1.026447871838850716e+02
13028 2.412957407319162826e+02 1.026377533523551762e+02
13029 2.412824783212195427e+02 1.026307253973930500e+02
13030 2.412692177263569704e+02 1.026237033107434513e+02
13031 2.412559589456883771e+02 1.026166870841683050e+02
13032 2.412427019775759334e+02 1.026096767094469016e+02
13033 2.412294468203845099e+02 1.026026721783757552e+02
13034 2.412161934724811374e+02 1.025956734827685324e+02
13035 2.412029419322354897e+02 1.025886806144559813e+02
13036 2.411896921980194577e+02 1.025816935652860309e+02
13037 2.411764442682074332e+02 1.025747123271235353e+02
13038 2.411631981411763093e+02 1.025677368918506716e+02
13039 2.411499538153051105e+02 1.025607672513660162e+02
13040 2.411367112889756186e+02 1.025538033975857672e+02
13041 2.411234705605717181e+02 1.025468453224424934e+02
13042 2.411102316284797951e+02 1.025398930178856745e+02
13043 2.410969944910886511e+02 1.025329464758818290e+02
13044 2.410837591467893901e+02 1.025260056884140880e+02
13045 2.410705255939754750e+02 1.025190706474822377e+02
13046 2.410572938310428697e+02 1.025121413451027763e+02
13047 2.410440638563896982e+02 1.025052177733089565e+02
13048 2.410308356684167563e+02 1.024982999241505723e+02
13049 2.410176092655266586e+02 1.024913877896937748e+02
13050 2.410043846461249473e+02 1.024844813620215547e+02
13051 2.409911618118590866e+02 1.024770057050450163e+02
13052 2.409779413275295781e+02 1.024635317236274688e+02
13053 2.409647243186907417e+02 1.024500721910532235e+02
13054 2.409515107811598398e+02 1.024366270877719955e+02
13055 2.409383007107603589e+02 1.024231963942687003e+02
13056 2.409250941033226923e+02 1.024097800910644906e+02
13057 2.409118909546832299e+02 1.023963781587158763e+02
13058 2.408986912606852968e+02 1.023829905778150788e+02
13059 2.408854950171783855e+02 1.023696173289894489e+02
13060 2.408723022200185255e+02 1.023562583929022054e+02
13061 2.408591128650680560e+02 1.023429137502511850e+02
13062 2.408459269481959950e+02 1.023295833817700355e+02
13063 2.408327444652774147e+02 1.023162672682271079e+02
13064 2.408195654121940947e+02 1.023029653904261238e+02
13065 2.408063897848340673e+02 1.022896777292055077e+02
13066 2.407932175790915323e+02 1.022764042654384440e+02
13067 2.407800487908673688e+02 1.022631449800329193e+02
13068 2.407668834160686515e+02 1.022498998539318080e+02
13069 2.407537214506086514e+02 1.022366688681122753e+02
13070 2.407405628904071762e+02 1.022234520035865017e+02
13071 2.407274077313902012e+02 1.022102492414003621e+02
13072 2.407142559694900399e+02 1.021970605626348316e+02
13073 2.407011076006451447e+02 1.021838859484043240e+02
13074 2.406879626208004481e+02 1.021707253798581831e+02
13075 2.406748210259069367e+02 1.021575788381791483e+02
13076 2.406616828119218781e+02 1.021444463045848892e+02
13077 2.406485479748088494e+02 1.021313277603260588e+02
13078 2.406354165105375955e+02 1.021182231866877146e+02
13079 2.406222884150839150e+02 1.021051325649882244e+02
13080 2.406091636844300297e+02 1.020920558765800479e+02
13081 2.405960423145641016e+02 1.020789931028490969e+02
13082 2.405829243014806593e+02 1.020659442252148494e+02
13083 2.405698096411802283e+02 1.020529092251298522e+02
13084 2.405566983296695014e+02 1.020398880840805305e+02
13085 2.405435903629613108e+02 1.020268807835862930e+02
13086 2.405304857370745992e+02 1.020138873051997876e+02
13087 2.405173844480343632e+02 1.020009076305067310e+02
13088 2.405042864918718237e+02 1.019879417411257663e+02
13089 2.404911918646240281e+02 1.019749896187087614e+02
13090 2.404781005623342196e+02 1.019620512449400991e+02
13091 2.404650125810519228e+02 1.019491266015375999e+02
13092 2.404519279168320907e+02 1.019362156702507178e+02
13093 2.404388465657363554e+02 1.019233184328625441e+02
13094 2.404257685238319198e+02 1.019104348711880021e+02
13095 2.404126937871922109e+02 1.018975649670752404e+02
13096 2.403996223518964825e+02 1.018847087024038842e+02
13097 2.403865542140301272e+02 1.018718660590867984e+02
13098 2.403734893696843926e+02 1.018590370190681682e+02
13099 2.403604278149564379e+02 1.018462215643252051e+02
13100 2.403473695459494479e+02 1.018334196768663702e+02
13101 2.403343145587726326e+02 1.018206313387328379e+02
13102 2.403212628495408296e+02 1.018078565319974729e+02
13103 2.403082144143749304e+02 1.017950952387647021e+02
13104 2.402951692494017664e+02 1.017823474411709412e+02
13105 2.402821273507540525e+02 1.017696131213846371e+02
13106 2.402690887145702732e+02 1.017568922616051310e+02
13107 2.402560533369948530e+02 1.017441848440639802e+02
13108 2.402430212141779009e+02 1.017314908510237075e+02
13109 2.402299923422756081e+02 1.017188102647785826e+02
13110 2.402169668554884936e+02 1.017039214261267830e+02
13111 2.402039451893818693e+02 1.016889785009687159e+02
13112 2.401909273486939753e+02 1.016740492715851474e+02
13113 2.401779133293576933e+02 1.016591337217204938e+02
13114 2.401649031273116464e+02 1.016442318351484460e+02
13115 2.401518967385000849e+02 1.016293435956719975e+02
13116 2.401388941588728017e+02 1.016144689871230469e+02
13117 2.401258953843856716e+02 1.015996079933631790e+02
13118 2.401129004109998561e+02 1.015847605982827275e+02
13119 2.400999092346823147e+02 1.015699267858012149e+02
13120 2.400869218514055490e+02 1.015551065398668129e+02
13121 2.400739382571477449e+02 1.015402998444567686e+02
13122 2.400609584478927445e+02 1.015255066835771061e+02
13123 2.400479824196299319e+02 1.015107270412624274e+02
13124 2.400350101683543187e+02 1.014959609015758559e+02
13125 2.400220416900663452e+02 1.014812082486091782e+02
13126 2.400090769807722779e+02 1.014664690664827731e+02
13127 2.399961160364838122e+02 1.014517433393451427e+02
13128 2.399831588532182138e+02 1.014370310513731539e+02
13129 2.399702054269981772e+02 1.014223321867718255e+02
13130 2.399572557538519106e+02 1.014076467297745268e+02
13131 2.399443098298134203e+02 1.013929746646427219e+02
13132 2.399313676509219704e+02 1.013783159756654868e+02
13133 2.399184292132223391e+02 1.013636706471604043e+02
13134 2.399054945127647898e+02 1.013490386634724274e+02
13135 2.398925635456051850e+02 1.013344200089746039e+02
13136 2.398796363078045886e+02 1.013198146680670959e+02
13137 2.398667127954297769e+02 1.013052226251785868e+02
13138 2.398537930045528412e+02 1.012906438647645331e+02
13139 2.398408769312512163e+02 1.012760783713084720e+02
13140 2.398279645716080495e+02 1.012615261293207283e+02
13141 2.398150559217115756e+02 1.012469871233395793e+02
13142 2.398021509776555718e+02 1.012324613379299620e+02
13143 2.397892497355391868e+02 1.012179487576846242e+02
13144 2.397763521914669695e+02 1.012034493672229303e+02
13145 2.397634583415486702e+02 1.011889631511915439e+02
13146 2.397505681818996663e+02 1.011744900942639447e+02
13147 2.397376817086403662e+02 1.011600301811405558e+02
13148 2.397247989178968623e+02 1.011455833965487869e+02
13149 2.397119198058003633e+02 1.011311497252425511e+02
13150 2.396990443684872503e+02 1.011167291520025771e+02
13151 2.396861726020995889e+02 1.011023216616361111e+02
13152 2.396733045027843616e+02 1.010879272389773433e+02
13153 2.396604400666940364e+02 1.010735458688862991e+02
13154 2.396475792899862824e+02 1.010591775362498055e+02
13155 2.396347221688241120e+02 1.010448222259810080e+02
13156 2.396218686993756819e+02 1.010304799230190866e+02
13157 2.396090188778145205e+02 1.010161506123297386e+02
13158 2.395961727003191299e+02 1.010018342789048091e+02
13159 2.395833301630735548e+02 1.009875309077612968e+02
13160 2.395704912622668701e+02 1.009732404839437123e+02
13161 2.395576559940934089e+02 1.009589629925211938e+02
13162 2.395448243547525919e+02 1.009446984185893257e+02
13163 2.395319963404490977e+02 1.009304467472694284e+02
13164 2.395191719473928913e+02 1.009162079637083167e+02
13165 2.395063511717989115e+02 1.009019820530785694e+02
13166 2.394935340098873269e+02 1.008877690005786576e+02
13167 2.394807204578833080e+02 1.008735687914318220e+02
13168 2.394679105120176246e+02 1.008593814108875932e+02
13169 2.394551041685254518e+02 1.008452068442202432e+02
13170 2.394423014236477059e+02 1.008310450767298647e+02
13171 2.394295022736301064e+02 1.008168960937409651e+02
13172 2.394167067147234320e+02 1.008027598806045262e+02
13173 2.394039147431837478e+02 1.007886364226953049e+02
13174 2.393911263552719788e+02 1.007745257054138364e+02
13175 2.393783415472541662e+02 1.007604277141855817e+02
13176 2.393655603154014955e+02 1.007463424344608711e+02
13177 2.393527826559903247e+02 1.007322698517149178e+02
13178 2.393400085653015879e+02 1.007182099514473350e+02
13179 2.393272380396215908e+02 1.007041627191831736e+02
13180 2.393144710752416984e+02 1.006901281404712876e+02
13181 2.393017076684579933e+02 1.006761062008858687e+02
13182 2.392889478155719303e+02 1.006620968860253953e+02
13183 2.392761915128896533e+02 1.006481001815124898e+02
13184 2.392634387567222234e+02 1.006341160729946012e+02
13185 2.392506895433861018e+02 1.006201445461431945e+02
13186 2.392379438692022973e+02 1.006061855866544903e+02
13187 2.392252017304967922e+02 1.005922391802481997e+02
13188 2.392124631236008270e+02 1.005783053126689168e+02
13189 2.391997280448503034e+02 1.005643839696847834e+02
13190 2.391869964905859547e+02 1.005504751370880143e+02
13191 2.391742684571537723e+02 1.005365788006952528e+02
13192 2.391615439409043233e+02 1.005226949463464621e+02
13193 2.391488229381932911e+02 1.005088235599058208e+02
13194 2.391361054453811050e+02 1.004949646272610266e+02
13195 2.391233914588330265e+02 1.004811181343237649e+02
13196 2.391106809749194611e+02 1.004672840670292544e+02
13197 2.390979739900153618e+02 1.004534624113359484e+02
13198 2.390852705005006555e+02 1.004396531532263737e+02
13199 2.390725705027601862e+02 1.004258562787064761e+02
13200 2.390598739931833734e+02 1.004120717738051667e+02
13201 2.390471809681648381e+02 1.003982996245750456e+02
13202 2.390344914241036349e+02 1.003845398170919196e+02
13203 2.390218053574039345e+02 1.003707923374548727e+02
13204 2.390091227644743412e+02 1.003570571717862947e+02
13205 2.389964436417287459e+02 1.003433343062311422e+02
13206 2.389837679855852741e+02 1.003296237269579905e+02
13207 2.389710957924672243e+02 1.003159254201582229e+02
13208 2.389584270588023571e+02 1.003022393720459604e+02
13209 2.389457617810234922e+02 1.002885655688586155e+02
13210 2.389330999555679966e+02 1.002749039968560538e+02
13211 2.389204415788778988e+02 1.002612546423210347e+02
13212 2.389077866474001155e+02 1.002476174915588700e+02
13213 2.388951351575861963e+02 1.002339925308977655e+02
13214 2.388824871058924657e+02 1.002203797466883799e+02
13215 2.388698424887797671e+02 1.002067791253037257e+02
13216 2.388572013027138894e+02 1.001931906531397090e+02
13217 2.388445635441651120e+02 1.001796143166142201e+02
13218 2.388319292096084610e+02 1.001660501021676311e+02
13219 2.388192982955235379e+02 1.001524979962626674e+02
13220 2.388066707983946628e+02 1.001389579853844793e+02
13221 2.387940467147108734e+02 1.001254300560398320e+02
13222 2.387814260409658687e+02 1.001119141947582847e+02
13223 2.387688087736576392e+02 1.000984103880909828e+02
13224 2.387561949092892064e+02 1.000849186226112693e+02
13225 2.387435844443679684e+02 1.000714388849145138e+02
13226 2.387309773754060132e+02 1.000579711616178145e+02
13227 2.387183736989199758e+02 1.000445154393601115e+02
13228 2.387057734114311245e+02 1.000310717048024856e+02
13229 2.386931765094653599e+02 1.000176399446274758e+02
13230 2.386805829895529314e+02 1.000042201455391222e+02
13231 2.386679928482289199e+02 9.999081229426344919e+01
13232 2.386554060820327265e+02 9.997741637754778310e+01
13233 2.386428226875083851e+02 9.996403238216112186e+01
13234 2.386302426769496208e+02 9.995040876086046922e+01
13235 2.386176660946235870e+02 9.993679586507849422e+01
13236 2.386050929371940299e+02 9.992319504509481476e+01
13237 2.385925232011571779e+02 9.990960628752560524e+01
13238 2.385799568830138639e+02 9.989602957901030322e+01
13239 2.385673939792694682e+02 9.988246490621106943e+01
13240 2.385548344864340322e+02 9.986891225581280196e+01
13241 2.385422784010220596e+02 9.985537161452333521e+01
13242 2.385297257195528289e+02 9.984184296907315570e+01
13243 2.385171764385499387e+02 9.982832630621523151e+01
13244 2.385046305545416772e+02 9.981482161272536757e+01
13245 2.384920880640608516e+02 9.980132887540169406e+01
13246 2.384795489636448167e+02 9.978784808106468063e+01
13247 2.384670132498355599e+02 9.977437921655736375e+01
13248 2.384544809191793036e+02 9.976092226874501989e+01
13249 2.384419519682270732e+02 9.974747722451519394e+01
13250 2.384294263935341860e+02 9.973404407077761391e+01
13251 2.384169041916605920e+02 9.972062279446423361e+01
13252 2.384043853591707887e+02 9.970721338252899102e+01
13253 2.383918698926334230e+02 9.969381582194780833e+01
13254 2.383793577886220305e+02 9.968043009971849244e+01
13255 2.383668490437142111e+02 9.966705620286086287e+01
13256 2.383543436544924248e+02 9.965369411841658120e+01
13257 2.383418416175432526e+02 9.964034383344926482e+01
13258 2.383293429294578232e+02 9.962700533504360578e+01
13259 2.383168475868317273e+02 9.961367861030662141e+01
13260 2.383043555862649043e+02 9.960036364636665951e+01
13261 2.382918669243617558e+02 9.958706043037332734e+01
13262 2.382793815977310885e+02 9.957376894949842949e+01
13263 2.382668996029860580e+02 9.956048919093436211e+01
13264 2.382544209367443102e+02 9.954722114189533499e+01
13265 2.382419455956277830e+02 9.953396478961684579e+01
13266 2.382294735762626487e+02 9.952072012135545265e+01
13267 2.382170048752797697e+02 9.950748712438895893e+01
13268 2.382045394893141292e+02 9.949426578601638482e+01
13269 2.381920774150050306e+02 9.948105609355775414e+01
13270 2.381796186489963247e+02 9.946785803435400908e+01
13271 2.381671631879360405e+02 9.945467159576726601e+01
13272 2.381547110284764983e+02 9.944149676518024705e+01
13273 2.381422621672744242e+02 9.942833352999659269e+01
13274 2.381298166009908073e+02 9.941518187764111758e+01
13275 2.381173743262910136e+02 9.940204179555873054e+01
13276 2.381049353398445305e+02 9.938891327121532981e+01
13277 2.380924996383252505e+02 9.937579629209761833e+01
13278 2.380800672184114148e+02 9.936269084571246424e+01
13279 2.380676380767853288e+02 9.934959691958739825e+01
13280 2.380552122101337602e+02 9.933651450127032945e+01
13281 2.380427896151476261e+02 9.932344357832991477e+01
13282 2.380303702885219934e+02 9.931038413835453582e+01
13283 2.380179542269564195e+02 9.929733616895336468e+01
13284 2.380055414271544123e+02 9.928429965775569599e+01
13285 2.379931318858238853e+02 9.927127459241064855e+01
13286 2.379807255996769015e+02 9.925826096058791848e+01
13287 2.379683225654297587e+02 9.924525874997695496e+01
13288 2.379559227798030179e+02 9.923226794828734398e+01
13289 2.379435262395211907e+02 9.921928854324865199e+01
13290 2.379311329413131659e+02 9.920632052261029799e+01
13291 2.379187428819120385e+02 9.919336387414148248e+01
13292 2.379063560580549677e+02 9.918041858563142910e+01
13293 2.378939724664833761e+02 9.916748464488874504e+01
13294 2.378815921039426087e+02 9.915456203974189009e+01
13295 2.378692149671825291e+02 9.914165075803899185e+01
13296 2.378568410529567814e+02 9.912875078764794523e+01
13297 2.378444703580233295e+02 9.911586211645594346e+01
13298 2.378321028791442018e+02 9.910298473236954919e+01
13299 2.378197386130856046e+02 9.909011862331486498e+01
13300 2.378073775566178085e+02 9.907726377723763278e+01
13301 2.377950197065151769e+02 9.906442018210255185e+01
13302 2.377826650595561375e+02 9.905158782589367661e+01
13303 2.377703136125233812e+02 9.903876669661447352e+01
13304 2.377579653622033788e+02 9.902595678228709630e+01
13305 2.377456203053868649e+02 9.901315807095356547e+01
13306 2.377332784388686662e+02 9.900037055067451774e+01
13307 2.377209397594475888e+02 9.898759420952934818e+01
13308 2.377086042639265315e+02 9.897482903561702017e+01
13309 2.376962719491123721e+02 9.896207501705488596e+01
13310 2.376839428118161095e+02 9.894933214197959614e+01
13311 2.376716168488527217e+02 9.893660039854619015e+01
13312 2.376592940570411940e+02 9.892387977492892048e+01
13313 2.376469744332046048e+02 9.891117025932035745e+01
13314 2.376346579741699259e+02 9.889847183993211388e+01
13315 2.376223446767682503e+02 9.888578450499390726e+01
13316 2.376100345378344230e+02 9.887310824275462551e+01
13317 2.375977275542076654e+02 9.886044304148111905e+01
13318 2.375854237227309227e+02 9.884778888945940878e+01
13319 2.375731230402510334e+02 9.883514577499313702e+01
13320 2.375608255036190997e+02 9.882251368640473288e+01
13321 2.375485311096899181e+02 9.880989261203519902e+01
13322 2.375362398553222931e+02 9.879728254024308853e+01
13323 2.375239517373790648e+02 9.878468345940622442e+01
13324 2.375116667527268532e+02 9.877209535791936901e+01
13325 2.374993848982364852e+02 9.875951822419658299e+01
13326 2.374871061707824254e+02 9.874695204666916482e+01
13327 2.374748305672431172e+02 9.873439681378712862e+01
13328 2.374625580845009551e+02 9.872185251401776895e+01
13329 2.374502887194423408e+02 9.870931913584695394e+01
13330 2.374380224689574277e+02 9.869679666777824423e+01
13331 2.374257593299402060e+02 9.868428509833285034e+01
13332 2.374134992992888158e+02 9.867178441605008743e+01
13333 2.374012423739050064e+02 9.865929460948687790e+01
13334 2.373889885506944495e+02 9.864681566721802142e+01
13335 2.373767378265668242e+02 9.863434757783561224e+01
13336 2.373644901984355329e+02 9.862189032994977822e+01
13337 2.373522456632178148e+02 9.860944391218805549e+01
13338 2.373400042178348031e+02 9.859700831319526060e+01
13339 2.373277658592115245e+02 9.858458352163444260e+01
13340 2.373155305842767007e+02 9.857216952618534833e+01
13341 2.373032983899629187e+02 9.855976631554520395e+01
13342 2.372910692732066309e+02 9.854737387842902763e+01
13343 2.372788432309481550e+02 9.853499220356877686e+01
13344 2.372666202601313898e+02 9.852262127971388850e+01
13345 2.372544003577042986e+02 9.851026109563061084e+01
13346 2.372421835206183687e+02 9.849791164010318312e+01
13347 2.372299697458291234e+02 9.848557290193203073e+01
13348 2.372177590302957242e+02 9.847324486993534265e+01
13349 2.372055513709810270e+02 9.846092753294782085e+01
13350 2.371933467648519240e+02 9.844862087982183141e+01
13351 2.371811452088786609e+02 9.843632489942594077e+01
13352 2.371689467000356899e+02 9.842403958064635106e+01
13353 2.371567512353008738e+02 9.841176491238563528e+01
13354 2.371445588116558554e+02 9.839950088356329161e+01
13355 2.371323694260861998e+02 9.838724748311578594e+01
13356 2.371201830755809397e+02 9.837500469999613983e+01
13357 2.371079997571330864e+02 9.836277252317411524e+01
13358 2.370958194677391759e+02 9.835055094163615763e+01
13359 2.370836422043994389e+02 9.833833994438539605e+01
13360 2.370714679641179146e+02 9.832613952044135885e+01
13361 2.370592967439023084e+02 9.831394965884003057e+01
13362 2.370471285407641062e+02 9.830177034863456242e+01
13363 2.370349633517182610e+02 9.828960157889366656e+01
13364 2.370228011737834208e+02 9.827744333870279547e+01
13365 2.370106420039821273e+02 9.826529561716411365e+01
13366 2.369984858393403329e+02 9.825315840339555962e+01
13367 2.369863326768878551e+02 9.824103168653159912e+01
13368 2.369741825136580076e+02 9.822891545572296934e+01
13369 2.369620353466879124e+02 9.821680970013660783e+01
13370 2.369498911730179884e+02 9.820471440895562409e+01
13371 2.369377499896928327e+02 9.819262957137901537e+01
13372 2.369256117937601118e+02 9.818055517662236298e+01
13373 2.369134765822713291e+02 9.816849121391658173e+01
13374 2.369013443522818250e+02 9.815643767250894314e+01
13375 2.368892151008501230e+02 9.814439454166320331e+01
13376 2.368770888250387259e+02 9.813236181065798291e+01
13377 2.368649655219135468e+02 9.812033946878865720e+01
13378 2.368528451885441086e+02 9.810832750536594915e+01
13379 2.368407278220034584e+02 9.809632590971656896e+01
13380 2.368286134193683097e+02 9.808433467118301508e+01
13381 2.368165019777189855e+02 9.807235377912319052e+01
13382 2.368043934941393616e+02 9.806038322291115605e+01
13383 2.367922879657166106e+02 9.804842299193647648e+01
13384 2.367801853895417707e+02 9.803647307560397905e+01
13385 2.367680857627093474e+02 9.802453346333435036e+01
13386 2.367559890823173419e+02 9.801260414456392311e+01
13387 2.367438953454673936e+02 9.800068510874423566e+01
13388 2.367318045492645240e+02 9.798877634534238723e+01
13389 2.367197166908172505e+02 9.797687784384085319e+01
13390 2.367076317672378138e+02 9.796498959373766979e+01
13391 2.366955497756418367e+02 9.795311158454580891e+01
13392 2.366834707131484095e+02 9.794124380579400224e+01
13393 2.366713945768802887e+02 9.792938624702586026e+01
13394 2.366593213639634996e+02 9.791753889780052589e+01
13395 2.366472510715277338e+02 9.790570174769214873e+01
13396 2.366351836967060649e+02 9.789387478628998451e+01
13397 2.366231192366350342e+02 9.788205800319838090e+01
13398 2.366110576884548777e+02 9.787025138803697644e+01
13399 2.365989990493088726e+02 9.785845493044023158e+01
13400 2.365869433163441897e+02 9.784666862005775556e+01
13401 2.365748904867111548e+02 9.783489244655410744e+01
13402 2.365628405575637032e+02 9.782312639960842660e+01
13403 2.365507935260591523e+02 9.781137046891532805e+01
13404 2.365387493893582302e+02 9.779962464418375134e+01
13405 2.365267081446252178e+02 9.778788891513784165e+01
13406 2.365146697890275789e+02 9.777616327151623921e+01
13407 2.365026343197365577e+02 9.776444770307251986e+01
13408 2.364906017339264395e+02 9.775274219957499611e+01
13409 2.364785720287751190e+02 9.774104675080623394e+01
13410 2.364665452014639584e+02 9.772936134656397655e+01
13411 2.364545212491775885e+02 9.771768597666050482e+01
13412 2.364425001691039370e+02 9.770602063092204048e+01
13413 2.364304819584345410e+02 9.769436529919040879e+01
13414 2.364184666143642914e+02 9.768271997132072215e+01
13415 2.364064541340912342e+02 9.767108463718341227e+01
13416 2.363944445148170246e+02 9.765945928666322118e+01
13417 2.363824377537466148e+02 9.764784390965891703e+01
13418 2.363704338480882541e+02 9.763623849608394778e+01
13419 2.363584327950535737e+02 9.762464303586597225e+01
13420 2.363464345918576157e+02 9.761305751894694538e+01
13421 2.363344392357186621e+02 9.760148193528301874e+01
13422 2.363224467238584623e+02 9.758991627484485321e+01
13423 2.363104570535018638e+02 9.757836052761670942e+01
13424 2.362984702218773805e+02 9.756681468359759890e+01
13425 2.362864862262165957e+02 9.755527873280020401e+01
13426 2.362745050637545035e+02 9.754375266525181587e+01
13427 2.362625267317292241e+02 9.753223647099306959e+01
13428 2.362505512273825161e+02 9.752073014007926588e+01
13429 2.362385785479592073e+02 9.750923366257910629e+01
13430 2.362266086907074509e+02 9.749774702857594377e+01
13431 2.362146416528788109e+02 9.748627022816656051e+01
13432 2.362026774317278637e+02 9.747480325146158009e+01
13433 2.361907160245127670e+02 9.746334608858555271e+01
13434 2.361787574284947766e+02 9.745189872967701206e+01
13435 2.361668016409384450e+02 9.744046116488841847e+01
13436 2.361548486591117069e+02 9.742903338438533467e+01
13437 2.361428984802854814e+02 9.741761537834757689e+01
13438 2.361309511017342686e+02 9.740620713696856114e+01
13439 2.361190065207355815e+02 9.739480865045543112e+01
13440 2.361070647345702298e+02 9.738341990902854661e+01
13441 2.360951257405223203e+02 9.737204090292230774e+01
13442 2.360831895358790860e+02 9.736067162238467176e+01
13443 2.360712561179311137e+02 9.734931205767664153e+01
13444 2.360593254839721453e+02 9.733796219907323177e+01
13445 2.360473976312991908e+02 9.732662203686278701e+01
13446 2.360354725572123016e+02 9.731529156134679681e+01
13447 2.360235502590149395e+02 9.730397076284053526e+01
13448 2.360116307340136359e+02 9.729265963167252096e+01
13449 2.359997139795182193e+02 9.728135815818451704e+01
13450 2.359877999928415591e+02 9.727006633273163061e+01
13451 2.359758887712999638e+02 9.725878414568227015e+01
13452 2.359639803122126125e+02 9.724751158741807444e+01
13453 2.359520746129020381e+02 9.723624864833399783e+01
13454 2.359401716706939851e+02 9.722499531883779866e+01
13455 2.359282714829172960e+02 9.721375158935104821e+01
13456 2.359163740469038828e+02 9.720251745030793700e+01
13457 2.359044793599889260e+02 9.719129289215580059e+01
13458 2.358925874195107895e+02 9.718007790535511958e+01
13459 2.358806982228109348e+02 9.716887248037939173e+01
13460 2.358688117672339217e+02 9.715767660771528824e+01
13461 2.358569280501274079e+02 9.714649027786209956e+01
13462 2.358450470688424332e+02 9.713531348133220433e+01
13463 2.358331688207327659e+02 9.712414620865098414e+01
13464 2.358212933031557554e+02 9.711298845035688032e+01
13465 2.358094205134712524e+02 9.710184019700045610e+01
13466 2.357975504490429728e+02 9.709070143914598816e+01
13467 2.357856831072372756e+02 9.707957216737003137e+01
13468 2.357738184854234760e+02 9.706845237226201561e+01
13469 2.357619565809744984e+02 9.705734204442406110e+01
13470 2.357500973912658537e+02 9.704624117447117726e+01
13471 2.357382409136764636e+02 9.703514975303089329e+01
13472 2.357263871455881770e+02 9.702406777074318711e+01
13473 2.357145360843860828e+02 9.701299521826095429e+01
13474 2.357026877274581125e+02 9.700193208624985175e+01
13475 2.356908420721953519e+02 9.699087836538758722e+01
13476 2.356789991159921556e+02 9.697983404636481453e+01
13477 2.356671588562455213e+02 9.696879911988426670e+01
13478 2.356553212903558858e+02 9.695777357666167973e+01
13479 2.356434864157265565e+02 9.694675740742495407e+01
13480 2.356316542297638534e+02 9.693575060291422574e+01
13481 2.356198247298773083e+02 9.692475315388249157e+01
13482 2.356079979134793234e+02 9.691376505109472816e+01
13483 2.355961737779853138e+02 9.690278628532820449e+01
13484 2.355843523208140198e+02 9.689181684737289402e+01
13485 2.355725335393866260e+02 9.688085672803067894e+01
13486 2.355607174311279550e+02 9.686990591811594697e+01
13487 2.355489039934653590e+02 9.685896440845498034e+01
13488 2.355370932238295438e+02 9.684803218988665208e+01
13489 2.355252851196539723e+02 9.683710925326158758e+01
13490 2.355134796783752904e+02 9.682619558944288940e+01
13491 2.355016768974330148e+02 9.681529118930578193e+01
13492 2.354898767742696748e+02 9.680439604373756879e+01
13493 2.354780793063308408e+02 9.679351014363702177e+01
13494 2.354662844910648403e+02 9.678263347991585874e+01
13495 2.354544923259234110e+02 9.677176604349727995e+01
13496 2.354427028083608775e+02 9.676090782531639434e+01
13497 2.354309159358345767e+02 9.675005881632054638e+01
13498 2.354191317058049719e+02 9.673921900746906033e+01
13499 2.354073501157353405e+02 9.672838838973261488e+01
13500 2.353955711630920291e+02 9.671756695409440852e+01
13501 2.353837948453441413e+02 9.670675469154927839e+01
13502 2.353720211599638787e+02 9.669595159310344457e+01
13503 2.353602501044264557e+02 9.668515764977564686e+01
13504 2.353484816762098149e+02 9.667437285259599378e+01
13505 2.353367158647714064e+02 9.666403344171961010e+01
13506 2.353249524896456251e+02 9.665470995148216105e+01
13507 2.353131913831782640e+02 9.664539469856049436e+01
13508 2.353014325431466602e+02 9.663608767456653936e+01
13509 2.352896759673305951e+02 9.662678887112359405e+01
13510 2.352779216535124647e+02 9.661749827986562877e+01
13511 2.352661695994773083e+02 9.660821589243737151e+01
13512 2.352544198030129508e+02 9.659894170049481943e+01
13513 2.352426722619096893e+02 9.658967569570459943e+01
13514 2.352309269739599813e+02 9.658041786974384024e+01
13515 2.352191839369597517e+02 9.657116821430098241e+01
13516 2.352074431487068011e+02 9.656192672107515307e+01
13517 2.351957046070019146e+02 9.655269338177588168e+01
13518 2.351839683096482077e+02 9.654346818812389586e+01
13519 2.351722342544515527e+02 9.653425113185022610e+01
13520 2.351605024392203518e+02 9.652504220469697316e+01
13521 2.351487728608464067e+02 9.651589260637375389e+01
13522 2.351370454960058680e+02 9.650687322801785228e+01
13523 2.351253203224646029e+02 9.649786185353055146e+01
13524 2.351135973380735038e+02 9.648885847463780863e+01
13525 2.351018765406862485e+02 9.647986308307663705e+01
13526 2.350901579281589875e+02 9.647087567059480762e+01
13527 2.350784414983502586e+02 9.646189622895091986e+01
13528 2.350667272491214419e+02 9.645292474991498466e+01
13529 2.350550151783360775e+02 9.644396122526723047e+01
13530 2.350433052838607750e+02 9.643500564679939657e+01
13531 2.350315975635639631e+02 9.642605800631314139e+01
13532 2.350198920153172537e+02 9.641711829562191838e+01
13533 2.350081886369945323e+02 9.640818650654932753e+01
13534 2.349964874264719867e+02 9.639926263092995384e+01
13535 2.349847883816287322e+02 9.639034666060915413e+01
13536 2.349730915003460439e+02 9.638143858744285808e+01
13537 2.349613967805079255e+02 9.637253840329778143e+01
13538 2.349497042200007115e+02 9.636364610005131226e+01
13539 2.349380138167134646e+02 9.635476166959158206e+01
13540 2.349263255685375213e+02 9.634588510381712467e+01
13541 2.349146394733668046e+02 9.633701639463738786e+01
13542 2.349029555290976816e+02 9.632815553397207964e+01
13543 2.348912737336291059e+02 9.631930251375197827e+01
13544 2.348795940848625321e+02 9.631045732591771014e+01
13545 2.348679165807016886e+02 9.630161996242128453e+01
13546 2.348562412190528619e+02 9.629279041522460147e+01
13547 2.348445679978249530e+02 9.628396867630004863e+01
13548 2.348328969149292504e+02 9.627515473763105547e+01
13549 2.348212279682793451e+02 9.626634859121075749e+01
13550 2.348095611557914992e+02 9.625755022904317570e+01
13551 2.347978964753843911e+02 9.624875964314276189e+01
13552 2.347862339249790296e+02 9.623997682553439859e+01
13553 2.347745735024990097e+02 9.623120176825283068e+01
13554 2.347629152058702573e+02 9.622243446334383066e+01
13555 2.347512590330212845e+02 9.621367490286304758e+01
13556 2.347396049818829340e+02 9.620492307887671757e+01
13557 2.347279530503883791e+02 9.619617898346103857e+01
13558 2.347163032364735500e+02 9.618744260870307983e+01
13559 2.347046555380764232e+02 9.617871394669951712e+01
13560 2.346930099531376754e+02 9.616999298955741438e+01
13561 2.346813664796002854e+02 9.616127972939450785e+01
13562 2.346697251154095625e+02 9.615257415833815458e+01
13563 2.346580858585134877e+02 9.614387626852605706e+01
13564 2.346464487068621736e+02 9.613518605210644807e+01
13565 2.346348136584082056e+02 9.612650350123712428e+01
13566 2.346231807111068406e+02 9.611782860808639839e+01
13567 2.346115498629152967e+02 9.610916136483247385e+01
13568 2.345999211117934067e+02 9.610050176366382857e+01
13569 2.345882944557034762e+02 9.609184979677874594e+01
13570 2.345766698926101128e+02 9.608320545638585486e+01
13571 2.345650474204801981e+02 9.607456873470337655e+01
13572 2.345534270372832566e+02 9.606593962396024722e+01
13573 2.345418087409908878e+02 9.605731811639454065e+01
13574 2.345301925295772492e+02 9.604870420425486088e+01
13575 2.345185784010188002e+02 9.604009787979966006e+01
13576 2.345069663532944162e+02 9.603149913529723847e+01
13577 2.344953563843853317e+02 9.602290796302565923e+01
13578 2.344837484922750548e+02 9.601432435527327414e+01
13579 2.344721426749495663e+02 9.600574830433809836e+01
13580 2.344605389303971208e+02 9.599717980252790994e+01
13581 2.344489372566082750e+02 9.598861884216016449e+01
13582 2.344373376515760867e+02 9.598006541556274840e+01
13583 2.344257401132958307e+02 9.597151951507279932e+01
13584 2.344141446397651976e+02 9.596298113303745936e+01
13585 2.344025512289839810e+02 9.595445026181356241e+01
13586 2.343909598789547886e+02 9.594592689376757733e+01
13587 2.343793705876819899e+02 9.593741102127589215e+01
13588 2.343677833531727401e+02 9.592890263672471463e+01
13589 2.343561981734361837e+02 9.592040173250957480e+01
13590 2.343446150464839945e+02 9.591190830103585085e+01
13591 2.343330339703300353e+02 9.590342233471869804e+01
13592 2.343214549429906697e+02 9.589494382598275024e+01
13593 2.343098779624841654e+02 9.588647276726221946e+01
13594 2.342983030268315190e+02 9.587800915100112320e+01
13595 2.342867301340559152e+02 9.586955296965292916e+01
13596 2.342751592821826705e+02 9.586110421568061213e+01
13597 2.342635904692396593e+02 9.585266288155685288e+01
13598 2.342520236932567173e+02 9.584422895976354084e+01
13599 2.342404589522661809e+02 9.583580244279251303e+01
13600 2.342288962443028026e+02 9.582738332314498564e+01
13601 2.342173355674031825e+02 9.581897159333125558e+01
13602 2.342057769196065919e+02 9.581056724587161000e+01
13603 2.341942202989545763e+02 9.580217027329538837e+01
13604 2.341826657034906418e+02 9.579378066814172143e+01
13605 2.341711131312607108e+02 9.578539842295876383e+01
13606 2.341595625803130929e+02 9.577702353030429094e+01
13607 2.341480140486982862e+02 9.576865598274530100e+01
13608 2.341364675344689203e+02 9.576029577285828509e+01
13609 2.341249230356800695e+02 9.575194289322895713e+01
13610 2.341133805503889107e+02 9.574359733645258075e+01
13611 2.341018400766549235e+02 9.573525909513342924e+01
13612 2.340903016125398892e+02 9.572692816188524034e+01
13613 2.340787651561077496e+02 9.571860452933088936e+01
13614 2.340672307054246346e+02 9.571028819010263078e+01
13615 2.340556982585589481e+02 9.570197913684184243e+01
13616 2.340441678135815096e+02 9.569367736219921028e+01
13617 2.340326393685652420e+02 9.568538285883474259e+01
13618 2.340211129215850576e+02 9.567709561941722995e+01
13619 2.340095884707184837e+02 9.566881563662504107e+01
13620 2.339980660140449231e+02 9.566054290314542641e+01
13621 2.339865455496462801e+02 9.565227741167501563e+01
13622 2.339750270756063628e+02 9.564401915491933437e+01
13623 2.339635105900114809e+02 9.563576812559297480e+01
13624 2.339519960909501037e+02 9.562752431642005035e+01
13625 2.339404835765126904e+02 9.561928772013307309e+01
13626 2.339289730447921158e+02 9.561105832947411898e+01
13627 2.339174644938833012e+02 9.560283613719406048e+01
13628 2.339059579218834983e+02 9.559462113605313505e+01
13629 2.338944533268920623e+02 9.558641331881996450e+01
13630 2.338829507070105080e+02 9.557821267827259248e+01
13631 2.338714500603426245e+02 9.557001920719804389e+01
13632 2.338599513849943037e+02 9.556183289839212591e+01
13633 2.338484546790736545e+02 9.555365374465984019e+01
13634 2.338369599406908890e+02 9.554548173881451589e+01
13635 2.338254671679584931e+02 9.553731687367920244e+01
13636 2.338139763589911695e+02 9.552915914208510628e+01
13637 2.338024875119054968e+02 9.552100853687292670e+01
13638 2.337910006248205832e+02 9.551286505089171897e+01
13639 2.337795156958574410e+02 9.550472867699966173e+01
13640 2.337680327231392710e+02 9.549659940806358804e+01
13641 2.337565517047914625e+02 9.548847723695939749e+01
13642 2.337450726389417071e+02 9.548036215657157300e+01
13643 2.337335955237194867e+02 9.547225415979332297e+01
13644 2.337221203572568982e+02 9.546415323952683707e+01
13645 2.337106471376876016e+02 9.545605938868276041e+01
13646 2.336991758631479286e+02 9.544797260018083307e+01
13647 2.336877065317760298e+02 9.543989286694927898e+01
13648 2.336762391417123013e+02 9.543182018192500493e+01
13649 2.336647736910991853e+02 9.542375453805365737e+01
13650 2.336533101780814263e+02 9.541569592828977875e+01
13651 2.336418486008056448e+02 9.540764434559602591e+01
13652 2.336303889574207062e+02 9.539959978294409382e+01
13653 2.336189312460776648e+02 9.539156223331427498e+01
13654 2.336074754649295357e+02 9.538353168969533158e+01
13655 2.335960216121316364e+02 9.537550814508492181e+01
13656 2.335845696858410463e+02 9.536749159248874719e+01
13657 2.335731196842173745e+02 9.535948202492164683e+01
13658 2.335616716054221058e+02 9.535147943540653159e+01
13659 2.335502254476187147e+02 9.534348381697513730e+01
13660 2.335387812089730346e+02 9.533549516266766943e+01
13661 2.335273388876527463e+02 9.532751346553276051e+01
13662 2.335158984818278043e+02 9.531953871862765482e+01
13663 2.335044599896700390e+02 9.531157091501778211e+01
13664 2.334930234093537251e+02 9.530361004777734024e+01
13665 2.334815887390547289e+02 9.529565610998892566e+01
13666 2.334701559769514461e+02 9.528770909474334871e+01
13667 2.334587251212240346e+02 9.527976899514015940e+01
13668 2.334472961700548694e+02 9.527183580428690846e+01
13669 2.334358691216283432e+02 9.526390951529988627e+01
13670 2.334244439741309520e+02 9.525599012130356869e+01
13671 2.334130207257512382e+02 9.524807761543085860e+01
13672 2.334015993746797335e+02 9.524017199082291540e+01
13673 2.333901799191092152e+02 9.523227324062935395e+01
13674 2.333787623572342795e+02 9.522438135800783243e+01
13675 2.333673466872516826e+02 9.521649633612472030e+01
13676 2.333559329073602271e+02 9.520861816815420298e+01
13677 2.333445210157608471e+02 9.520074684727933345e+01
13678 2.333331110106562960e+02 9.519288236669056857e+01
13679 2.333217028902516290e+02 9.518502471958748856e+01
13680 2.333102966527536637e+02 9.517717389917729065e+01
13681 2.332988922963714629e+02 9.516932989867557069e+01
13682 2.332874898193160504e+02 9.516149271130605314e+01
13683 2.332760892198005251e+02 9.515366233030106002e+01
13684 2.332646904960398899e+02 9.514583874890037407e+01
13685 2.332532936462512509e+02 9.513802196035251768e+01
13686 2.332418986686536755e+02 9.513021195791385765e+01
13687 2.332305055614684193e+02 9.512240873484898884e+01
13688 2.332191143229185286e+02 9.511461228443046423e+01
13689 2.332077249512291530e+02 9.510682259993915011e+01
13690 2.331963374446275168e+02 9.509903967466404140e+01
13691 2.331849518013427485e+02 9.509126350190183530e+01
13692 2.331735680196060514e+02 9.508349407495771288e+01
13693 2.331621860976504763e+02 9.507573138714441541e+01
13694 2.331508060337112340e+02 9.506797543178318222e+01
13695 2.331394278260255817e+02 9.506022620220301178e+01
13696 2.331280514728324533e+02 9.505248369174103118e+01
13697 2.331166769723732841e+02 9.504474789374214083e+01
13698 2.331053043228909019e+02 9.503701880155955450e+01
13699 2.330939335226305502e+02 9.502929640855415983e+01
13700 2.330825645698392634e+02 9.502158070809468882e+01
13701 2.330711974627661220e+02 9.501387169355837159e+01
13702 2.330598321996621678e+02 9.500616935832955789e+01
13703 2.330484687787804035e+02 9.499847369580122347e+01
13704 2.330371071983756508e+02 9.499078469937373370e+01
13705 2.330257474567050622e+02 9.498310236245563942e+01
13706 2.330143895520273816e+02 9.497542667846323639e+01
13707 2.330030334826035130e+02 9.496775764082060789e+01
13708 2.329916792466964353e+02 9.496009524295988058e+01
13709 2.329803268425705767e+02 9.495243947832067022e+01
13710 2.329689762684929519e+02 9.494479034035070697e+01
13711 2.329576275227320252e+02 9.493714782250550854e+01
13712 2.329462806035586766e+02 9.492951191824806756e+01
13713 2.329349355092451788e+02 9.492188262104943419e+01
13714 2.329235922380661918e+02 9.491425992438834669e+01
13715 2.329122507882981381e+02 9.490664382175150138e+01
13716 2.329009111582194862e+02 9.489903430663278527e+01
13717 2.328895733461102964e+02 9.489143137253427085e+01
13718 2.328782373502530163e+02 9.488383501296554812e+01
13719 2.328669031689317706e+02 9.487624522144398043e+01
13720 2.328555708004327585e+02 9.486866199149457657e+01
13721 2.328442402430437141e+02 9.486108531664994814e+01
13722 2.328329114950548444e+02 9.485351519045048008e+01
13723 2.328215845547578624e+02 9.484595160644413170e+01
13724 2.328102594204465845e+02 9.483839455818650777e+01
13725 2.327989360904167313e+02 9.483084403924073058e+01
13726 2.327876145629658140e+02 9.482330004317776684e+01
13727 2.327762948363934470e+02 9.481576256357587340e+01
13728 2.327649769090009215e+02 9.480823159402116573e+01
13729 2.327536607790915753e+02 9.480070712810699263e+01
13730 2.327423464449705932e+02 9.479318915943453305e+01
13731 2.327310339049451215e+02 9.478567768161256879e+01
13732 2.327197231573241254e+02 9.477817268825712915e+01
13733 2.327084142004185026e+02 9.477067417299187468e+01
13734 2.326971070325410267e+02 9.476318212944791242e+01
13735 2.326858016520062620e+02 9.475569655126426483e+01
13736 2.326744980571309043e+02 9.474821743208657665e+01
13737 2.326631962462332694e+02 9.474074476556880597e+01
13738 2.326518962176337482e+02 9.473327854537180315e+01
13739 2.326405979696544364e+02 9.472581876516429134e+01
13740 2.326293015006194764e+02 9.471836541862209913e+01
13741 2.326180068088545738e+02 9.471091849942844476e+01
13742 2.326067138926877647e+02 9.470347800127423454e+01
13743 2.325954227504486482e+02 9.469604391785749442e+01
13744 2.325841333804685291e+02 9.468861624288375367e+01
13745 2.325728457810812131e+02 9.468119497006595964e+01
13746 2.325615599506215574e+02 9.467378009312434983e+01
13747 2.325502758874266931e+02 9.466637160578640930e+01
13748 2.325389935898356839e+02 9.465896950178709801e+01
13749 2.325277130561892989e+02 9.465157377486859502e+01
13750 2.325164342848301544e+02 9.464418441878052590e+01
13751 2.325051572741027712e+02 9.463680142727957900e+01
13752 2.324938820223534037e+02 9.462942479412990338e+01
13753 2.324826085279303243e+02 9.462205451310315141e+01
13754 2.324713367891834537e+02 9.461469057797745563e+01
13755 2.324600668044646454e+02 9.460733298253897772e+01
13756 2.324487985721276004e+02 9.459998172058085686e+01
13757 2.324375320905278386e+02 9.459263678590326663e+01
13758 2.324262673580227556e+02 9.458529817231401182e+01
13759 2.324150043729712252e+02 9.457796587362746266e+01
13760 2.324037431337345367e+02 9.457063988366594742e+01
13761 2.323924836386754009e+02 9.456332019625826035e+01
13762 2.323812258861583473e+02 9.455600680524081270e+01
13763 2.323699698745499518e+02 9.454869970445709271e+01
13764 2.323587156022183819e+02 9.454139888775752354e+01
13765 2.323474630675336527e+02 9.453410434899980430e+01
13766 2.323362122688677402e+02 9.452681608204888164e+01
13767 2.323249632045942406e+02 9.451953408077665131e+01
13768 2.323137158730885687e+02 9.451225833906192975e+01
13769 2.323024702727281294e+02 9.450498885079096567e+01
13770 2.322912264018919473e+02 9.449772560985691428e+01
13771 2.322799842589609511e+02 9.449046861015992249e+01
13772 2.322687438423176332e+02 9.448321784560729952e+01
13773 2.322575051503466170e+02 9.447597331011354527e+01
13774 2.322462681814340897e+02 9.446873499759956871e+01
13775 2.322350329339680286e+02 9.446150290199410904e+01
13776 2.322237994063382871e+02 9.445427701723239977e+01
13777 2.322125675969364806e+02 9.444705733725663777e+01
13778 2.322013375041559868e+02 9.443984385601632425e+01
13779 2.321901091263919739e+02 9.443263656746783852e+01
13780 2.321788824620412015e+02 9.442543546557411105e+01
13781 2.321676575095025612e+02 9.441824054430561830e+01
13782 2.321564342671764507e+02 9.441105179763938793e+01
13783 2.321452127334650868e+02 9.440386921955946775e+01
13784 2.321339929067724768e+02 9.439669280405695417e+01
13785 2.321227747855043901e+02 9.438952254512963691e+01
13786 2.321115583680683585e+02 9.438235843678208425e+01
13787 2.321003436528735620e+02 9.437520047302632520e+01
13788 2.320891306383311132e+02 9.436804864788059888e+01
13789 2.320779193228539157e+02 9.436090295537043460e+01
13790 2.320667097048562368e+02 9.435376338952804076e+01
13791 2.320555017827546180e+02 9.434662994439241857e+01
13792 2.320442955549668795e+02 9.433950261400947568e+01
13793 2.320330910199129733e+02 9.433238139243185572e+01
13794 2.320218881760143006e+02 9.432526627371920824e+01
13795 2.320106870216941672e+02 9.431815725193776245e+01
13796 2.319994875553774989e+02 9.431105432116061138e+01
13797 2.319882897754911824e+02 9.430395747546759821e+01
13798 2.319770936804634971e+02 9.429686670894544420e+01
13799 2.319658992687246553e+02 9.428978201568730810e+01
13800 2.319547065387066027e+02 9.428270338979343990e+01
13801 2.319435154888430759e+02 9.427563082537069761e+01
13802 2.319323261175692608e+02 9.426856431653261836e+01
13803 2.319211384233223896e+02 9.426150385739947524e+01
13804 2.319099524045412011e+02 9.425444944209822040e+01
13805 2.318987680596661392e+02 9.424740106476252777e+01
13806 2.318875853871395520e+02 9.424035871953270771e+01
13807 2.318764043854053796e+02 9.423332240055576392e+01
13808 2.318652250529091816e+02 9.422629210198522287e+01
13809 2.318540473880983939e+02 9.421926781798158856e+01
13810 2.318428713894219868e+02 9.421224954271164620e+01
13811 2.318316970553308352e+02 9.420523727034917272e+01
13812 2.318205243842774053e+02 9.419823099507409836e+01
13813 2.318093533747156982e+02 9.419123071107318879e+01
13814 2.317981840251017331e+02 9.418423641253993139e+01
13815 2.317870163338929785e+02 9.417724809367430794e+01
13816 2.317758502995487788e+02 9.417026574868275191e+01
13817 2.317646859205299847e+02 9.416328937177851799e+01
13818 2.317535231952992092e+02 9.415631895718092892e+01
13819 2.317423621223207988e+02 9.414935449911642706e+01
13820 2.317312027000606633e+02 9.414239599181769336e+01
13821 2.317200449269865317e+02 9.413544342952378940e+01
13822 2.317088888015677526e+02 9.412849680648069750e+01
13823 2.316977343222752665e+02 9.412155611694056745e+01
13824 2.316865814875819467e+02 9.411462135516217131e+01
13825 2.316754302959619451e+02 9.410769251541069025e+01
13826 2.316642807458914035e+02 9.410076959195774293e+01
13827 2.316531328358480266e+02 9.409385257908168398e+01
13828 2.316419865643109688e+02 9.408694147106690764e+01
13829 2.316308419297615728e+02 9.408003626220471460e+01
13830 2.316196989306824037e+02 9.407313694679233151e+01
13831 2.316085575655576747e+02 9.406624351913380622e+01
13832 2.315974178328735888e+02 9.405935597353952460e+01
13833 2.315862797311176280e+02 9.405247430432599742e+01
13834 2.315751432587791783e+02 9.404559850581647140e+01
13835 2.315640084143492459e+02 9.403872857234037497e+01
13836 2.315528751963203149e+02 9.403186449823364512e+01
13837 2.315417436031866316e+02 9.402500627783844322e+01
13838 2.315306136334442044e+02 9.401815390550342499e+01
13839 2.315194852855904912e+02 9.401130737558344208e+01
13840 2.315083585581246268e+02 9.400446668243975523e+01
13841 2.314972334495474797e+02 9.399763182044009113e+01
13842 2.314861099583613964e+02 9.399080278395817345e+01
13843 2.314749880830705422e+02 9.398397956737423442e+01
13844 2.314638678221805606e+02 9.397716216507480169e+01
13845 2.314527491741988001e+02 9.397035057145262726e+01
13846 2.314416321376342012e+02 9.396354478090688644e+01
13847 2.314305167109973240e+02 9.395674478784275152e+01
13848 2.314194028928004343e+02 9.394995058667184651e+01
13849 2.314082906815572755e+02 9.394316217181199136e+01
13850 2.313971800757832398e+02 9.393637953768727300e+01
13851 2.313860710739956232e+02 9.392960267872805957e+01
13852 2.313749636747127454e+02 9.392283158937074461e+01
13853 2.313638578764551141e+02 9.391606626405820180e+01
13854 2.313527536777444880e+02 9.390930669723906021e+01
13855 2.313416510771044727e+02 9.390255288336861383e+01
13856 2.313305500730600386e+02 9.389580481690843783e+01
13857 2.313194506641379746e+02 9.388906249232543644e+01
13858 2.313083528488665479e+02 9.388232590409360512e+01
13859 2.312972566257756171e+02 9.387559504669270893e+01
13860 2.312861619933966892e+02 9.386886991460856677e+01
13861 2.312750689502628632e+02 9.386215050233329293e+01
13862 2.312639774949088576e+02 9.385543680436505554e+01
13863 2.312528876258707839e+02 9.384872881520811916e+01
13864 2.312417993416867148e+02 9.384202652937300115e+01
13865 2.312307126408959448e+02 9.383532994137610217e+01
13866 2.312196275220395307e+02 9.382863904574008984e+01
13867 2.312085439836600358e+02 9.382195383699361457e+01
13868 2.311974620243018137e+02 9.381527430967139480e+01
13869 2.311863816425104119e+02 9.380860045831435912e+01
13870 2.311753028368332821e+02 9.380193227746921991e+01
13871 2.311642256058193254e+02 9.379526976168880026e+01
13872 2.311531499480189780e+02 9.378861290553236074e+01
13873 2.311420758619844378e+02 9.378196170356466155e+01
13874 2.311310033462691536e+02 9.377531615035668722e+01
13875 2.311199323994283645e+02 9.376867624048537664e+01
13876 2.311088630200189584e+02 9.376204196853393569e+01
13877 2.310977952065990451e+02 9.375541332909099879e+01
13878 2.310867289577285248e+02 9.374879031675177998e+01
13879 2.310756642719690035e+02 9.374217292611713503e+01
13880 2.310646011478832804e+02 9.373556115179393089e+01
13881 2.310535395840358888e+02 9.372895498839511674e+01
13882 2.310424795789930954e+02 9.372235443053929771e+01
13883 2.310314211313223893e+02 9.371575947285131747e+01
13884 2.310203642395929364e+02 9.370917010996184615e+01
13885 2.310093089023756363e+02 9.370258633650746560e+01
13886 2.309982551182426107e+02 9.369600814713054149e+01
13887 2.309872028857676867e+02 9.368943553647956435e+01
13888 2.309761522035262544e+02 9.368286849920882275e+01
13889 2.309651030700952674e+02 9.367630702997841752e+01
13890 2.309540554840530717e+02 9.366975112345437537e+01
13891 2.309430094439796619e+02 9.366320077430872004e+01
13892 2.309319649484565389e+02 9.365665597721897484e+01
13893 2.309209219960666815e+02 9.365011672686897271e+01
13894 2.309098805853946033e+02 9.364358301794814565e+01
13895 2.308988407150265232e+02 9.363705484515172373e+01
13896 2.308878023835499675e+02 9.363053220318066394e+01
13897 2.308767655895540827e+02 9.362401508674219031e+01
13898 2.308657303316294076e+02 9.361750349054881326e+01
13899 2.308546966083682150e+02 9.361099740931916813e+01
13900 2.308436644183641135e+02 9.360449683777753194e+01
13901 2.308326337602123886e+02 9.359800177065386606e+01
13902 2.308216046325097182e+02 9.359151220268435623e+01
13903 2.308105770338542015e+02 9.358502812861031828e+01
13904 2.307995509628455579e+02 9.357854954317930662e+01
13905 2.307885264180852403e+02 9.357207644114444633e+01
13906 2.307775033981757247e+02 9.356560881726460366e+01
13907 2.307664819017214199e+02 9.355914666630431498e+01
13908 2.307554619273279286e+02 9.355268998303407102e+01
13909 2.307444434736025585e+02 9.354623876222977685e+01
13910 2.307334265391540953e+02 9.353979299867327768e+01
13911 2.307224111225926038e+02 9.353335268715196094e+01
13912 2.307113972225300529e+02 9.352691782245895524e+01
13913 2.307003848375792643e+02 9.352048839939310199e+01
13914 2.306893739663552765e+02 9.351406441275888426e+01
13915 2.306783646074742080e+02 9.350764585736652634e+01
13916 2.306673567595535985e+02 9.350123272803173791e+01
13917 2.306563504212126077e+02 9.349482501957605507e+01
13918 2.306453455910721004e+02 9.348842272682648513e+01
13919 2.306343422677540218e+02 9.348202584461583342e+01
13920 2.306233404498818800e+02 9.347563436778244750e+01
13921 2.306123401360808600e+02 9.346924829117034506e+01
13922 2.306013413249775112e+02 9.346286760962902918e+01
13923 2.305903440151997756e+02 9.345649231801368728e+01
13924 2.305793482053772436e+02 9.345012241118519114e+01
13925 2.305683538941407278e+02 9.344375788400971317e+01
13926 2.305573610801228028e+02 9.343739873135940854e+01
13927 2.305463697619571803e+02 9.343104494811163363e+01
13928 2.305353799382794762e+02 9.342469652914945755e+01
13929 2.305243916077261304e+02 9.341835346936150586e+01
13930 2.305134047689356862e+02 9.341201576364186110e+01
13931 2.305024194205477670e+02 9.340568340689034699e+01
13932 2.304914355612035308e+02 9.339935639401217315e+01
13933 2.304804531895456989e+02 9.339303471991789252e+01
13934 2.304694723042182432e+02 9.338671837952389865e+01
13935 2.304584929038668690e+02 9.338040736775205630e+01
13936 2.304475149871383906e+02 9.337410167952941720e+01
13937 2.304365385526812418e+02 9.336780130978877423e+01
13938 2.304255635991454199e+02 9.336150625346850518e+01
13939 2.304145901251821442e+02 9.335521650551193318e+01
13940 2.304036181294442258e+02 9.334893206086857731e+01
13941 2.303926476105858399e+02 9.334265291449284518e+01
13942 2.303816785672625542e+02 9.333637906134492823e+01
13943 2.303707109981315568e+02 9.333011049639027590e+01
13944 2.303597449018512577e+02 9.332384721459989407e+01
13945 2.303487802770816018e+02 9.331758921094996140e+01
13946 2.303378171224840116e+02 9.331133648042245454e+01
13947 2.303268554367211891e+02 9.330508901800449451e+01
13948 2.303158952184575128e+02 9.329884681868870189e+01
13949 2.303049364663584129e+02 9.329260987747318268e+01
13950 2.302939791790910817e+02 9.328637818936113035e+01
13951 2.302830233553239907e+02 9.328015174936136589e+01
13952 2.302720689937269754e+02 9.327393055248811038e+01
13953 2.302611160929715197e+02 9.326771459376077189e+01
13954 2.302501646517301879e+02 9.326150386820430072e+01
13955 2.302392146686772207e+02 9.325529837084894780e+01
13956 2.302282661424881383e+02 9.324909809673007999e+01
13957 2.302173190718399951e+02 9.324290304088869163e+01
13958 2.302063734554110965e+02 9.323671319837097826e+01
13959 2.301954292918813394e+02 9.323052856422867762e+01
13960 2.301844865799317006e+02 9.322434913351835917e+01
13961 2.301735453182449476e+02 9.321817490130236195e+01
13962 2.301626055055050983e+02 9.321200586264814092e+01
13963 2.301516671403974215e+02 9.320584201262830959e+01
13964 2.301407302216088340e+02 9.319968334632106632e+01
13965 2.301297947478275319e+02 9.319352985880962592e+01
13966 2.301188607177430185e+02 9.318738154518264594e+01
13967 2.301079281300463037e+02 9.318123840053382878e+01
13968 2.300969969834297331e+02 9.317510041996239067e+01
13969 2.300860672765872437e+02 9.316896759857266375e+01
13970 2.300751390082136538e+02 9.316283993147418130e+01
13971 2.300642121770058566e+02 9.315671741378179149e+01
13972 2.300532867816614839e+02 9.315060004061554366e+01
13973 2.300423628208799585e+02 9.314448780710068831e+01
13974 2.300314402933620386e+02 9.313838070836754923e+01
13975 2.300205191978096479e+02 9.313227873955200664e+01
13976 2.300095995329263303e+02 9.312618189579488615e+01
13977 2.299986812974167947e+02 9.312009017224218610e+01
13978 2.299877644899872564e+02 9.311400356404509182e+01
13979 2.299768491093453235e+02 9.310792206636013191e+01
13980 2.299659351541999683e+02 9.310184567434885139e+01
13981 2.299550226232613568e+02 9.309577438317789699e+01
13982 2.299441115152411896e+02 9.308970818801935820e+01
13983 2.299332018288525887e+02 9.308364708405017041e+01
13984 2.299222935628097559e+02 9.307759106645235647e+01
13985 2.299113867158286268e+02 9.307154013041345308e+01
13986 2.299004812866263023e+02 9.306549427112585704e+01
13987 2.298895772739211054e+02 9.305945348378698156e+01
13988 2.298786746764330928e+02 9.305341776359965422e+01
13989 2.298677734928832876e+02 9.304738710577163374e+01
13990 2.298568737219942761e+02 9.304136150551570950e+01
13991 2.298459753624899236e+02 9.303534095804980097e+01
13992 2.298350784130954594e+02 9.302932545859704305e+01
13993 2.298241828725375342e+02 9.302331500238547335e+01
13994 2.298132887395440491e+02 9.301730958464834487e+01
13995 2.298023960128442695e+02 9.301130920062384178e+01
13996 2.297915046911688535e+02 9.300531384555524994e+01
13997 2.297806147732497664e+02 9.299932351469114167e+01
13998 2.297697262578203379e+02 9.299333820328457989e+01
13999 2.297588391436150630e+02 9.298735790659411293e+01
14000 2.297479534293700851e+02 9.298138261988323450e+01
14001 2.297370691138226277e+02 9.297541233842042629e+01
14002 2.297261861957113638e+02 9.296944705747918647e+01
14003 2.297153046737763873e+02 9.296348677233795854e+01
14004 2.297044245467588155e+02 9.295753147828027352e+01
14005 2.296935458134013288e+02 9.295158117059447989e+01
14006 2.296826684724480003e+02 9.294563584457434047e+01
14007 2.296717925226441537e+02 9.293969549551798082e+01
14008 2.296609179627362209e+02 9.293376011872906872e+01
14009 2.296500447914722827e+02 9.292782970951597576e+01
14010 2.296391730076014994e+02 9.292190426319199048e+01
14011 2.296283026098744244e+02 9.291598377507530415e+01
14012 2.296174335865432852e+02 9.291041124108372173e+01
14013 2.296065658387978772e+02 9.290515574592531323e+01
14014 2.295956993202482295e+02 9.289990468632238674e+01
14015 2.295848340297872028e+02 9.289465805731462922e+01
14016 2.295739699663096189e+02 9.288941585394981360e+01
14017 2.295631071287113514e+02 9.288417807128381298e+01
14018 2.295522455158894957e+02 9.287894470438017436e+01
14019 2.295413851267427390e+02 9.287371574831088594e+01
14020 2.295305259601709054e+02 9.286849119815543929e+01
14021 2.295196680150750410e+02 9.286327104900145457e+01
14022 2.295088112903578690e+02 9.285805529594459529e+01
14023 2.294979557849231924e+02 9.285284393408832671e+01
14024 2.294871014976760932e+02 9.284763695854377374e+01
14025 2.294762484275231600e+02 9.284243436443027520e+01
14026 2.294653965733720042e+02 9.283723614687482950e+01
14027 2.294545459341319145e+02 9.283204230101237897e+01
14028 2.294436965087132307e+02 9.282685282198545451e+01
14029 2.294328482960275153e+02 9.282166770494454511e+01
14030 2.294220012949879788e+02 9.281648694504791308e+01
14031 2.294111555045089119e+02 9.281131053746139514e+01
14032 2.294003109235057707e+02 9.280613847735878608e+01
14033 2.293894675508958017e+02 9.280097075992148348e+01
14034 2.293786253855968198e+02 9.279580738033862986e+01
14035 2.293677844265285728e+02 9.279064833380691368e+01
14036 2.293569446726118599e+02 9.278549361553093888e+01
14037 2.293461061227685889e+02 9.278034322072265638e+01
14038 2.293352687759223443e+02 9.277519714460180467e+01
14039 2.293244326309976202e+02 9.277005538239565396e+01
14040 2.293135976869203887e+02 9.276491792933929048e+01
14041 2.293027639426179292e+02 9.275978478067511901e+01
14042 2.292919313970186863e+02 9.275465593165301925e+01
14043 2.292811000490523838e+02 9.274953137753063004e+01
14044 2.292702698976501949e+02 9.274441111357317880e+01
14045 2.292594409417442876e+02 9.273929513505301259e+01
14046 2.292486131802683360e+02 9.273418343725043655e+01
14047 2.292377866121571799e+02 9.272907601545264811e+01
14048 2.292269612363468809e+02 9.272397286495491642e+01
14049 2.292161370517749219e+02 9.271887398105955924e+01
14050 2.292053140573799226e+02 9.271377935907639767e+01
14051 2.291944922521016395e+02 9.270868899432267085e+01
14052 2.291836716348814207e+02 9.270360288212282285e+01
14053 2.291728522046615240e+02 9.269852101780900000e+01
14054 2.291620339603857133e+02 9.269344339672031197e+01
14055 2.291512169009988327e+02 9.268837001420342858e+01
14056 2.291404010254471757e+02 9.268330086561239511e+01
14057 2.291295863326778885e+02 9.267823594630827699e+01
14058 2.291187728216398796e+02 9.267317525165972825e+01
14059 2.291079604912829950e+02 9.266811877704229516e+01
14060 2.290971493405582464e+02 9.266306651783922632e+01
14061 2.290863393684180949e+02 9.265801846944057729e+01
14062 2.290755305738161383e+02 9.265297462724375066e+01
14063 2.290647229557072251e+02 9.264793498665339655e+01
14064 2.290539165130473123e+02 9.264289954308141262e+01
14065 2.290431112447939483e+02 9.263786829194668826e+01
14066 2.290323071499054208e+02 9.263284122867536041e+01
14067 2.290215042273416088e+02 9.262781834870060038e+01
14068 2.290107024760634999e+02 9.262279964746259964e+01
14069 2.289999018950332186e+02 9.261778512040906719e+01
14070 2.289891024832142818e+02 9.261277476299422062e+01
14071 2.289783042395712584e+02 9.260776857067996559e+01
14072 2.289675071630700245e+02 9.260276653893456000e+01
14073 2.289567112526776782e+02 9.259776866323385036e+01
14074 2.289459165073624547e+02 9.259277493906036227e+01
14075 2.289351229260938112e+02 9.258778536190375519e+01
14076 2.289243305078425124e+02 9.258279992726082241e+01
14077 2.289135392515804313e+02 9.257781863063478056e+01
14078 2.289027491562806915e+02 9.257284146753653431e+01
14079 2.288919602209175537e+02 9.256786843348321270e+01
14080 2.288811724444665572e+02 9.256289952399947651e+01
14081 2.288703858259045489e+02 9.255793473461649512e+01
14082 2.288596003642092001e+02 9.255297406087234435e+01
14083 2.288488160583596311e+02 9.254801749831206337e+01
14084 2.288380329073362702e+02 9.254306504248756937e+01
14085 2.288272509101204548e+02 9.253811668895761500e+01
14086 2.288164700656950004e+02 9.253317243328775987e+01
14087 2.288056903730436886e+02 9.252823227105028536e+01
14088 2.287949118311514098e+02 9.252329619782429404e+01
14089 2.287841344390046459e+02 9.251836420919578075e+01
14090 2.287733581955905606e+02 9.251343630075722047e+01
14091 2.287625830998979097e+02 9.250851246810836415e+01
14092 2.287518091509163014e+02 9.250359270685498814e+01
14093 2.287410363476367081e+02 9.249867701261018738e+01
14094 2.287302646890512676e+02 9.249376538099342326e+01
14095 2.287194941741532546e+02 9.248885780763096420e+01
14096 2.287087248019371089e+02 9.248395428815558716e+01
14097 2.286979565713983220e+02 9.247905481820704665e+01
14098 2.286871894815337498e+02 9.247415939343134994e+01
14099 2.286764235313413565e+02 9.246926800948148184e+01
14100 2.286656587198202146e+02 9.246438066201673678e+01
14101 2.286548950459705623e+02 9.245949734670320197e+01
14102 2.286441325087939447e+02 9.245461805921344478e+01
14103 2.286333711072926747e+02 9.244974279522664062e+01
14104 2.286226108404706849e+02 9.244487155042844506e+01
14105 2.286118517073327325e+02 9.244000432051112170e+01
14106 2.286010937068848534e+02 9.243514110117338589e+01
14107 2.285903368381343626e+02 9.243028188812068890e+01
14108 2.285795811000893707e+02 9.242542667706457848e+01
14109 2.285688264917594950e+02 9.242057546372332411e+01
14110 2.285580730121552051e+02 9.241572824382168960e+01
14111 2.285473206602883920e+02 9.241088501309070580e+01
14112 2.285365694351719412e+02 9.240604576726799735e+01
14113 2.285258193358196763e+02 9.240121050209755538e+01
14114 2.285150703612470409e+02 9.239637921332975168e+01
14115 2.285043225104700468e+02 9.239155189672140978e+01
14116 2.284935757825062979e+02 9.238672854803559176e+01
14117 2.284828301763742502e+02 9.238190916304186828e+01
14118 2.284720856910937528e+02 9.237709373751603437e+01
14119 2.284613423256853935e+02 9.237228226724026570e+01
14120 2.284506000791712950e+02 9.236747474800317548e+01
14121 2.284398589505743757e+02 9.236267117559953022e+01
14122 2.284291189389188617e+02 9.235787154583040603e+01
14123 2.284183800432301155e+02 9.235307585450321710e+01
14124 2.284076422625344378e+02 9.234828409743144562e+01
14125 2.283969055958593799e+02 9.234349627043515341e+01
14126 2.283861700422337435e+02 9.233871236934044191e+01
14127 2.283754356006870694e+02 9.233393238997956587e+01
14128 2.283647022702503762e+02 9.232915632819107543e+01
14129 2.283539700499555067e+02 9.232438417981971668e+01
14130 2.283432389388356398e+02 9.231961594071647426e+01
14131 2.283325089359248636e+02 9.231485160673831558e+01
14132 2.283217800402586874e+02 9.231009117374854611e+01
14133 2.283110522508733027e+02 9.230533463761652513e+01
14134 2.283003255668062366e+02 9.230058199421783627e+01
14135 2.282895999870961532e+02 9.229583323943381856e+01
14136 2.282788755107825409e+02 9.229108836915239067e+01
14137 2.282681521369065081e+02 9.228634737926735454e+01
14138 2.282574298645095894e+02 9.228161026567843805e+01
14139 2.282467086926349680e+02 9.227687702429157923e+01
14140 2.282359886203267081e+02 9.227214765101882676e+01
14141 2.282252696466297834e+02 9.226742214177807000e+01
14142 2.282145517705905320e+02 9.226270049249330896e+01
14143 2.282038349912562865e+02 9.225798269909466853e+01
14144 2.281931193076754028e+02 9.225326875751804323e+01
14145 2.281824047188973736e+02 9.224855866370548085e+01
14146 2.281716912239727435e+02 9.224385241360482723e+01
14147 2.281609788219530799e+02 9.223915000317003887e+01
14148 2.281502675118913430e+02 9.223445142836098398e+01
14149 2.281395572928410047e+02 9.222975668514337144e+01
14150 2.281288481638570715e+02 9.222506576948883605e+01
14151 2.281181401239955449e+02 9.222037867737502381e+01
14152 2.281074331723132218e+02 9.221569540478544980e+01
14153 2.280967273078683206e+02 9.221101594770924237e+01
14154 2.280860225297199406e+02 9.220634030214179688e+01
14155 2.280753188369282611e+02 9.220166846408402250e+01
14156 2.280646162285545415e+02 9.219700042954279695e+01
14157 2.280539147036611496e+02 9.219233619453096651e+01
14158 2.280432142613113911e+02 9.218767575506694811e+01
14159 2.280325149005697085e+02 9.218301910717504200e+01
14160 2.280218166205016530e+02 9.217836624688538905e+01
14161 2.280111194201737135e+02 9.217371717023374345e+01
14162 2.280004232986534589e+02 9.216907187326185635e+01
14163 2.279897282550096520e+02 9.216443035201706380e+01
14164 2.279790342883119081e+02 9.215979260255252825e+01
14165 2.279683413976309794e+02 9.215515862092699706e+01
14166 2.279576495820386697e+02 9.215052840320508665e+01
14167 2.279469588406078060e+02 9.214590194545689883e+01
14168 2.279362691724123238e+02 9.214127924375861767e+01
14169 2.279255805765271248e+02 9.213666029419159997e+01
14170 2.279148930520281624e+02 9.213204509284332744e+01
14171 2.279042065979923564e+02 9.212743363580658240e+01
14172 2.278935212134978769e+02 9.212282591917987418e+01
14173 2.278828368976236902e+02 9.211822193906753853e+01
14174 2.278721536494499560e+02 9.211362169157921187e+01
14175 2.278614714680578288e+02 9.210902517283055602e+01
14176 2.278507903525294580e+02 9.210443237894217816e+01
14177 2.278401103019480445e+02 9.209984330604083880e+01
14178 2.278294313153977555e+02 9.209525795025872696e+01
14179 2.278187533919638952e+02 9.209067630773336077e+01
14180 2.278080765307327340e+02 9.208609837460805636e+01
14181 2.277974007307915656e+02 9.208152414703151578e+01
14182 2.277867259912287636e+02 9.207695362115815385e+01
14183 2.277760523111335544e+02 9.207238679314751550e+01
14184 2.277653796895963012e+02 9.206782365916495792e+01
14185 2.277547081257083903e+02 9.206326421538138050e+01
14186 2.277440376185622313e+02 9.205870845797274171e+01
14187 2.277333681672513137e+02 9.205415638312089754e+01
14188 2.277226997708698661e+02 9.204960798701301883e+01
14189 2.277120324285134245e+02 9.204506326584153442e+01
14190 2.277013661392783490e+02 9.204052221580441540e+01
14191 2.276907009022621082e+02 9.203598483310521772e+01
14192 2.276800367165631656e+02 9.203145111395259903e+01
14193 2.276693735812809507e+02 9.202692105456085869e+01
14194 2.276587114955158881e+02 9.202239465114945460e+01
14195 2.276480504583694255e+02 9.201787189994350058e+01
14196 2.276373904689440337e+02 9.201335279717312687e+01
14197 2.276267315263430930e+02 9.200883733907410544e+01
14198 2.276160736296711775e+02 9.200432552188718205e+01
14199 2.276054167780335433e+02 9.199981734185891469e+01
14200 2.275947609705367540e+02 9.199531279524079252e+01
14201 2.275841062062881690e+02 9.199081187828969064e+01
14202 2.275734524843962276e+02 9.198631458726788424e+01
14203 2.275627998039702504e+02 9.198182091844282127e+01
14204 2.275521481641207515e+02 9.197733086808716507e+01
14205 2.275414975639591262e+02 9.197284443247909280e+01
14206 2.275308480025975655e+02 9.196836160790159909e+01
14207 2.275201994791494258e+02 9.196388239064324921e+01
14208 2.275095519927292003e+02 9.195940677699789489e+01
14209 2.274989055424520075e+02 9.195493476326424798e+01
14210 2.274882601274342449e+02 9.195046634574656252e+01
14211 2.274776157467931057e+02 9.194600152075393851e+01
14212 2.274669723996467212e+02 9.194154028460096129e+01
14213 2.274563300851146153e+02 9.193708263360731792e+01
14214 2.274456888023166812e+02 9.193262856409778294e+01
14215 2.274350485503740913e+02 9.192817807240224681e+01
14216 2.274244093284090980e+02 9.192373115485581536e+01
14217 2.274137711355446356e+02 9.191928780779873875e+01
14218 2.274031339709050030e+02 9.191484802757624095e+01
14219 2.273924978336148399e+02 9.191041181053891762e+01
14220 2.273818627228004345e+02 9.190597915304216770e+01
14221 2.273712286375886151e+02 9.190155005144656286e+01
14222 2.273605955771073752e+02 9.189712450211773387e+01
14223 2.273499635404854757e+02 9.189270250142656948e+01
14224 2.273393325268527576e+02 9.188828404574880437e+01
14225 2.273287025353399997e+02 9.188386913146521806e+01
14226 2.273180735650790893e+02 9.187945775496169176e+01
14227 2.273074456152024823e+02 9.187504991262913734e+01
14228 2.272968186848439700e+02 9.187064560086335518e+01
14229 2.272861927731380547e+02 9.186624481606520476e+01
14230 2.272755678792204037e+02 9.186184755464070406e+01
14231 2.272649440022273666e+02 9.185745381300057488e+01
14232 2.272543211412965150e+02 9.185306358756076861e+01
14233 2.272436992955661026e+02 9.184867687474192621e+01
14234 2.272330784641755486e+02 9.184429367096979036e+01
14235 2.272224586462651530e+02 9.183991397267507750e+01
14236 2.272118398409760118e+02 9.183553777629335002e+01
14237 2.272012220474503579e+02 9.183116507826521513e+01
14238 2.271906052648312198e+02 9.182679587503578489e+01
14239 2.271799894922626777e+02 9.182243016305565675e+01
14240 2.271693747288896645e+02 9.181806793877996142e+01
14241 2.271587609738581648e+02 9.181370919866873237e+01
14242 2.271481482263148450e+02 9.180935393918692000e+01
14243 2.271375364854076224e+02 9.180500215680434906e+01
14244 2.271269257502850962e+02 9.180065384799569017e+01
14245 2.271163160200969173e+02 9.179630900924033199e+01
14246 2.271057072939936745e+02 9.179196763702273643e+01
14247 2.270950995711267524e+02 9.178762972783179919e+01
14248 2.270844928506485871e+02 9.178329527816168820e+01
14249 2.270738871317126097e+02 9.177896428451101940e+01
14250 2.270632824134728196e+02 9.177463674338331145e+01
14251 2.270526786950846088e+02 9.177031265128695736e+01
14252 2.270420759757040230e+02 9.176599200473492601e+01
14253 2.270314742544879039e+02 9.176167480024506062e+01
14254 2.270208735305944288e+02 9.175736103434000768e+01
14255 2.270102738031822014e+02 9.175305070354700376e+01
14256 2.269996750714110476e+02 9.174874380439823085e+01
14257 2.269890773344417028e+02 9.174444033343029048e+01
14258 2.269784805914356696e+02 9.174014028718471536e+01
14259 2.269678848415555024e+02 9.173584366220778463e+01
14260 2.269572900839644660e+02 9.173155045505019700e+01
14261 2.269466963178269339e+02 9.172726066226776709e+01
14262 2.269361035423081319e+02 9.172297428042045908e+01
14263 2.269255117565741671e+02 9.171869130607339571e+01
14264 2.269149209597919139e+02 9.171441173579592032e+01
14265 2.269043311511294689e+02 9.171013556616236428e+01
14266 2.268937423297556109e+02 9.170586279375162064e+01
14267 2.268831544948399426e+02 9.170159341514691675e+01
14268 2.268725676455532891e+02 9.169732742693645378e+01
14269 2.268619817810669872e+02 9.169306482571303718e+01
14270 2.268513969005534534e+02 9.168880560807374991e+01
14271 2.268408130031860139e+02 9.168454977062063449e+01
14272 2.268302300881389328e+02 9.168029730996002513e+01
14273 2.268196481545871848e+02 9.167604822270297404e+01
14274 2.268090672017067959e+02 9.167180250546505249e+01
14275 2.267984872286747020e+02 9.166756015486637921e+01
14276 2.267879082346685493e+02 9.166332116753173409e+01
14277 2.267773302188669504e+02 9.165908554009025977e+01
14278 2.267667531804495127e+02 9.165485326917577424e+01
14279 2.267561771185967530e+02 9.165062435142641561e+01
14280 2.267456020324897565e+02 9.164639878348501156e+01
14281 2.267350279213107456e+02 9.164217656199886619e+01
14282 2.267244547842428517e+02 9.163795768361973160e+01
14283 2.267138826204698887e+02 9.163374214500369419e+01
14284 2.267033114291768072e+02 9.162952994281172892e+01
14285 2.266927412095492116e+02 9.162532107370887502e+01
14286 2.266821719607736725e+02 9.162111553436471922e+01
14287 2.266716036820376132e+02 9.161691332145328204e+01
14288 2.266610363725294519e+02 9.161271443165337303e+01
14289 2.266504700314382035e+02 9.160851886164762448e+01
14290 2.266399046579540766e+02 9.160432660812347194e+01
14291 2.266293402512677915e+02 9.160013766777281319e+01
14292 2.266187768105712621e+02 9.159595203729155344e+01
14293 2.266082143350571982e+02 9.159176971338044382e+01
14294 2.265976528239190202e+02 9.158759069274452713e+01
14295 2.265870922763511714e+02 9.158341497209298154e+01
14296 2.265765326915488345e+02 9.157924254813947584e+01
14297 2.265659740687081865e+02 9.157507341760218367e+01
14298 2.265554164070261720e+02 9.157090757720339980e+01
14299 2.265448597057005884e+02 9.156674502366990964e+01
14300 2.265343039639301139e+02 9.156258575373280451e+01
14301 2.265237491809143364e+02 9.155842976412748158e+01
14302 2.265131953558536964e+02 9.155427705159362972e+01
14303 2.265026424879493447e+02 9.155012761287532896e+01
14304 2.264920905764033705e+02 9.154598144472085153e+01
14305 2.264815396204188005e+02 9.154183854388281816e+01
14306 2.264709896191995142e+02 9.153769890711815549e+01
14307 2.264604405719500164e+02 9.153356253118805341e+01
14308 2.264498924778758635e+02 9.152942941285796508e+01
14309 2.264393453361833792e+02 9.152529954889750741e+01
14310 2.264287991460799105e+02 9.152117293608064585e+01
14311 2.264182539067732591e+02 9.151704957118560912e+01
14312 2.264077096174725625e+02 9.151292945099484655e+01
14313 2.263971662773873561e+02 9.150881257229495702e+01
14314 2.263866238857283122e+02 9.150469893187684534e+01
14315 2.263760824417067852e+02 9.150058852653549479e+01
14316 2.263655419445351242e+02 9.149648135307020880e+01
14317 2.263550023934262754e+02 9.149237740828461085e+01
14318 2.263444637875942078e+02 9.148827668898611876e+01
14319 2.263339261262537150e+02 9.148417919198669779e+01
14320 2.263233894086202724e+02 9.148008491410222121e+01
14321 2.263128536339105210e+02 9.147599385215298184e+01
14322 2.263023188013415847e+02 9.147190600296323737e+01
14323 2.262917849101315255e+02 9.146782136336146607e+01
14324 2.262812519594992864e+02 9.146373993018009685e+01
14325 2.262707199486646346e+02 9.145966170025597819e+01
14326 2.262601888768480478e+02 9.145558667042992340e+01
14327 2.262496587432711124e+02 9.145151483754683852e+01
14328 2.262391295471558976e+02 9.144744619845589284e+01
14329 2.262286012877254393e+02 9.144338075001017785e+01
14330 2.262180739642037111e+02 9.143931848906669302e+01
14331 2.262075475758152550e+02 9.143525941248715583e+01
14332 2.261970221217857215e+02 9.143120351713662330e+01
14333 2.261864976013414434e+02 9.142715079988481364e+01
14334 2.261759740137093786e+02 9.142310125760498352e+01
14335 2.261654513581177923e+02 9.141905488717482342e+01
14336 2.261549296337951489e+02 9.141501168547597445e+01
14337 2.261444088399712200e+02 9.141097164939392883e+01
14338 2.261338889758764026e+02 9.140693477581851312e+01
14339 2.261233700407418041e+02 9.140290106164331974e+01
14340 2.261128520337995838e+02 9.139887050376600541e+01
14341 2.261023349542825542e+02 9.139484309908839066e+01
14342 2.260918188014243242e+02 9.139081884451604765e+01
14343 2.260813035744593833e+02 9.138679773695872655e+01
14344 2.260707892726229034e+02 9.138277977333001445e+01
14345 2.260602758951510225e+02 9.137876495054759118e+01
14346 2.260497634412807599e+02 9.137475326553310140e+01
14347 2.260392519102495328e+02 9.137074471521204089e+01
14348 2.260287413012959519e+02 9.136673929651396975e+01
14349 2.260182316136593101e+02 9.136273700637224238e+01
14350 2.260077228465795542e+02 9.135873784172441958e+01
14351 2.259972149992977393e+02 9.135474179951162910e+01
14352 2.259867080710555456e+02 9.135074887667927612e+01
14353 2.259762020610952504e+02 9.134675907017633278e+01
14354 2.259656969686602110e+02 9.134277237695611973e+01
14355 2.259551927929946089e+02 9.133878879397528294e+01
14356 2.259446895333431371e+02 9.133480831819487378e+01
14357 2.259341871889515119e+02 9.133083094657952472e+01
14358 2.259236857590661600e+02 9.132685667609797520e+01
14359 2.259131852429343041e+02 9.132288550372258840e+01
14360 2.259026856398039627e+02 9.131891742642979182e+01
14361 2.258921869489239782e+02 9.131495244119967936e+01
14362 2.258816891695439324e+02 9.131099054501638079e+01
14363 2.258711923009141458e+02 9.130703173486784863e+01
14364 2.258606963422858769e+02 9.130307600774560228e+01
14365 2.258502012929109810e+02 9.129912336064535339e+01
14366 2.258397071520422514e+02 9.129517379056643733e+01
14367 2.258292139189332204e+02 9.129122729451206908e+01
14368 2.258187215928380454e+02 9.128728386948911577e+01
14369 2.258082301730119354e+02 9.128334351250840939e+01
14370 2.257977396587106114e+02 9.127940622058460463e+01
14371 2.257872500491908170e+02 9.127547199073595152e+01
14372 2.257767613437099214e+02 9.127154081998466495e+01
14373 2.257662735415260045e+02 9.126761270535672566e+01
14374 2.257557866418983394e+02 9.126368764388155341e+01
14375 2.257453006440861998e+02 9.125976563259280283e+01
14376 2.257348155473503084e+02 9.125584666852763860e+01
14377 2.257243313509520135e+02 9.125193074872684917e+01
14378 2.257138480541532033e+02 9.124801787023514521e+01
14379 2.257033656562167323e+02 9.124410803010097482e+01
14380 2.256928841564062225e+02 9.124020122537629618e+01
14381 2.256824035539859779e+02 9.123629745311706074e+01
14382 2.256719238482210699e+02 9.123239671038277265e+01
14383 2.256614450383773942e+02 9.122849899423664510e+01
14384 2.256509671237215855e+02 9.122460430174554347e+01
14385 2.256404901035210742e+02 9.122071262998021268e+01
14386 2.256300139770439728e+02 9.121682397601473724e+01
14387 2.256195387435592465e+02 9.121293833692720909e+01
14388 2.256090644023364860e+02 9.120905570979935817e+01
14389 2.255985909526462763e+02 9.120517609171635343e+01
14390 2.255881183937596290e+02 9.120129947976707285e+01
14391 2.255776467249485790e+02 9.119742587104418874e+01
14392 2.255671759454858716e+02 9.119355526264403977e+01
14393 2.255567060546449625e+02 9.118968765166631840e+01
14394 2.255462370516999613e+02 9.118582303521465349e+01
14395 2.255357689359260291e+02 9.118196141039601343e+01
14396 2.255253017065987535e+02 9.117810277432127464e+01
14397 2.255148353629945177e+02 9.117424712410468146e+01
14398 2.255043699043906713e+02 9.117039445686422994e+01
14399 2.254939053300652176e+02 9.116654476972142618e+01
14400 2.254834416392967285e+02 9.116269805980138585e+01
14401 2.254729788313647703e+02 9.115885432423276313e+01
14402 2.254625169055494496e+02 9.115501356014799228e+01
14403 2.254520558611318393e+02 9.115117576468280447e+01
14404 2.254415956973934669e+02 9.114734093497648360e+01
14405 2.254311364136169686e+02 9.114350906817220732e+01
14406 2.254206780090853783e+02 9.113968016141642181e+01
14407 2.254102204830826679e+02 9.113585421185911173e+01
14408 2.253997638348934913e+02 9.113203121665391393e+01
14409 2.253893080638031563e+02 9.112821117295794693e+01
14410 2.253788531690980221e+02 9.112439407793193880e+01
14411 2.253683991500646471e+02 9.112057992873987189e+01
14412 2.253579460059909252e+02 9.111676872254955128e+01
14413 2.253474937361649779e+02 9.111296045653203635e+01
14414 2.253370423398759215e+02 9.110915512786216652e+01
14415 2.253265918164136963e+02 9.110535273371802134e+01
14416 2.253161421650686691e+02 9.110155327128123304e+01
14417 2.253056933851321730e+02 9.109775673773690130e+01
14418 2.252952454758962517e+02 9.109396313027370695e+01
14419 2.252847984366535457e+02 9.109017244608364194e+01
14420 2.252743522666975480e+02 9.108638468236230779e+01
14421 2.252639069653224624e+02 9.108259983630867396e+01
14422 2.252534625318232031e+02 9.107881790512520581e+01
14423 2.252430189654952528e+02 9.107503888601766562e+01
14424 2.252325762656350605e+02 9.107126277619543941e+01
14425 2.252221344315398994e+02 9.106748957287132384e+01
14426 2.252116934625072133e+02 9.106371927326144089e+01
14427 2.252012533578356681e+02 9.105995187458537998e+01
14428 2.251908141168245834e+02 9.105618737406605590e+01
14429 2.251803757387737903e+02 9.105242576892999296e+01
14430 2.251699382229841433e+02 9.104866705640691293e+01
14431 2.251595015687568662e+02 9.104491123373003347e+01
14432 2.251490657753940638e+02 9.104115829813596861e+01
14433 2.251386308421987223e+02 9.103740824686467192e+01
14434 2.251281967684741687e+02 9.103366107715942235e+01
14435 2.251177635535248669e+02 9.102991678626698047e+01
14436 2.251073311966555650e+02 9.102617537143740378e+01
14437 2.250968996971720912e+02 9.102243682992406093e+01
14438 2.250864690543808990e+02 9.101870115898388747e+01
14439 2.250760392675888397e+02 9.101496835587687428e+01
14440 2.250656103361039300e+02 9.101123841786656499e+01
14441 2.250551822592344706e+02 9.100751134221977168e+01
14442 2.250447550362899847e+02 9.100378712620651811e+01
14443 2.250343286665801372e+02 9.100006576710042339e+01
14444 2.250239031494157018e+02 9.099634726217809089e+01
14445 2.250134784841078783e+02 9.099263160871974776e+01
14446 2.250030546699688045e+02 9.098891880400859122e+01
14447 2.249926317063111867e+02 9.098520884533142805e+01
14448 2.249822095924484984e+02 9.098150172997827667e+01
14449 2.249717883276948953e+02 9.097779745524232453e+01
14450 2.249613679113651017e+02 9.097409601842019811e+01
14451 2.249509483427748080e+02 9.097039741681162184e+01
14452 2.249405296212401879e+02 9.096670164771973077e+01
14453 2.249301117460780972e+02 9.096300870845085740e+01
14454 2.249196947166062728e+02 9.095931859631470218e+01
14455 2.249092785321429631e+02 9.095563130862407775e+01
14456 2.248988631920072692e+02 9.095194684269509366e+01
14457 2.248884486955188606e+02 9.094826519584712798e+01
14458 2.248780350419980891e+02 9.094458636540275620e+01
14459 2.248676222307661305e+02 9.094091034868785073e+01
14460 2.248572102611447292e+02 9.093723714303139616e+01
14461 2.248467991324563116e+02 9.093356674576573084e+01
14462 2.248363888440240714e+02 9.092989915422633374e+01
14463 2.248259793951720269e+02 9.092623436575185281e+01
14464 2.248155707852244802e+02 9.092257237768428979e+01
14465 2.248051630135067853e+02 9.091891318736848859e+01
14466 2.247947560793447224e+02 9.091525679215308742e+01
14467 2.247843499820650379e+02 9.091160318938935347e+01
14468 2.247739447209949333e+02 9.090795237643185089e+01
14469 2.247635402954623487e+02 9.090430435063856862e+01
14470 2.247531367047959918e+02 9.090065910937047988e+01
14471 2.247427339483250819e+02 9.089701664999178377e+01
14472 2.247323320253797192e+02 9.089337696986972048e+01
14473 2.247219309352905157e+02 9.088974006637478453e+01
14474 2.247115306773888790e+02 9.088610593688056838e+01
14475 2.247011312510068706e+02 9.088247457876404667e+01
14476 2.246907326554770634e+02 9.087884598940479464e+01
14477 2.246803348901329400e+02 9.087522016618606813e+01
14478 2.246699379543086081e+02 9.087159710649399358e+01
14479 2.246595418473386871e+02 9.086797680771785224e+01
14480 2.246491465685586775e+02 9.086435926724996648e+01
14481 2.246387521173045627e+02 9.086074448248601243e+01
14482 2.246283584929131791e+02 9.085713245082442313e+01
14483 2.246179656947219030e+02 9.085352316966694275e+01
14484 2.246075737220688779e+02 9.084991663641854132e+01
14485 2.245971825742927024e+02 9.084631284848695998e+01
14486 2.245867922507330547e+02 9.084271180328333628e+01
14487 2.245764027507298408e+02 9.083911349822146519e+01
14488 2.245660140736238475e+02 9.083551793071880809e+01
14489 2.245556262187564869e+02 9.083192509819535587e+01
14490 2.245452391854699385e+02 9.082833499807446742e+01
14491 2.245348529731069505e+02 9.082474762778245747e+01
14492 2.245244675810107537e+02 9.082116298474865346e+01
14493 2.245140830085255743e+02 9.081758106640550920e+01
14494 2.245036992549961212e+02 9.081400187018850545e+01
14495 2.244933163197678141e+02 9.081042539353620668e+01
14496 2.244829342021866694e+02 9.080685163389004799e+01
14497 2.244725529015993857e+02 9.080328058869470453e+01
14498 2.244621724173533437e+02 9.079971225539769364e+01
14499 2.244517927487966631e+02 9.079614663144971587e+01
14500 2.244414138952778615e+02 9.079258371430412922e+01
14501 2.244310358561463943e+02 9.078902350141791544e+01
14502 2.244206586307521718e+02 9.078546599025045793e+01
14503 2.244102822184459569e+02 9.078191117826453649e+01
14504 2.243999066185789388e+02 9.077835906292563095e+01
14505 2.243895318305030457e+02 9.077480964170239019e+01
14506 2.243791578535710585e+02 9.077126291206646158e+01
14507 2.243687846871359284e+02 9.076771887149237727e+01
14508 2.243584123305518290e+02 9.076417751745763951e+01
14509 2.243480407831731895e+02 9.076063884744267796e+01
14510 2.243376700443552352e+02 9.075710285893116236e+01
14511 2.243273001134538163e+02 9.075356954940934884e+01
14512 2.243169309898252948e+02 9.075003891636663411e+01
14513 2.243065626728269422e+02 9.074651095729539918e+01
14514 2.242961951618164846e+02 9.074298566969089563e+01
14515 2.242858284561523021e+02 9.073946305105121723e+01
14516 2.242754625551935987e+02 9.073594309887755571e+01
14517 2.242650974582998913e+02 9.073242581067407286e+01
14518 2.242547331648315776e+02 9.072891118394753107e+01
14519 2.242443696741497661e+02 9.072539921620808911e+01
14520 2.242340069856159062e+02 9.072188990496839267e+01
14521 2.242236450985924137e+02 9.071838324774410012e+01
14522 2.242132840124420738e+02 9.071487924205403885e+01
14523 2.242029237265284394e+02 9.071137788541958002e+01
14524 2.241925642402157735e+02 9.070787917536517853e+01
14525 2.241822055528687088e+02 9.070438310941818827e+01
14526 2.241718476638529012e+02 9.070088968510870586e+01
14527 2.241614905725342908e+02 9.069739889996982640e+01
14528 2.241511342782796419e+02 9.069391075153764348e+01
14529 2.241407787804562304e+02 9.069042523735073758e+01
14530 2.241304240784320712e+02 9.068694235495100031e+01
14531 2.241200701715758612e+02 9.068346210188272494e+01
14532 2.241097170592566385e+02 9.067998447569340215e+01
14533 2.240993647408443792e+02 9.067650947393353533e+01
14534 2.240890132157095707e+02 9.067303709415583057e+01
14535 2.240786624832232405e+02 9.066956733391648982e+01
14536 2.240683125427573259e+02 9.066610019077411664e+01
14537 2.240579633936840764e+02 9.066263566229041260e+01
14538 2.240476150353763956e+02 9.065917374602983614e+01
14539 2.240372674672080677e+02 9.065571443955955999e+01
14540 2.240269206885532753e+02 9.065225774044969853e+01
14541 2.240165746987867692e+02 9.064880364627312304e+01
14542 2.240062294972842949e+02 9.064535215460554696e+01
14543 2.239958850834217117e+02 9.064190326302546907e+01
14544 2.239855414565758167e+02 9.063845696911418770e+01
14545 2.239751986161240325e+02 9.063501327045585754e+01
14546 2.239648565614442077e+02 9.063157216463727650e+01
14547 2.239545152919150439e+02 9.062813364924818416e+01
14548 2.239441748069157256e+02 9.062469772188093486e+01
14549 2.239338351058259775e+02 9.062126438013089569e+01
14550 2.239234961880262347e+02 9.061783362159606270e+01
14551 2.239131580528976713e+02 9.061440544387718887e+01
14552 2.239028206998218877e+02 9.061097984457772725e+01
14553 2.238924841281811382e+02 9.060755682130414357e+01
14554 2.238821483373583305e+02 9.060413637166536205e+01
14555 2.238718133267370263e+02 9.060071849327327698e+01
14556 2.238614790957011564e+02 9.059730318374238323e+01
14557 2.238511456436355616e+02 9.059389044069000363e+01
14558 2.238408129699256506e+02 9.059048026173620372e+01
14559 2.238304810739572588e+02 9.058707264450364960e+01
14560 2.238201499551169604e+02 9.058366758661790641e+01
14561 2.238098196127918982e+02 9.058026508570725355e+01
14562 2.237994900463698968e+02 9.057686513940261364e+01
14563 2.237891612552392644e+02 9.057346774533748146e+01
14564 2.237788332387889909e+02 9.057007290114844977e+01
14565 2.237685059964086349e+02 9.056668060447441349e+01
14566 2.237581795274883802e+02 9.056329085295728021e+01
14567 2.237478538314190359e+02 9.055990364424145866e+01
14568 2.237375289075920080e+02 9.055651897597408606e+01
14569 2.237272047553992707e+02 9.055313684580511335e+01
14570 2.237168813742333668e+02 9.054975725138706366e+01
14571 2.237065587634874362e+02 9.054638019037510333e+01
14572 2.236962369225554426e+02 9.054300566042711296e+01
14573 2.236859158508316625e+02 9.053963365920377271e+01
14574 2.236755955477111115e+02 9.053626418436823542e+01
14575 2.236652760125893735e+02 9.053289723358643926e+01
14576 2.236549572448626293e+02 9.052953280452699403e+01
14577 2.236446392439275144e+02 9.052617089486109592e+01
14578 2.236343220091815738e+02 9.052281150226248485e+01
14579 2.236240055400226652e+02 9.051945462440788503e+01
14580 2.236136898358494136e+02 9.051610025897637968e+01
14581 2.236033748960609557e+02 9.051274840364976626e+01
14582 2.235930607200569398e+02 9.050939905611247127e+01
14583 2.235827473072378098e+02 9.050605221405155021e+01
14584 2.235724346570044077e+02 9.050270787515671600e+01
14585 2.235621227687583428e+02 9.049936603712033900e+01
14586 2.235518116419015371e+02 9.049602669763716278e+01
14587 2.235415012758369926e+02 9.049268985440504309e+01
14588 2.235311916699675692e+02 9.048935550512382520e+01
14589 2.235208828236973773e+02 9.048602364749642391e+01
14590 2.235105747364309536e+02 9.048269427922828356e+01
14591 2.235002674075730908e+02 9.047936739802723594e+01
14592 2.234899608365295762e+02 9.047604300160381285e+01
14593 2.234796550227065097e+02 9.047272108767117516e+01
14594 2.234693499655107303e+02 9.046940165394518374e+01
14595 2.234590456643495884e+02 9.046608469814401587e+01
14596 2.234487421186309746e+02 9.046277021798859153e+01
14597 2.234384393277635752e+02 9.045945821120240282e+01
14598 2.234281372911563608e+02 9.045614867551137195e+01
14599 2.234178360082190977e+02 9.045284160864424905e+01
14600 2.234075354783620071e+02 9.044953700833208643e+01
14601 2.233972357009959353e+02 9.044623487230869330e+01
14602 2.233869366755323824e+02 9.044293519831018102e+01
14603 2.233766384013832180e+02 9.043963798407543209e+01
14604 2.233663408779610791e+02 9.043634322734585851e+01
14605 2.233560441046791993e+02 9.043305092586537342e+01
14606 2.233457480809512106e+02 9.042976107738033420e+01
14607 2.233354528061914266e+02 9.042647367963969884e+01
14608 2.233251582798148434e+02 9.042318873039508276e+01
14609 2.233148645012366558e+02 9.041990622740033245e+01
14610 2.233045714698731388e+02 9.041662616841216504e+01
14611 2.232942791851407094e+02 9.041334855118958558e+01
14612 2.232839876464565805e+02 9.041007337349419970e+01
14613 2.232736968532385617e+02 9.040680063308998626e+01
14614 2.232634068049049176e+02 9.040353032774366682e+01
14615 2.232531175008743105e+02 9.040026245522432191e+01
14616 2.232428289405664259e+02 9.039699701330347636e+01
14617 2.232325411234012904e+02 9.039373399975518453e+01
14618 2.232222540487993285e+02 9.039047341235617239e+01
14619 2.232119677161817322e+02 9.038721524888543968e+01
14620 2.232016821249701195e+02 9.038395950712447302e+01
14621 2.231913972745869046e+02 9.038070618485734542e+01
14622 2.231811131644548709e+02 9.037745527987053151e+01
14623 2.231708297939973420e+02 9.037420678995312073e+01
14624 2.231605471626383235e+02 9.037096071289637678e+01
14625 2.231502652698022757e+02 9.036771704649439130e+01
14626 2.231399841149143981e+02 9.036447578854340179e+01
14627 2.231297036974002310e+02 9.036123693684227476e+01
14628 2.231194240166859117e+02 9.035800048919220728e+01
14629 2.231091450721984586e+02 9.035476644339701124e+01
14630 2.230988668633648331e+02 9.035153479726281489e+01
14631 2.230885893896131336e+02 9.034830554859826179e+01
14632 2.230783126503717142e+02 9.034507869521432610e+01
14633 2.230680366450695828e+02 9.034185423492455413e+01
14634 2.230577613731362590e+02 9.033863216554490805e+01
14635 2.230474868340018588e+02 9.033541248489353848e+01
14636 2.230372130270971240e+02 9.033219519079139559e+01
14637 2.230269399518530236e+02 9.032898028106154698e+01
14638 2.230166676077014358e+02 9.032576775352961818e+01
14639 2.230063959940747793e+02 9.032255760602356531e+01
14640 2.229961251104058704e+02 9.031934983637398773e+01
14641 2.229858549561279233e+02 9.031614444241340323e+01
14642 2.229755855306751187e+02 9.031294142197728547e+01
14643 2.229653168334819213e+02 9.030974077290315449e+01
14644 2.229550488639833077e+02 9.030654249303093195e+01
14645 2.229447816216149647e+02 9.030334658020325378e+01
14646 2.229345151058130625e+02 9.030015303226464596e+01
14647 2.229242493160141407e+02 9.029696184706236295e+01
14648 2.229139842516556769e+02 9.029377302244600401e+01
14649 2.229037199121753474e+02 9.029058655626747054e+01
14650 2.228934562970116247e+02 9.028740244638103718e+01
14651 2.228831934056031230e+02 9.028422069064329492e+01
14652 2.228729312373894231e+02 9.028104128691350638e+01
14653 2.228626697918105322e+02 9.027786423305276742e+01
14654 2.228524090683070540e+02 9.027468952692503024e+01
14655 2.228421490663197062e+02 9.027151716639625079e+01
14656 2.228318897852905138e+02 9.026834714933498560e+01
14657 2.228216312246612745e+02 9.026517947361199390e+01
14658 2.228113733838748942e+02 9.026201413710045074e+01
14659 2.228011162623743360e+02 9.025885113767573387e+01
14660 2.227908598596035574e+02 9.025569047321575056e+01
14661 2.227806041750069426e+02 9.025253214160061077e+01
14662 2.227703492080290175e+02 9.024937614071286873e+01
14663 2.227600949581153600e+02 9.024622246843716766e+01
14664 2.227498414247118603e+02 9.024307112266077979e+01
14665 2.227395886072649205e+02 9.023992210127313740e+01
14666 2.227293365052215393e+02 9.023677540216598914e+01
14667 2.227190851180291702e+02 9.023363102323334317e+01
14668 2.227088344451358921e+02 9.023048896237168037e+01
14669 2.226985844859902386e+02 9.022734921747962744e+01
14670 2.226883352400413685e+02 9.022421178645819850e+01
14671 2.226780867067390375e+02 9.022107666721066721e+01
14672 2.226678388855330297e+02 9.021794385764259516e+01
14673 2.226575917758744936e+02 9.021481335566197401e+01
14674 2.226473453772144069e+02 9.021168515917878494e+01
14675 2.226370996890045717e+02 9.020855926610566655e+01
14676 2.226268547106972449e+02 9.020543567435723276e+01
14677 2.226166104417453369e+02 9.020231438185048489e+01
14678 2.226063668816021845e+02 9.019919538650479751e+01
14679 2.225961240297215227e+02 9.019607868624166258e+01
14680 2.225858818855578534e+02 9.019296427898490265e+01
14681 2.225756404485661335e+02 9.018985216266065663e+01
14682 2.225653997182016326e+02 9.018674233519715244e+01
14683 2.225551596939204444e+02 9.018363479452513332e+01
14684 2.225449203751791458e+02 9.018052953857743148e+01
14685 2.225346817614345696e+02 9.017742656528909606e+01
14686 2.225244438521444010e+02 9.017432587259752097e+01
14687 2.225142066467666098e+02 9.017122745844234544e+01
14688 2.225039701447598190e+02 9.016813132076538295e+01
14689 2.224937343455831069e+02 9.016503745751076337e+01
14690 2.224834992486961198e+02 9.016194586662477661e+01
14691 2.224732648535589306e+02 9.015885654605595789e+01
14692 2.224630311596322940e+02 9.015576949375508775e+01
14693 2.224527981663773630e+02 9.015268470767517783e+01
14694 2.224425658732558304e+02 9.014960218577151352e+01
14695 2.224323342797297869e+02 9.014652192600148339e+01
14696 2.224221033852621190e+02 9.014344392632476399e+01
14697 2.224118731893159975e+02 9.014036818470324874e+01
14698 2.224016436913551900e+02 9.013729469910097691e+01
14699 2.223914148796287407e+02 9.013443817505884681e+01
14700 2.223811867140742891e+02 9.013160230597434008e+01
14701 2.223709591920069499e+02 9.012876852556159690e+01
14702 2.223607323129323561e+02 9.012593683186435101e+01
14703 2.223505060763569645e+02 9.012310722292889409e+01
14704 2.223402804817876870e+02 9.012027969680379158e+01
14705 2.223300555287316342e+02 9.011745425153998212e+01
14706 2.223198312166967980e+02 9.011463088519086284e+01
14707 2.223096075451914544e+02 9.011180959581197669e+01
14708 2.222993845137243909e+02 9.010899038146143880e+01
14709 2.222891621218047931e+02 9.010617324019965224e+01
14710 2.222789403689425001e+02 9.010335817008923698e+01
14711 2.222687192546476922e+02 9.010054516919531409e+01
14712 2.222584987784311181e+02 9.009773423558524996e+01
14713 2.222482789398039529e+02 9.009492536732871315e+01
14714 2.222380597382779968e+02 9.009211856249777384e+01
14715 2.222278411733652206e+02 9.008931381916690384e+01
14716 2.222176232445783910e+02 9.008651113541256450e+01
14717 2.222074059514307010e+02 9.008371050931390300e+01
14718 2.221971892934355424e+02 9.008091193895211291e+01
14719 2.221869732701072166e+02 9.007811542241090308e+01
14720 2.221767578809601673e+02 9.007532095777604297e+01
14721 2.221665431255094347e+02 9.007252854313578894e+01
14722 2.221563290032705709e+02 9.006973817658062842e+01
14723 2.221461155137595540e+02 9.006694985620329419e+01
14724 2.221359026564928740e+02 9.006416358009879275e+01
14725 2.221256904309873903e+02 9.006137934636457487e+01
14726 2.221154788367605875e+02 9.005859715310013769e+01
14727 2.221052678733303480e+02 9.005581699840737997e+01
14728 2.220950575402150946e+02 9.005303888039038895e+01
14729 2.220848478369333918e+02 9.005026279715566773e+01
14730 2.220746387630049412e+02 9.004748874681165205e+01
14731 2.220644303179492454e+02 9.004471672746939248e+01
14732 2.220542225012867164e+02 9.004194673724209963e+01
14733 2.220440153125379936e+02 9.003917877424504468e+01
14734 2.220338087512241714e+02 9.003641283659585781e+01
14735 2.220236028168670543e+02 9.003364892241440032e+01
14736 2.220133975089887315e+02 9.003088702982286406e+01
14737 2.220031928271117181e+02 9.002812715694548729e+01
14738 2.219929887707592684e+02 9.002536930190882458e+01
14739 2.219827853394546935e+02 9.002261346284170429e+01
14740 2.219725825327221571e+02 9.001985963787507217e+01
14741 2.219623803500859935e+02 9.001710782514203402e+01
14742 2.219521787910711055e+02 9.001435802277815412e+01
14743 2.219419778552030778e+02 9.001161022892091523e+01
14744 2.219317775420075805e+02 9.000886444171008804e+01
14745 2.219215778510109374e+02 9.000612065928774541e+01
14746 2.219113787817400976e+02 9.000337887979814866e+01
14747 2.219011803337220954e+02 9.000063910138749179e+01
14748 2.218909825064846757e+02 8.999790132220441308e+01
14749 2.218807852995561234e+02 8.999516554039979610e+01
14750 2.218705887124649223e+02 8.999243175412628659e+01
14751 2.218603927447402953e+02 8.998969996153913087e+01
14752 2.218501973959115787e+02 8.998697016079556477e+01
14753 2.218400026655090187e+02 8.998424235005499838e+01
14754 2.218298085530628043e+02 8.998151652747894502e+01
14755 2.218196150581041195e+02 8.997879269123119172e+01
14756 2.218094221801642902e+02 8.997607083947758611e+01
14757 2.217992299187749836e+02 8.997335097038616425e+01
14758 2.217890382734684351e+02 8.997063308212722177e+01
14759 2.217788472437775624e+02 8.996791717287277379e+01
14760 2.217686568292355958e+02 8.996520324079762077e+01
14761 2.217584670293761917e+02 8.996249128407805529e+01
14762 2.217482778437331774e+02 8.995978130089292790e+01
14763 2.217380892718414316e+02 8.995707328942312131e+01
14764 2.217279013132356908e+02 8.995436724785143667e+01
14765 2.217177139674516297e+02 8.995166317436304837e+01
14766 2.217075272340250365e+02 8.994896106714521977e+01
14767 2.216973411124923814e+02 8.994626092438701903e+01
14768 2.216871556023903338e+02 8.994356274428005804e+01
14769 2.216769707032562451e+02 8.994086652501771084e+01
14770 2.216667864146277225e+02 8.993817226479573890e+01
14771 2.216566027360430553e+02 8.993547996181165161e+01
14772 2.216464196670408739e+02 8.993278961426536000e+01
14773 2.216362372071600078e+02 8.993010122035866516e+01
14774 2.216260553559402524e+02 8.992741477829559926e+01
14775 2.216158741129213468e+02 8.992473028628219822e+01
14776 2.216056934776436549e+02 8.992204774252647326e+01
14777 2.215955134496481378e+02 8.991936714523873775e+01
14778 2.215853340284760407e+02 8.991668849263116670e+01
14779 2.215751552136690634e+02 8.991401178291815199e+01
14780 2.215649770047693607e+02 8.991133701431598979e+01
14781 2.215547994013196273e+02 8.990866418504320734e+01
14782 2.215446224028628990e+02 8.990599329332029299e+01
14783 2.215344460089425809e+02 8.990332433736979567e+01
14784 2.215242702191027035e+02 8.990065731541628224e+01
14785 2.215140950328875817e+02 8.989799222568636594e+01
14786 2.215039204498420133e+02 8.989532906640880583e+01
14787 2.214937464695113931e+02 8.989266783581432207e+01
14788 2.214835730914412579e+02 8.989000853213558173e+01
14789 2.214734003151777983e+02 8.988735115360739769e+01
14790 2.214632281402676313e+02 8.988469569846657237e+01
14791 2.214530565662577146e+02 8.988204216495192611e+01
14792 2.214428855926955464e+02 8.987939055130436827e+01
14793 2.214327152191290224e+02 8.987674085576669825e+01
14794 2.214225454451063229e+02 8.987409307658394653e+01
14795 2.214123762701764235e+02 8.987144721200280628e+01
14796 2.214022076938883288e+02 8.986880326027215915e+01
14797 2.213920397157917819e+02 8.986616121964301840e+01
14798 2.213818723354366966e+02 8.986352108836820207e+01
14799 2.213717055523737542e+02 8.986088286470265984e+01
14800 2.213615393661537496e+02 8.985824654690324564e+01
14801 2.213513737763281028e+02 8.985561213322877450e+01
14802 2.213412087824486036e+02 8.985297962194016463e+01
14803 2.213310443840673827e+02 8.985034901130012486e+01
14804 2.213208805807372244e+02 8.984772029957360928e+01
14805 2.213107173720111120e+02 8.984509348502730575e+01
14806 2.213005547574425975e+02 8.984246856592999109e+01
14807 2.212903927365855452e+02 8.983984554055243166e+01
14808 2.212802313089945017e+02 8.983722440716729807e+01
14809 2.212700704742241271e+02 8.983460516404915097e+01
14810 2.212599102318296502e+02 8.983198780947461159e+01
14811 2.212497505813667829e+02 8.982937234172239016e+01
14812 2.212395915223915495e+02 8.982675875907281693e+01
14813 2.212294330544604293e+02 8.982414705980848169e+01
14814 2.212192751771304415e+02 8.982153724221372215e+01
14815 2.212091178899588897e+02 8.981892930457486557e+01
14816 2.211989611925035888e+02 8.981632324518017185e+01
14817 2.211888050843226381e+02 8.981371906231991886e+01
14818 2.211786495649748190e+02 8.981111675428623187e+01
14819 2.211684946340190834e+02 8.980851631937314039e+01
14820 2.211583402910149232e+02 8.980591775587670611e+01
14821 2.211481865355222567e+02 8.980332106209480969e+01
14822 2.211380333671013148e+02 8.980072623632726447e+01
14823 2.211278807853129251e+02 8.979813327687594438e+01
14824 2.211177287897182566e+02 8.979554218204435756e+01
14825 2.211075773798788475e+02 8.979295295013827172e+01
14826 2.210974265553566624e+02 8.979036557946494668e+01
14827 2.210872763157141492e+02 8.978778006833387337e+01
14828 2.210771266605141818e+02 8.978519641505630489e+01
14829 2.210669775893200040e+02 8.978261461794549803e+01
14830 2.210568291016951434e+02 8.978003467531637227e+01
14831 2.210466811972040091e+02 8.977745658548606400e+01
14832 2.210365338754106972e+02 8.977488034677328699e+01
14833 2.210263871358803840e+02 8.977230595749881559e+01
14834 2.210162409781783026e+02 8.976973341598524314e+01
14835 2.210060954018703683e+02 8.976716272055705304e+01
14836 2.209959504065226099e+02 8.976459386954064712e+01
14837 2.209858059917015964e+02 8.976202686126423202e+01
14838 2.209756621569743231e+02 8.975946169405787600e+01
14839 2.209655189019082684e+02 8.975689836625355156e+01
14840 2.209553762260711096e+02 8.975433687618519230e+01
14841 2.209452341290313200e+02 8.975177722218830922e+01
14842 2.209350926103572306e+02 8.974921940260047393e+01
14843 2.209249516696180820e+02 8.974666341576117645e+01
14844 2.209148113063833705e+02 8.974410926001159794e+01
14845 2.209046715202229336e+02 8.974155693369483799e+01
14846 2.208945323107069783e+02 8.973900643515584363e+01
14847 2.208843936774061945e+02 8.973645776274132402e+01
14848 2.208742556198917271e+02 8.973391091479994941e+01
14849 2.208641181377352041e+02 8.973136588968209537e+01
14850 2.208539812305083387e+02 8.972882268574007014e+01
14851 2.208438448977835549e+02 8.972628130132804358e+01
14852 2.208337091391335889e+02 8.972374173480184822e+01
14853 2.208235739541315752e+02 8.972120398451930612e+01
14854 2.208134393423509607e+02 8.971866804883985935e+01
14855 2.208033053033658177e+02 8.971613392612503901e+01
14856 2.207931718367505596e+02 8.971360161473796779e+01
14857 2.207830389420797133e+02 8.971107111304365844e+01
14858 2.207729066189285732e+02 8.970854241940899954e+01
14859 2.207627748668727747e+02 8.970601553220244284e+01
14860 2.207526436854881240e+02 8.970349044979460018e+01
14861 2.207425130743511374e+02 8.970096717055757551e+01
14862 2.207323830330384169e+02 8.969844569286543390e+01
14863 2.207222535611273315e+02 8.969592601509393148e+01
14864 2.207121246581953926e+02 8.969340813562077130e+01
14865 2.207019963238204809e+02 8.969089205282529065e+01
14866 2.206918685575810173e+02 8.968837776508863158e+01
14867 2.206817413590558488e+02 8.968586527079378357e+01
14868 2.206716147278240499e+02 8.968335456832542718e+01
14869 2.206614886634651782e+02 8.968084565607013303e+01
14870 2.206513631655593599e+02 8.967833853241616282e+01
14871 2.206412382336868347e+02 8.967583319575354039e+01
14872 2.206311138674283825e+02 8.967332964447413701e+01
14873 2.206209900663652093e+02 8.967082787697147239e+01
14874 2.206108668300788054e+02 8.966832789164097051e+01
14875 2.206007441581512012e+02 8.966582968687960431e+01
14876 2.205906220501646260e+02 8.966333326108637891e+01
14877 2.205805005057020480e+02 8.966083861266186261e+01
14878 2.205703795243463219e+02 8.965834574000837165e+01
14879 2.205602591056812116e+02 8.965585464153004125e+01
14880 2.205501392492905666e+02 8.965336531563275457e+01
14881 2.205400199547585771e+02 8.965087776072400061e+01
14882 2.205299012216701442e+02 8.964839197521327208e+01
14883 2.205197830496103109e+02 8.964590795751162489e+01
14884 2.205096654381646317e+02 8.964342570603174920e+01
14885 2.204995483869189172e+02 8.964094521918831049e+01
14886 2.204894318954593757e+02 8.963846649539750899e+01
14887 2.204793159633727839e+02 8.963598953307727868e+01
14888 2.204692005902462029e+02 8.963351433064744356e+01
14889 2.204590857756670630e+02 8.963104088652941925e+01
14890 2.204489715192231074e+02 8.962856919914632670e+01
14891 2.204388578205027613e+02 8.962609926692302054e+01
14892 2.204287446790944784e+02 8.962363108828621705e+01
14893 2.204186320945873092e+02 8.962116466166396833e+01
14894 2.204085200665706736e+02 8.961869998548650074e+01
14895 2.203984085946343043e+02 8.961623705818539065e+01
14896 2.203882976783683318e+02 8.961377587819403345e+01
14897 2.203781873173634551e+02 8.961131644394758666e+01
14898 2.203680775112104016e+02 8.960885875388287047e+01
14899 2.203579682595006091e+02 8.960640280643829669e+01
14900 2.203478595618258566e+02 8.960394860005409612e+01
14901 2.203377514177779801e+02 8.960149613317217643e+01
14902 2.203276438269497532e+02 8.959904540423599428e+01
14903 2.203175367889338077e+02 8.959659641169085376e+01
14904 2.203074303033234855e+02 8.959414915398369317e+01
14905 2.202973243697124417e+02 8.959170362956311351e+01
14906 2.202872189876945299e+02 8.958925983687926475e+01
14907 2.202771141568642861e+02 8.958681777438425797e+01
14908 2.202670098768163314e+02 8.958437744053163954e+01
14909 2.202569061471459975e+02 8.958193883377667532e+01
14910 2.202468029674487298e+02 8.957950195257636494e+01
14911 2.202367003373203431e+02 8.957706679538928540e+01
14912 2.202265982563571356e+02 8.957463336067569060e+01
14913 2.202164967241558884e+02 8.957220164689758235e+01
14914 2.202063957403135817e+02 8.956977165251841200e+01
14915 2.201962953044275650e+02 8.956734337600356355e+01
14916 2.201861954160957566e+02 8.956491681581985631e+01
14917 2.201760960749163019e+02 8.956249197043580068e+01
14918 2.201659972804876588e+02 8.956006883832155552e+01
14919 2.201558990324088256e+02 8.955764741794905603e+01
14920 2.201458013302791983e+02 8.955522770779163011e+01
14921 2.201357041736983717e+02 8.955280970632446724e+01
14922 2.201256075622662820e+02 8.955039341202426328e+01
14923 2.201155114955835188e+02 8.954797882336936254e+01
14924 2.201054159732507856e+02 8.954556593883975779e+01
14925 2.200953209948692688e+02 8.954315475691707604e+01
14926 2.200852265600406383e+02 8.954074527608456435e+01
14927 2.200751326683667628e+02 8.953833749482717508e+01
14928 2.200650393194497667e+02 8.953593141163128166e+01
14929 2.200549465128926272e+02 8.953352702498497706e+01
14930 2.200448542482980940e+02 8.953112433337807374e+01
14931 2.200347625252697412e+02 8.952872333530186211e+01
14932 2.200246713434113133e+02 8.952632402924925259e+01
14933 2.200145807023268958e+02 8.952392641371484672e+01
14934 2.200044906016211144e+02 8.952153048719476658e+01
14935 2.199944010408988504e+02 8.951913624818679693e+01
14936 2.199843120197652411e+02 8.951674369519027152e+01
14937 2.199742235378259920e+02 8.951435282670610150e+01
14938 2.199641355946871215e+02 8.951196364123693172e+01
14939 2.199540481899549604e+02 8.950957613728685658e+01
14940 2.199439613232363797e+02 8.950719031336160469e+01
14941 2.199338749941381934e+02 8.950480616796856737e+01
14942 2.199237892022680683e+02 8.950242369961655697e+01
14943 2.199137039472337847e+02 8.950004290681610541e+01
14944 2.199036192286436631e+02 8.949766378807932199e+01
14945 2.198935350461060807e+02 8.949528634191979393e+01
14946 2.198834513992299833e+02 8.949291056685279955e+01
14947 2.198733682876247144e+02 8.949053646139525142e+01
14948 2.198632857109000440e+02 8.948816402406529846e+01
14949 2.198532036686657989e+02 8.948579325338300805e+01
14950 2.198431221605324311e+02 8.948342414786985444e+01
14951 2.198330411861107052e+02 8.948105670604901718e+01
14952 2.198229607450117840e+02 8.947869092644509692e+01
14953 2.198128808368469720e+02 8.947632680758421486e+01
14954 2.198028014612282846e+02 8.947396434799419751e+01
14955 2.197927226177677937e+02 8.947160354620436351e+01
14956 2.197826443060781685e+02 8.946924440074560891e+01
14957 2.197725665257722198e+02 8.946688691015029349e+01
14958 2.197624892764631852e+02 8.946453107295239704e+01
14959 2.197524125577648704e+02 8.946217688768743415e+01
14960 2.197423363692911096e+02 8.945982435289256784e+01
14961 2.197322607106562771e+02 8.945747346710619752e+01
14962 2.197221855814750882e+02 8.945512422886862680e+01
14963 2.197121109813627413e+02 8.945277663672153778e+01
14964 2.197020369099344919e+02 8.945043068920803364e+01
14965 2.196919633668062488e+02 8.944808638487295127e+01
14966 2.196818903515940917e+02 8.944574372226257708e+01
14967 2.196718178639144128e+02 8.944340269992470382e+01
14968 2.196617459033842863e+02 8.944106331640861640e+01
14969 2.196516744696207866e+02 8.943872557026520553e+01
14970 2.196416035622414711e+02 8.943638946004691093e+01
14971 2.196315331808642952e+02 8.943405498430750811e+01
14972 2.196214633251075554e+02 8.943172214160253475e+01
14973 2.196113939945898039e+02 8.942939093048892119e+01
14974 2.196013251889300193e+02 8.942706134952500463e+01
14975 2.195912569077476917e+02 8.942473339727075654e+01
14976 2.195811891506623112e+02 8.942240707228778263e+01
14977 2.195711219172940218e+02 8.942008237313899599e+01
14978 2.195610552072631947e+02 8.941775929838875925e+01
14979 2.195509890201905705e+02 8.941543784660316874e+01
14980 2.195409233556972310e+02 8.941311801634968504e+01
14981 2.195308582134046844e+02 8.941079980619730350e+01
14982 2.195207935929345808e+02 8.940848321471638371e+01
14983 2.195107294939091958e+02 8.940616824047901900e+01
14984 2.195006659159509468e+02 8.940385488205861009e+01
14985 2.194906028586828484e+02 8.940154313803014929e+01
14986 2.194805403217278865e+02 8.939923300697000741e+01
14987 2.194704783047096726e+02 8.939692448745616105e+01
14988 2.194604168072521020e+02 8.939461757806799369e+01
14989 2.194503558289794398e+02 8.939231227738635255e+01
14990 2.194402953695162068e+02 8.939000858399366223e+01
14991 2.194302354284874639e+02 8.938770649647371158e+01
14992 2.194201760055182433e+02 8.938540601341181002e+01
14993 2.194101171002345438e+02 8.938310713339480174e+01
14994 2.194000587122619947e+02 8.938080985501093778e+01
14995 2.193900008412270495e+02 8.937851417684986188e+01
14996 2.193799434867563605e+02 8.937622009750282359e+01
14997 2.193698866484769212e+02 8.937392761556246512e+01
14998 2.193598303260160378e+02 8.937163672962289240e+01
14999 2.193497745190015564e+02 8.936934743827970351e+01
15000 2.193397192270613800e+02 8.936705974012988918e+01
15001 2.193296644498239232e+02 8.936477363377198913e+01
15002 2.193196101869179131e+02 8.936248911780597837e+01
15003 2.193095564379724181e+02 8.936020619083312511e+01
15004 2.192995032026168474e+02 8.935792485145636022e+01
15005 2.192894504562037241e+02 8.935615202060797913e+01
15006 2.192793980993873504e+02 8.935446882143784819e+01
15007 2.192693461212274428e+02 8.935278657561696036e+01
15008 2.192592945215023406e+02 8.935110528224186055e+01
15009 2.192492432999908942e+02 8.934942494041081318e+01
15010 2.192391924564717840e+02 8.934774554922360323e+01
15011 2.192291419907241163e+02 8.934606710778173522e+01
15012 2.192190919025272819e+02 8.934438961518814892e+01
15013 2.192090421916606147e+02 8.934271307054740419e+01
15014 2.191989928579040736e+02 8.934103747296578035e+01
15015 2.191889439010372485e+02 8.933936282155096364e+01
15016 2.191788953208405246e+02 8.933768911541238822e+01
15017 2.191688471170941170e+02 8.933601635366085247e+01
15018 2.191587992895786954e+02 8.933434453540886011e+01
15019 2.191487518380750430e+02 8.933267365977053487e+01
15020 2.191387047623641138e+02 8.933100372586132210e+01
15021 2.191286580622270321e+02 8.932933473279844350e+01
15022 2.191186117374452351e+02 8.932766667970058450e+01
15023 2.191085657878003587e+02 8.932599956568797950e+01
15024 2.190985202130742948e+02 8.932433338988241189e+01
15025 2.190884750130489351e+02 8.932266815140714300e+01
15026 2.190784301875066546e+02 8.932100384938711102e+01
15027 2.190683857362299136e+02 8.931934048294854733e+01
15028 2.190583416590011723e+02 8.931767805121943127e+01
15029 2.190482979556034877e+02 8.931601655332914902e+01
15030 2.190382546258199454e+02 8.931435598840859313e+01
15031 2.190282116694337162e+02 8.931269635559021935e+01
15032 2.190181690862283972e+02 8.931103765400791872e+01
15033 2.190081268759875854e+02 8.930937988279717388e+01
15034 2.189980850384953044e+02 8.930772304109486015e+01
15035 2.189880435735354638e+02 8.930606712803938763e+01
15036 2.189780024808925702e+02 8.930441214277074380e+01
15037 2.189679617603511019e+02 8.930275808443020935e+01
15038 2.189579214116956507e+02 8.930110495216071342e+01
15039 2.189478814347113484e+02 8.929945274510662045e+01
15040 2.189378418291831849e+02 8.929780146241368755e+01
15041 2.189278025948966047e+02 8.929615110322920657e+01
15042 2.189177637316368816e+02 8.929450166670200417e+01
15043 2.189077252391900572e+02 8.929285315198217177e+01
15044 2.188976871173420022e+02 8.929120555822137817e+01
15045 2.188876493658787865e+02 8.928955888457277013e+01
15046 2.188776119845867640e+02 8.928791313019085862e+01
15047 2.188675749732525446e+02 8.928626829423170363e+01
15048 2.188575383316628802e+02 8.928462437585268674e+01
15049 2.188475020596046363e+02 8.928298137421268166e+01
15050 2.188374661568650197e+02 8.928133928847199741e+01
15051 2.188274306232313222e+02 8.927969811779232145e+01
15052 2.188173954584912053e+02 8.927805786133684762e+01
15053 2.188073606624323588e+02 8.927641851827009134e+01
15054 2.187973262348426431e+02 8.927478008775806018e+01
15055 2.187872921755104016e+02 8.927314256896812594e+01
15056 2.187772584842238075e+02 8.927150596106909575e+01
15057 2.187672251607715168e+02 8.926987026323114094e+01
15058 2.187571922049421573e+02 8.926823547462588238e+01
15059 2.187471596165247831e+02 8.926660159442629094e+01
15060 2.187371273953083914e+02 8.926496862180674441e+01
15061 2.187270955410825479e+02 8.926333655594304162e+01
15062 2.187170640536365340e+02 8.926170539601223197e+01
15063 2.187070329327601996e+02 8.926007514119299913e+01
15064 2.186970021782433662e+02 8.925844579066507833e+01
15065 2.186869717898763952e+02 8.925681734360983910e+01
15066 2.186769417674492502e+02 8.925518979920995832e+01
15067 2.186669121107526905e+02 8.925356315664937767e+01
15068 2.186568828195773619e+02 8.925193741511344570e+01
15069 2.186468538937141091e+02 8.925031257378894622e+01
15070 2.186368253329540323e+02 8.924868863186388523e+01
15071 2.186267971370884879e+02 8.924706558852776084e+01
15072 2.186167693059088606e+02 8.924544344297125065e+01
15073 2.186067418392067623e+02 8.924382219438653863e+01
15074 2.185967147367742314e+02 8.924220184196704508e+01
15075 2.185866879984031925e+02 8.924058238490756878e+01
15076 2.185766616238859683e+02 8.923896382240417324e+01
15077 2.185666356130148813e+02 8.923734615365437151e+01
15078 2.185566099655826235e+02 8.923572937785687031e+01
15079 2.185465846813820860e+02 8.923411349421171224e+01
15080 2.185365597602061314e+02 8.923249850192040356e+01
15081 2.185265352018481337e+02 8.923088440018554479e+01
15082 2.185165110061012683e+02 8.922927118821118597e+01
15083 2.185064871727592788e+02 8.922765886520271295e+01
15084 2.184964637016158804e+02 8.922604743036662001e+01
15085 2.184864405924649304e+02 8.922443688291096464e+01
15086 2.184764178451007979e+02 8.922282722204487015e+01
15087 2.184663954593175959e+02 8.922121844697888093e+01
15088 2.184563734349099775e+02 8.921961055692474929e+01
15089 2.184463517716726244e+02 8.921800355109559177e+01
15090 2.184363304694004171e+02 8.921639742870571865e+01
15091 2.184263095278883782e+02 8.921479218897087549e+01
15092 2.184162889469318714e+02 8.921318783110777417e+01
15093 2.184062687263262887e+02 8.921158435433478928e+01
15094 2.183962488658673351e+02 8.920998175787120488e+01
15095 2.183862293653508289e+02 8.920838004093783979e+01
15096 2.183762102245727874e+02 8.920677920275659289e+01
15097 2.183661914433293134e+02 8.920517924255069886e+01
15098 2.183561730214169074e+02 8.920358015954462871e+01
15099 2.183461549586320984e+02 8.920198195296406141e+01
15100 2.183361372547716996e+02 8.920038462203605434e+01
15101 2.183261199096324958e+02 8.919878816598877336e+01
15102 2.183161029230117549e+02 8.919719258405164908e+01
15103 2.183060862947067733e+02 8.919559787545534846e+01
15104 2.182960700245149042e+02 8.919400403943186006e+01
15105 2.182860541122339555e+02 8.919241107521425249e+01
15106 2.182760385576617921e+02 8.919081898203690173e+01
15107 2.182660233605963356e+02 8.918922775913546275e+01
15108 2.182560085208358487e+02 8.918763740574668475e+01
15109 2.182459940381788499e+02 8.918604792110858170e+01
15110 2.182359799124237441e+02 8.918445930446044656e+01
15111 2.182259661433693907e+02 8.918287155504273755e+01
15112 2.182159527308147347e+02 8.918128467209704979e+01
15113 2.182059396745589197e+02 8.917969865486622894e+01
15114 2.181959269744011181e+02 8.917811350259442804e+01
15115 2.181859146301409851e+02 8.917652921452680914e+01
15116 2.181759026415781477e+02 8.917494578990988430e+01
15117 2.181658910085123182e+02 8.917336322799117454e+01
15118 2.181558797307436066e+02 8.917178152801960778e+01
15119 2.181458688080723505e+02 8.917020068924516352e+01
15120 2.181358582402987452e+02 8.916862071091904340e+01
15121 2.181258480272234124e+02 8.916704159229354332e+01
15122 2.181158381686471159e+02 8.916546333262229496e+01
15123 2.181058286643706765e+02 8.916388593115989636e+01
15124 2.180958195141953126e+02 8.916230938716230980e+01
15125 2.180858107179221292e+02 8.916073369988650654e+01
15126 2.180758022753529133e+02 8.915915886859076522e+01
15127 2.180657941862888549e+02 8.915758489253438768e+01
15128 2.180557864505320538e+02 8.915601177097792629e+01
15129 2.180457790678843253e+02 8.915443950318294242e+01
15130 2.180357720381479680e+02 8.915286808841239008e+01
15131 2.180257653611251953e+02 8.915129752593017542e+01
15132 2.180157590366185616e+02 8.914972781500135568e+01
15133 2.180057530644306212e+02 8.914815895489226705e+01
15134 2.179957474443643832e+02 8.914659094487021207e+01
15135 2.179857421762228853e+02 8.914502378420375805e+01
15136 2.179757372598092502e+02 8.914345747216253812e+01
15137 2.179657326949268565e+02 8.914189200801726543e+01
15138 2.179557284813792535e+02 8.914032739103991787e+01
15139 2.179457246189701323e+02 8.913876362050345392e+01
15140 2.179357211075034968e+02 8.913720069568208260e+01
15141 2.179257179467833225e+02 8.913563861585102188e+01
15142 2.179157151366139260e+02 8.913407738028662664e+01
15143 2.179057126767995953e+02 8.913251698826643121e+01
15144 2.178957105671450165e+02 8.913095743906893631e+01
15145 2.178857088074549608e+02 8.912939873197392160e+01
15146 2.178757073975342848e+02 8.912784086626216151e+01
15147 2.178657063371881293e+02 8.912628384121545366e+01
15148 2.178557056262218339e+02 8.912472765611688885e+01
15149 2.178457052644406247e+02 8.912317231025056685e+01
15150 2.178357052516504098e+02 8.912161780290149693e+01
15151 2.178257055876567279e+02 8.912006413335612365e+01
15152 2.178157062722656292e+02 8.911851130090170159e+01
15153 2.178057073052831640e+02 8.911695930482666483e+01
15154 2.177957086865157521e+02 8.911540814442047065e+01
15155 2.177857104157697847e+02 8.911385781897374159e+01
15156 2.177757124928518806e+02 8.911230832777813760e+01
15157 2.177657149175688573e+02 8.911075967012637022e+01
15158 2.177557176897277316e+02 8.910921184531215999e+01
15159 2.177457208091354914e+02 8.910766485263050640e+01
15160 2.177357242755995514e+02 8.910611869137716212e+01
15161 2.177257280889274398e+02 8.910457336084921565e+01
15162 2.177157322489265994e+02 8.910302886034459391e+01
15163 2.177057367554049279e+02 8.910148518916248861e+01
15164 2.176957416081705503e+02 8.909994234660295831e+01
15165 2.176857468070313928e+02 8.909840033196719844e+01
15166 2.176757523517958646e+02 8.909685914455747024e+01
15167 2.176657582422723749e+02 8.909531878367701552e+01
15168 2.176557644782695888e+02 8.909377924863014186e+01
15169 2.176457710595963135e+02 8.909224053872219429e+01
15170 2.176357779860616120e+02 8.909070265325954097e+01
15171 2.176257852574744334e+02 8.908916559154967274e+01
15172 2.176157928736441818e+02 8.908762935290093310e+01
15173 2.176058008343803465e+02 8.908609393662284504e+01
15174 2.175958091394924736e+02 8.908455934202589788e+01
15175 2.175858177887903935e+02 8.908302556842157571e+01
15176 2.175758267820840217e+02 8.908149261512244266e+01
15177 2.175658361191835581e+02 8.907996048144202916e+01
15178 2.175558457998992594e+02 8.907842916669495992e+01
15179 2.175458558240415243e+02 8.907689867019668384e+01
15180 2.175358661914209506e+02 8.907536899126392882e+01
15181 2.175258769018483633e+02 8.907384012921414751e+01
15182 2.175158879551346729e+02 8.907231208336601469e+01
15183 2.175058993510910170e+02 8.907078485303911464e+01
15184 2.174959110895285619e+02 8.906925843755402639e+01
15185 2.174859231702587863e+02 8.906773283623233795e+01
15186 2.174759355930932827e+02 8.906620804839664629e+01
15187 2.174659483578437289e+02 8.906468407337045790e+01
15188 2.174559614643220868e+02 8.906316091047837347e+01
15189 2.174459749123404322e+02 8.906163855904593163e+01
15190 2.174359887017109827e+02 8.906011701839965156e+01
15191 2.174260028322460983e+02 8.905859628786707560e+01
15192 2.174160173037582524e+02 8.905707636677662720e+01
15193 2.174060321160602598e+02 8.905555725445775295e+01
15194 2.173960472689649066e+02 8.905403895024095107e+01
15195 2.173860627622853485e+02 8.905252145345757242e+01
15196 2.173760785958345707e+02 8.905100476344001947e+01
15197 2.173660947694260415e+02 8.904948887952163261e+01
15198 2.173561112828732860e+02 8.904797380103664750e+01
15199 2.173461281359898578e+02 8.904645952732046510e+01
15200 2.173361453285896516e+02 8.904494605770911164e+01
15201 2.173261628604865905e+02 8.904343339153986392e+01
15202 2.173161807314948248e+02 8.904192152815083716e+01
15203 2.173061989414287041e+02 8.904041046688114136e+01
15204 2.172962174901026344e+02 8.903890020707073916e+01
15205 2.172862363773311358e+02 8.903739074806064480e+01
15206 2.172762556029290124e+02 8.903588208919275360e+01
15207 2.172662751667113241e+02 8.903437422980994143e+01
15208 2.172562950684929319e+02 8.903286716925596522e+01
15209 2.172463153080892369e+02 8.903136090687560511e+01
15210 2.172363358853155262e+02 8.902985544201449386e+01
15211 2.172263567999874283e+02 8.902835077401925901e+01
15212 2.172163780519204863e+02 8.902684690223743758e+01
15213 2.172063996409306412e+02 8.902534382601743346e+01
15214 2.171964215668340330e+02 8.902384154470865951e+01
15215 2.171864438294465742e+02 8.902234005766143810e+01
15216 2.171764664285847743e+02 8.902083936422698685e+01
15217 2.171664893640649154e+02 8.901933946375744711e+01
15218 2.171565126357037911e+02 8.901784035560582709e+01
15219 2.171465362433183088e+02 8.901634203912614396e+01
15220 2.171365601867249495e+02 8.901484451367333861e+01
15221 2.171265844657412174e+02 8.901334777860306247e+01
15222 2.171166090801841619e+02 8.901185183327216066e+01
15223 2.171066340298713158e+02 8.901035667703814624e+01
15224 2.170966593146200410e+02 8.900886230925956966e+01
15225 2.170866849342481260e+02 8.900736872929580557e+01
15226 2.170767108885735013e+02 8.900587593650715235e+01
15227 2.170667371774139838e+02 8.900438393025494577e+01
15228 2.170567638005878450e+02 8.900289270990101897e+01
15229 2.170467907579134987e+02 8.900140227480859778e+01
15230 2.170368180492091312e+02 8.899991262434143380e+01
15231 2.170268456742935825e+02 8.899842375786433024e+01
15232 2.170168736329855790e+02 8.899693567474292877e+01
15233 2.170069019251039037e+02 8.899544837434372369e+01
15234 2.169969305504677095e+02 8.899396185603417564e+01
15235 2.169869595088962626e+02 8.899247611918251266e+01
15236 2.169769888002088294e+02 8.899099116315792912e+01
15237 2.169670184242249604e+02 8.898950698733045783e+01
15238 2.169570483807643200e+02 8.898802359107105531e+01
15239 2.169470786696467712e+02 8.898654097375147387e+01
15240 2.169371092906921490e+02 8.898505913474424744e+01
15241 2.169271402437207144e+02 8.898357807342303261e+01
15242 2.169171715285526432e+02 8.898209778916213963e+01
15243 2.169072031450083102e+02 8.898061828133680251e+01
15244 2.168972350929083177e+02 8.897913954932313629e+01
15245 2.168872673720734099e+02 8.897766159249806606e+01
15246 2.168772999823243879e+02 8.897618441023938374e+01
15247 2.168673329234822518e+02 8.897470800192581919e+01
15248 2.168573661953681722e+02 8.897323236693681281e+01
15249 2.168473997978035186e+02 8.897175750465275712e+01
15250 2.168374337306095470e+02 8.897028341445485466e+01
15251 2.168274679936080531e+02 8.896881009572511800e+01
15252 2.168175025866206056e+02 8.896733754784648340e+01
15253 2.168075375094693129e+02 8.896586577020264031e+01
15254 2.167975727619759141e+02 8.896439476217821607e+01
15255 2.167876083439628587e+02 8.896292452315853438e+01
15256 2.167776442552523406e+02 8.896145505252991370e+01
15257 2.167676804956667809e+02 8.895998634967936880e+01
15258 2.167577170650288565e+02 8.895851841399486659e+01
15259 2.167477539631614434e+02 8.895705124486508453e+01
15260 2.167377911898872185e+02 8.895558484167956692e+01
15261 2.167278287450294556e+02 8.895411920382876758e+01
15262 2.167178666284112296e+02 8.895265433070385086e+01
15263 2.167079048398558996e+02 8.895119022169679113e+01
15264 2.166979433791869099e+02 8.894972687620051488e+01
15265 2.166879822462280458e+02 8.894826429360863074e+01
15266 2.166780214408029224e+02 8.894680247331562839e+01
15267 2.166680609627355238e+02 8.894534141471680755e+01
15268 2.166581008118498914e+02 8.894388111720823531e+01
15269 2.166481409879702653e+02 8.894242158018683142e+01
15270 2.166381814909210277e+02 8.894096280305033986e+01
15271 2.166282223205266178e+02 8.893950478519725777e+01
15272 2.166182634766116450e+02 8.893804752602686392e+01
15273 2.166083049590009182e+02 8.893659102493930391e+01
15274 2.165983467675194163e+02 8.893513528133553336e+01
15275 2.165883889019921469e+02 8.893368029461724689e+01
15276 2.165784313622442312e+02 8.893222606418694909e+01
15277 2.165684741481012736e+02 8.893077258944796881e+01
15278 2.165585172593884522e+02 8.892931986980434544e+01
15279 2.165485606959317408e+02 8.892786790466105629e+01
15280 2.165386044575566018e+02 8.892641669342370392e+01
15281 2.165286485440890658e+02 8.892496623549878620e+01
15282 2.165186929553553057e+02 8.892351653029346892e+01
15283 2.165087376911812669e+02 8.892206757721596944e+01
15284 2.164987827513935201e+02 8.892061937567491725e+01
15285 2.164888281358185225e+02 8.891917192507992240e+01
15286 2.164788738442827025e+02 8.891772522484143337e+01
15287 2.164689198766130573e+02 8.891627927437050971e+01
15288 2.164589662326362713e+02 8.891483407307913467e+01
15289 2.164490129121795121e+02 8.891338962037990257e+01
15290 2.164390599150700609e+02 8.891194591568630301e+01
15291 2.164291072411349433e+02 8.891050295841257878e+01
15292 2.164191548902018667e+02 8.890906074797366898e+01
15293 2.164092028620983115e+02 8.890761928378539380e+01
15294 2.163992511566521557e+02 8.890617856526421292e+01
15295 2.163892997736910502e+02 8.890473859182738181e+01
15296 2.163793487130431572e+02 8.890329936289300861e+01
15297 2.163693979745366107e+02 8.890186087787978408e+01
15298 2.163594475579996299e+02 8.890042313620728009e+01
15299 2.163494974632607750e+02 8.889898613729585009e+01
15300 2.163395478140807313e+02 8.889524212902368561e+01
15301 2.163295990135200952e+02 8.889140281186077175e+01
15302 2.163196510721948869e+02 8.888756559169839022e+01
15303 2.163097039895987734e+02 8.888373046665128641e+01
15304 2.162997577652259338e+02 8.887989743483788629e+01
15305 2.162898123985710015e+02 8.887606649438006912e+01
15306 2.162798678891290081e+02 8.887223764340329524e+01
15307 2.162699242363955818e+02 8.886841088003669142e+01
15308 2.162599814398668059e+02 8.886458620241279505e+01
15309 2.162500394990391328e+02 8.886076360866773882e+01
15310 2.162400984134097257e+02 8.885694309694113713e+01
15311 2.162301581824759182e+02 8.885312466537618548e+01
15312 2.162202188057358114e+02 8.884930831211943314e+01
15313 2.162102802826878474e+02 8.884549403532119527e+01
15314 2.162003426128307808e+02 8.884168183313485656e+01
15315 2.161904057956642475e+02 8.883787170371763864e+01
15316 2.161804698306878265e+02 8.883406364523004584e+01
15317 2.161705347174020631e+02 8.883025765583609257e+01
15318 2.161606004553077014e+02 8.882645373370317543e+01
15319 2.161506670439060258e+02 8.882265187700210163e+01
15320 2.161407344826986900e+02 8.881885208390720265e+01
15321 2.161308027711881152e+02 8.881505435259607850e+01
15322 2.161208719088766372e+02 8.881125868124978240e+01
15323 2.161109418952676720e+02 8.880746506805280660e+01
15324 2.161010127298647490e+02 8.880367351119289765e+01
15325 2.160910844121719663e+02 8.879988400886135480e+01
15326 2.160811569416937346e+02 8.879609655925260370e+01
15327 2.160712303179351181e+02 8.879231116056455164e+01
15328 2.160613045404016646e+02 8.878852781099847391e+01
15329 2.160513796085990919e+02 8.878474650875880059e+01
15330 2.160414555220340276e+02 8.878096725205351447e+01
15331 2.160315322802131561e+02 8.877719003909365370e+01
15332 2.160216098826437303e+02 8.877341486809373805e+01
15333 2.160116883288335430e+02 8.876964173727142793e+01
15334 2.160017676182908133e+02 8.876587064484785117e+01
15335 2.159918477505242720e+02 8.876210158904724778e+01
15336 2.159819287250429056e+02 8.875833456809702682e+01
15337 2.159720105413563260e+02 8.875456958022803633e+01
15338 2.159620931989745998e+02 8.875080662367439288e+01
15339 2.159521766974081345e+02 8.874704569667314047e+01
15340 2.159422610361679631e+02 8.874328679746490423e+01
15341 2.159323462147653743e+02 8.873952992429330777e+01
15342 2.159224322327122820e+02 8.873577507540504428e+01
15343 2.159125190895207425e+02 8.873202224905034541e+01
15344 2.159026067847037780e+02 8.872827144348237027e+01
15345 2.158926953177743826e+02 8.872452265695750384e+01
15346 2.158827846882462609e+02 8.872077588773532852e+01
15347 2.158728748956333732e+02 8.871703113407845365e+01
15348 2.158629659394503051e+02 8.871328839425281387e+01
15349 2.158530578192119833e+02 8.870954766652728551e+01
15350 2.158431505344338461e+02 8.870580894917409864e+01
15351 2.158332440846316729e+02 8.870207224046833971e+01
15352 2.158233384693218113e+02 8.869833753868832105e+01
15353 2.158134336880209219e+02 8.869460484211550977e+01
15354 2.158035297402462049e+02 8.869087414903432887e+01
15355 2.157936266255152589e+02 8.868714545773238456e+01
15356 2.157837243433461651e+02 8.868341876650033839e+01
15357 2.157738228932572326e+02 8.867969407363172252e+01
15358 2.157639222747675660e+02 8.867597137742346547e+01
15359 2.157540224873964689e+02 8.867225067617528111e+01
15360 2.157441235306636429e+02 8.866853196818992444e+01
15361 2.157342254040894147e+02 8.866481525177320577e+01
15362 2.157243281071944239e+02 8.866110052523407603e+01
15363 2.157144316394997645e+02 8.865738778688429989e+01
15364 2.157045360005268435e+02 8.865367703503866892e+01
15365 2.156946411897978066e+02 8.864996826801520058e+01
15366 2.156847472068349134e+02 8.864626148413444184e+01
15367 2.156748540511610202e+02 8.864255668172033609e+01
15368 2.156649617222993527e+02 8.863885385909948411e+01
15369 2.156550702197736200e+02 8.863515301460178364e+01
15370 2.156451795431078153e+02 8.863145414655960508e+01
15371 2.156352896918265571e+02 8.862775725330862997e+01
15372 2.156254006654548334e+02 8.862406233318739623e+01
15373 2.156155124635179448e+02 8.862036938453721291e+01
15374 2.156056250855417318e+02 8.861667840570241594e+01
15375 2.155957385310524899e+02 8.861298939503021188e+01
15376 2.155858527995767417e+02 8.860930235087064943e+01
15377 2.155759678906416639e+02 8.860561727157681844e+01
15378 2.155660838037748022e+02 8.860193415550446616e+01
15379 2.155562005385039015e+02 8.859825300101235257e+01
15380 2.155463180943575026e+02 8.859457380646212243e+01
15381 2.155364364708641745e+02 8.859089657021800690e+01
15382 2.155265556675531968e+02 8.858722129064747719e+01
15383 2.155166756839541051e+02 8.858354796612053406e+01
15384 2.155067965195971169e+02 8.857987659501010569e+01
15385 2.154969181740124213e+02 8.857620717569194824e+01
15386 2.154870406467309465e+02 8.857253970654460318e+01
15387 2.154771639372839616e+02 8.856887418594941153e+01
15388 2.154672880452032473e+02 8.856521061229051384e+01
15389 2.154574129700207266e+02 8.856154898395479336e+01
15390 2.154475387112690328e+02 8.855788929933198972e+01
15391 2.154376652684810267e+02 8.855423155681458525e+01
15392 2.154277926411900523e+02 8.855057575479769127e+01
15393 2.154179208289298515e+02 8.854692189167936078e+01
15394 2.154080498312345355e+02 8.854326996586027576e+01
15395 2.153981796476387274e+02 8.853961997574393195e+01
15396 2.153883102776774479e+02 8.853597191973648250e+01
15397 2.153784417208860020e+02 8.853232579624675225e+01
15398 2.153685739768001213e+02 8.852868160368642236e+01
15399 2.153587070449561622e+02 8.852503934046980305e+01
15400 2.153488409248905384e+02 8.852139900501383352e+01
15401 2.153389756161404023e+02 8.851776059573822408e+01
15402 2.153291111182431337e+02 8.851412411106541356e+01
15403 2.153192474307365956e+02 8.851048954942038449e+01
15404 2.153093845531588215e+02 8.850685690923077686e+01
15405 2.152995224850486977e+02 8.850322618892710125e+01
15406 2.152896612259450535e+02 8.849959738694225564e+01
15407 2.152798007753873719e+02 8.849597050171198021e+01
15408 2.152699411329155339e+02 8.849234553167450201e+01
15409 2.152600822980697330e+02 8.848872247527073398e+01
15410 2.152502242703905608e+02 8.848510133094416119e+01
15411 2.152403670494190919e+02 8.848148209714103984e+01
15412 2.152305106346967420e+02 8.847786477231011304e+01
15413 2.152206550257653817e+02 8.847424935490259656e+01
15414 2.152108002221671086e+02 8.847063584337250575e+01
15415 2.152009462234446460e+02 8.846702423617634281e+01
15416 2.151910930291410011e+02 8.846341453177328162e+01
15417 2.151812406387995225e+02 8.845980672862472716e+01
15418 2.151713890519640415e+02 8.845620082519504024e+01
15419 2.151615382681789015e+02 8.845259681995112544e+01
15420 2.151516882869883887e+02 8.844899471136207580e+01
15421 2.151418391079377841e+02 8.844539449789979813e+01
15422 2.151319907305722268e+02 8.844179617803867188e+01
15423 2.151221431544376230e+02 8.843819975025557767e+01
15424 2.151122963790801634e+02 8.843460521303005351e+01
15425 2.151024504040462375e+02 8.843101256484382588e+01
15426 2.150926052288828600e+02 8.842742180418137821e+01
15427 2.150827608531373869e+02 8.842383292952969498e+01
15428 2.150729172763575434e+02 8.842024593937806287e+01
15429 2.150630744980913391e+02 8.841666083221849703e+01
15430 2.150532325178872668e+02 8.841307760654521530e+01
15431 2.150433913352942739e+02 8.840949626085514979e+01
15432 2.150335509498616489e+02 8.840591679364749211e+01
15433 2.150237113611387940e+02 8.840233920342397766e+01
15434 2.150138725686760210e+02 8.839876348868885714e+01
15435 2.150040345720236132e+02 8.839518964794865497e+01
15436 2.149941973707324223e+02 8.839161767971251038e+01
15437 2.149843609643534705e+02 8.838804758249166582e+01
15438 2.149745253524383770e+02 8.838447935480024853e+01
15439 2.149646905345392440e+02 8.838091299515448895e+01
15440 2.149548565102081739e+02 8.837734850207300497e+01
15441 2.149450232789980362e+02 8.837378587407690134e+01
15442 2.149351908404616722e+02 8.837022510968971289e+01
15443 2.149253591941527759e+02 8.836666620743729084e+01
15444 2.149155283396251264e+02 8.836310916584788799e+01
15445 2.149056982764328723e+02 8.835955398345207357e+01
15446 2.148958690041306454e+02 8.835600065878281839e+01
15447 2.148860405222733334e+02 8.835244919037543809e+01
15448 2.148762128304163639e+02 8.834889957676763572e+01
15449 2.148663859281153350e+02 8.834535181649945912e+01
15450 2.148565598149265554e+02 8.834180590811322986e+01
15451 2.148467344904062202e+02 8.833826185015360011e+01
15452 2.148369099541113769e+02 8.833471964116768049e+01
15453 2.148270862055991302e+02 8.833117927970469907e+01
15454 2.148172632444270391e+02 8.832764076431635658e+01
15455 2.148074410701530894e+02 8.832410409355648540e+01
15456 2.147976196823356645e+02 8.832056926598141899e+01
15457 2.147877990805333184e+02 8.831703628014966512e+01
15458 2.147779792643052872e+02 8.831350513462201945e+01
15459 2.147681602332109208e+02 8.830997582796157985e+01
15460 2.147583419868099384e+02 8.830644835873374632e+01
15461 2.147485245246625141e+02 8.830292272550603627e+01
15462 2.147387078463293335e+02 8.829939892684838298e+01
15463 2.147288919513711960e+02 8.829587696133296504e+01
15464 2.147190768393493272e+02 8.829235682753413528e+01
15465 2.147092625098254643e+02 8.828883852402852028e+01
15466 2.146994489623615721e+02 8.828532204939496353e+01
15467 2.146896361965199276e+02 8.828180740221453959e+01
15468 2.146798242118633766e+02 8.827829458107056837e+01
15469 2.146700130079549069e+02 8.827478358454857243e+01
15470 2.146602025843579611e+02 8.827127441123620599e+01
15471 2.146503929406365216e+02 8.826776705972355330e+01
15472 2.146405840763545996e+02 8.826426152860265972e+01
15473 2.146307759910767743e+02 8.826075781646773066e+01
15474 2.146209686843680231e+02 8.825725592191545843e+01
15475 2.146111621557934086e+02 8.825375584354435432e+01
15476 2.146013564049187039e+02 8.825025757995543074e+01
15477 2.145915514313099095e+02 8.824676112975159015e+01
15478 2.145817472345332533e+02 8.824326649153807978e+01
15479 2.145719438141554463e+02 8.823977366392215060e+01
15480 2.145621411697435690e+02 8.823628264551336997e+01
15481 2.145523393008650146e+02 8.823279343492332316e+01
15482 2.145425382070876879e+02 8.822930603076575551e+01
15483 2.145327378879794082e+02 8.822582043165654397e+01
15484 2.145229383431087911e+02 8.822233663621381083e+01
15485 2.145131395720447927e+02 8.821885464305756841e+01
15486 2.145033415743563410e+02 8.821537445081008855e+01
15487 2.144935443496132450e+02 8.821189605809574630e+01
15488 2.144837478973851717e+02 8.820841946354099150e+01
15489 2.144739522172424415e+02 8.820494466577439141e+01
15490 2.144641573087556026e+02 8.820147166342660228e+01
15491 2.144543631714956291e+02 8.819800045513028408e+01
15492 2.144445698050338649e+02 8.819453103952025685e+01
15493 2.144347772089419379e+02 8.819106341523344383e+01
15494 2.144249853827917320e+02 8.818759758090878620e+01
15495 2.144151943261556710e+02 8.818413353518722886e+01
15496 2.144054040386064628e+02 8.818067127671184835e+01
15497 2.143956145197170144e+02 8.817721080412779600e+01
15498 2.143858257690608866e+02 8.817375211608219843e+01
15499 2.143760377862116684e+02 8.817029521122418600e+01
15500 2.143662505707435741e+02 8.816684008820516283e+01
15501 2.143564641222308751e+02 8.816338674567818146e+01
15502 2.143466784402484393e+02 8.815993518229866766e+01
15503 2.143368935243713622e+02 8.815648539672379513e+01
15504 2.143271093741751088e+02 8.815303738761296870e+01
15505 2.143173259892354281e+02 8.814959115362745479e+01
15506 2.143075433691285525e+02 8.814614669343058040e+01
15507 2.142977615134308564e+02 8.814270400568757680e+01
15508 2.142879804217191975e+02 8.813926308906584950e+01
15509 2.142782000935708595e+02 8.813582394223455196e+01
15510 2.142684205285632686e+02 8.813238656386505454e+01
15511 2.142586417262741918e+02 8.812895095263056078e+01
15512 2.142488636862820215e+02 8.812551710720627796e+01
15513 2.142390864081651500e+02 8.812208502626931761e+01
15514 2.142293098915024530e+02 8.811865470849880921e+01
15515 2.142195341358732605e+02 8.811522615257585755e+01
15516 2.142097591408569599e+02 8.811179935718342904e+01
15517 2.141999849060334782e+02 8.810837432100650801e+01
15518 2.141902114309831404e+02 8.810495104273205413e+01
15519 2.141804387152864706e+02 8.810152952104878921e+01
15520 2.141706667585241632e+02 8.809810975464752403e+01
15521 2.141608955602777655e+02 8.809469174222091681e+01
15522 2.141511251201286825e+02 8.809127548246351580e+01
15523 2.141413554376588593e+02 8.808786097407194404e+01
15524 2.141315865124504683e+02 8.808444821574437356e+01
15525 2.141218183440860798e+02 8.808103720618134957e+01
15526 2.141120509321487475e+02 8.807762794408496632e+01
15527 2.141022842762214964e+02 8.807422042815932173e+01
15528 2.140925183758880621e+02 8.807081465711030432e+01
15529 2.140827532307322372e+02 8.806741062964593425e+01
15530 2.140729888403382972e+02 8.806400834447580905e+01
15531 2.140632252042908874e+02 8.806060780031157265e+01
15532 2.140534623221747665e+02 8.805720899586667372e+01
15533 2.140437001935751766e+02 8.805381192985640837e+01
15534 2.140339388180777860e+02 8.805041660099803380e+01
15535 2.140241781952682629e+02 8.804702300801044146e+01
15536 2.140144183247331000e+02 8.804363114961465442e+01
15537 2.140046592060585908e+02 8.804024102453328737e+01
15538 2.139949008388316827e+02 8.803685263149088769e+01
15539 2.139851432226396355e+02 8.803346596921389278e+01
15540 2.139753863570698798e+02 8.803008103643041693e+01
15541 2.139656302417103007e+02 8.802669783187050712e+01
15542 2.139558748761489824e+02 8.802331635426608614e+01
15543 2.139461202599746059e+02 8.801993660235071104e+01
15544 2.139363663927758523e+02 8.801655857485987156e+01
15545 2.139266132741418289e+02 8.801318227053079113e+01
15546 2.139168609036621547e+02 8.800980768810258326e+01
15547 2.139071092809264485e+02 8.800643482631593884e+01
15548 2.138973584055250967e+02 8.800306368391370881e+01
15549 2.138876082770481730e+02 8.799969425964012260e+01
15550 2.138778588950866890e+02 8.799632655224148436e+01
15551 2.138681102592315995e+02 8.799296056046568992e+01
15552 2.138583623690742854e+02 8.798959628306245406e+01
15553 2.138486152242066396e+02 8.798623371878343846e+01
15554 2.138388688242206399e+02 8.798287286638164062e+01
15555 2.138291231687085201e+02 8.797951372461224651e+01
15556 2.138193782572631676e+02 8.797615629223193423e+01
15557 2.138096340894773562e+02 8.797280056799922932e+01
15558 2.137998906649444848e+02 8.796944655067444785e+01
15559 2.137901479832583220e+02 8.796609423901948333e+01
15560 2.137804060440126648e+02 8.796274363179803402e+01
15561 2.137706648468018500e+02 8.795939472777550350e+01
15562 2.137609243912202999e+02 8.795604752571919960e+01
15563 2.137511846768632040e+02 8.795270202439786544e+01
15564 2.137414457033256099e+02 8.794935822258223368e+01
15565 2.137317074702031050e+02 8.794601611904437277e+01
15566 2.137219699770913905e+02 8.794267571255846860e+01
15567 2.137122332235868498e+02 8.793933700190018499e+01
15568 2.137024972092858093e+02 8.793599998584693367e+01
15569 2.136927619337850786e+02 8.793266466317771801e+01
15570 2.136830273966818368e+02 8.792933103267341721e+01
15571 2.136732935975733483e+02 8.792599909311648787e+01
15572 2.136635605360575028e+02 8.792266884329096399e+01
15573 2.136538282117321899e+02 8.791934028198269857e+01
15574 2.136440966241958961e+02 8.791601340797927833e+01
15575 2.136343657730472785e+02 8.791268822006971106e+01
15576 2.136246356578851362e+02 8.790936471704492305e+01
15577 2.136149062783088937e+02 8.790604289769723323e+01
15578 2.136051776339181458e+02 8.790272276082090741e+01
15579 2.135954497243126866e+02 8.789940430521154724e+01
15580 2.135857225490928215e+02 8.789608752966664440e+01
15581 2.135759961078589981e+02 8.789277243298528219e+01
15582 2.135662704002120620e+02 8.788945901396805027e+01
15583 2.135565454257531712e+02 8.788614727141730043e+01
15584 2.135468211840838251e+02 8.788283720413703293e+01
15585 2.135370976748055796e+02 8.787952881093268331e+01
15586 2.135273748975206729e+02 8.787622209061147771e+01
15587 2.135176528518312864e+02 8.787291704198224807e+01
15588 2.135079315373402267e+02 8.786961366385540373e+01
15589 2.134982109536504709e+02 8.786631195504287462e+01
15590 2.134884911003651382e+02 8.786301191435829594e+01
15591 2.134787719770878880e+02 8.785971354061686611e+01
15592 2.134690535834226353e+02 8.785641683263547463e+01
15593 2.134593359189735509e+02 8.785312178923240367e+01
15594 2.134496189833450046e+02 8.784982840922765490e+01
15595 2.134399027761418779e+02 8.784653669144280741e+01
15596 2.134301872969693079e+02 8.784324663470098926e+01
15597 2.134204725454326308e+02 8.783995823782686330e+01
15598 2.134107585211374669e+02 8.783667149964676923e+01
15599 2.134010452236899198e+02 8.783338641898848209e+01
15600 2.133913326526961782e+02 8.783010299468149640e+01
15601 2.133816208077629142e+02 8.782682122555671356e+01
15602 2.133719096884970270e+02 8.782354111044664080e+01
15603 2.133621992945056718e+02 8.782026264818533434e+01
15604 2.133524896253962879e+02 8.781698583760838517e+01
15605 2.133427806807767411e+02 8.781371067755304693e+01
15606 2.133330724602550674e+02 8.781043716685789491e+01
15607 2.133233649634397011e+02 8.780716530436313860e+01
15608 2.133136581899393036e+02 8.780389508891067862e+01
15609 2.133039521393628206e+02 8.780062651934365192e+01
15610 2.132942468113195105e+02 8.779735959450684391e+01
15611 2.132845422054190010e+02 8.779409431324664581e+01
15612 2.132748383212710621e+02 8.779083067441092680e+01
15613 2.132651351584860322e+02 8.778756867684894871e+01
15614 2.132554327166741928e+02 8.778430831941156498e+01
15615 2.132457309954463369e+02 8.778104960095117804e+01
15616 2.132360299944134852e+02 8.777779252032158297e+01
15617 2.132263297131870559e+02 8.777453707637813807e+01
15618 2.132166301513786379e+02 8.777128326797773639e+01
15619 2.132069313086001046e+02 8.776803109397866365e+01
15620 2.131972331844638120e+02 8.776478055324076877e+01
15621 2.131875357785820597e+02 8.776153164462520806e+01
15622 2.131778390905677725e+02 8.775828436699494262e+01
15623 2.131681431200340455e+02 8.775503871921414145e+01
15624 2.131584478665942584e+02 8.775179470014842309e+01
15625 2.131487533298619894e+02 8.774855230866511135e+01
15626 2.131390595094513287e+02 8.774531154363278063e+01
15627 2.131293664049764232e+02 8.774207240392151164e+01
15628 2.131196740160518175e+02 8.773883488840291989e+01
15629 2.131099823422924544e+02 8.773559899594992828e+01
15630 2.131002913833132766e+02 8.773236472543703712e+01
15631 2.130906011387298236e+02 8.772913207574015360e+01
15632 2.130809116081578054e+02 8.772590104573657754e+01
15633 2.130712227912131027e+02 8.772267163430511516e+01
15634 2.130615346875120224e+02 8.771944384032597952e+01
15635 2.130518472966711272e+02 8.771621766268084741e+01
15636 2.130421606183072925e+02 8.771299310025266038e+01
15637 2.130324746520375641e+02 8.770977015192599424e+01
15638 2.130227893974793858e+02 8.770654881658678903e+01
15639 2.130131048542504857e+02 8.770332909312233483e+01
15640 2.130034210219688191e+02 8.770011098042131437e+01
15641 2.129937379002527109e+02 8.769689447737388832e+01
15642 2.129840554887206281e+02 8.769367958287168108e+01
15643 2.129743737869914639e+02 8.769046629580763863e+01
15644 2.129646927946842823e+02 8.768725461507598595e+01
15645 2.129550125114185164e+02 8.768404453957256806e+01
15646 2.129453329368138270e+02 8.768083606819455156e+01
15647 2.129356540704903011e+02 8.767762919984036785e+01
15648 2.129259759120679973e+02 8.767442393341002571e+01
15649 2.129162984611675711e+02 8.767122026780474187e+01
15650 2.129066217174098199e+02 8.766801820192719674e+01
15651 2.128969456804157687e+02 8.766481773468152028e+01
15652 2.128872703498069257e+02 8.766161886497300770e+01
15653 2.128775957252047704e+02 8.765842159170853165e+01
15654 2.128679218062313794e+02 8.765522591379620110e+01
15655 2.128582485925088861e+02 8.765203183014551769e+01
15656 2.128485760836597080e+02 8.764883933966737573e+01
15657 2.128389042793068313e+02 8.764564844127397691e+01
15658 2.128292331790731566e+02 8.764245913387890141e+01
15659 2.128195627825820964e+02 8.763927141639712204e+01
15660 2.128098930894571197e+02 8.763608528774487638e+01
15661 2.128002240993222074e+02 8.763290074683970943e+01
15662 2.127905558118015392e+02 8.762971779260068672e+01
15663 2.127808882265194654e+02 8.762653642394802489e+01
15664 2.127712213431007626e+02 8.762335663980333322e+01
15665 2.127615551611703211e+02 8.762017843908957104e+01
15666 2.127518896803535142e+02 8.761700182073099086e+01
15667 2.127422249002759145e+02 8.761382678365319521e+01
15668 2.127325608205631511e+02 8.761065332678310824e+01
15669 2.127228974408415070e+02 8.760748144904900414e+01
15670 2.127132347607372367e+02 8.760431114938033659e+01
15671 2.127035727798769642e+02 8.760114242670799456e+01
15672 2.126939114978876546e+02 8.759797527996413180e+01
15673 2.126842509143965572e+02 8.759480970808223788e+01
15674 2.126745910290309780e+02 8.759164570999702448e+01
15675 2.126649318414186496e+02 8.758848328464459598e+01
15676 2.126552733511877022e+02 8.758532243096229308e+01
15677 2.126456155579663516e+02 8.758216314788873547e+01
15678 2.126359584613831260e+02 8.757900543436389285e+01
15679 2.126263020610667525e+02 8.757584928932888602e+01
15680 2.126166463566465268e+02 8.757269471172635633e+01
15681 2.126069913477516025e+02 8.756954170050003938e+01
15682 2.125973370340117299e+02 8.756639025459489289e+01
15683 2.125876834150567163e+02 8.756324037295730989e+01
15684 2.125780304905167668e+02 8.756009205453489130e+01
15685 2.125683782600223708e+02 8.755694529827655970e+01
15686 2.125587267232041597e+02 8.755380010313234607e+01
15687 2.125490758796931630e+02 8.755065646805367408e+01
15688 2.125394257291204951e+02 8.754751439199314689e+01
15689 2.125297762711178109e+02 8.754437387390476033e+01
15690 2.125201275053168786e+02 8.754123491274360447e+01
15691 2.125104794313496086e+02 8.753809750746600571e+01
15692 2.125008320488484799e+02 8.753496165702976839e+01
15693 2.124911853574458576e+02 8.753182736039363476e+01
15694 2.124815393567748458e+02 8.752869461651783922e+01
15695 2.124718940464683499e+02 8.752556342436368197e+01
15696 2.124622494261597581e+02 8.752243378289379905e+01
15697 2.124526054954827998e+02 8.751930569107202018e+01
15698 2.124429622540714035e+02 8.751617914786335461e+01
15699 2.124333197015596113e+02 8.751305415223416162e+01
15700 2.124236778375818631e+02 8.750993070315192313e+01
15701 2.124140366617730251e+02 8.750680879958534319e+01
15702 2.124043961737679069e+02 8.750368844050441908e+01
15703 2.123947563732017159e+02 8.750056962488029910e+01
15704 2.123851172597100572e+02 8.749745235168525426e+01
15705 2.123754788329286214e+02 8.749433661989299083e+01
15706 2.123658410924934117e+02 8.749122242847823827e+01
15707 2.123562040380406870e+02 8.748810977641699083e+01
15708 2.123465676692069906e+02 8.748499866268647907e+01
15709 2.123369319856291497e+02 8.748188908626495675e+01
15710 2.123272969869441624e+02 8.747878104613221240e+01
15711 2.123176626727895098e+02 8.747567454126883035e+01
15712 2.123080290428025307e+02 8.747256957065687288e+01
15713 2.122983960966212180e+02 8.746946613327936859e+01
15714 2.122887638338836496e+02 8.746636422812083822e+01
15715 2.122791322542280739e+02 8.746326385416668359e+01
15716 2.122695013572933362e+02 8.746016501040355706e+01
15717 2.122598711427181115e+02 8.745706769581936157e+01
15718 2.122502416101416145e+02 8.745397190940315113e+01
15719 2.122406127592032590e+02 8.745087765014514503e+01
15720 2.122309845895426861e+02 8.744778491703672785e+01
15721 2.122213571007997643e+02 8.744469370907036421e+01
15722 2.122117302926146749e+02 8.744160402523981190e+01
15723 2.122021041646278832e+02 8.743851586453988034e+01
15724 2.121924787164800250e+02 8.743542922596670053e+01
15725 2.121828539478120774e+02 8.743234410851734140e+01
15726 2.121732298582651879e+02 8.742926051119013664e+01
15727 2.121636064474808450e+02 8.742617843298454261e+01
15728 2.121539837151007362e+02 8.742309787290128043e+01
15729 2.121443616607668332e+02 8.742001882994202333e+01
15730 2.121347402841212784e+02 8.741694130310962407e+01
15731 2.121251195848066970e+02 8.741386529140825701e+01
15732 2.121154995624657147e+02 8.741079079384303441e+01
15733 2.121058802167413546e+02 8.740771780942021962e+01
15734 2.120962615472766970e+02 8.740464633714729814e+01
15735 2.120866435537154189e+02 8.740157637603284968e+01
15736 2.120770262357011688e+02 8.739850792508653399e+01
15737 2.120674095928780218e+02 8.739544098331919031e+01
15738 2.120577936248900812e+02 8.739237554974276634e+01
15739 2.120481783313819051e+02 8.738931162337027558e+01
15740 2.120385637119982505e+02 8.738624920321589684e+01
15741 2.120289497663841871e+02 8.738318828829493157e+01
15742 2.120193364941849268e+02 8.738012887762383230e+01
15743 2.120097238950459086e+02 8.737707097021997527e+01
15744 2.120001119686129130e+02 8.737401456510197306e+01
15745 2.119905007145320042e+02 8.737095966128966040e+01
15746 2.119808901324493604e+02 8.736790625780375308e+01
15747 2.119712802220115293e+02 8.736485435366617480e+01
15748 2.119616709828652574e+02 8.736180394789992931e+01
15749 2.119520624146575472e+02 8.735875503952912879e+01
15750 2.119424545170356851e+02 8.735570762757889440e+01
15751 2.119328472896471567e+02 8.735266171107561206e+01
15752 2.119232407321396749e+02 8.734961728904656297e+01
15753 2.119136348441612654e+02 8.734657436052012258e+01
15754 2.119040296253601525e+02 8.734353292452595952e+01
15755 2.118944250753848451e+02 8.734049298009456663e+01
15756 2.118848211938841075e+02 8.733745452625775840e+01
15757 2.118752179805069318e+02 8.733441756204815931e+01
15758 2.118656154349025371e+02 8.733138208649963019e+01
15759 2.118560135567203702e+02 8.732834809864704084e+01
15760 2.118464123456102186e+02 8.732531559752635530e+01
15761 2.118368118012220123e+02 8.732228458217466027e+01
15762 2.118272119232060220e+02 8.731925505162995194e+01
15763 2.118176127112126323e+02 8.731622700493147704e+01
15764 2.118080141648926542e+02 8.731320044111937761e+01
15765 2.117984162838969837e+02 8.731017535923484729e+01
15766 2.117888190678768012e+02 8.730715175832023078e+01
15767 2.117792225164835997e+02 8.730412963741906651e+01
15768 2.117696266293691281e+02 8.730110899557544712e+01
15769 2.117600314061852202e+02 8.729808983183508531e+01
15770 2.117504368465839946e+02 8.729507214524431902e+01
15771 2.117408429502180240e+02 8.729205593485077941e+01
15772 2.117312497167398533e+02 8.728904119970299291e+01
15773 2.117216571458025101e+02 8.728602793885060862e+01
15774 2.117120652370589369e+02 8.728301615134419933e+01
15775 2.117024739901627868e+02 8.728000583623557418e+01
15776 2.116928834047675139e+02 8.727699699257736654e+01
15777 2.116832934805270270e+02 8.727398961942327560e+01
15778 2.116737042170954908e+02 8.727098371582809477e+01
15779 2.116641156141271836e+02 8.726797928084762646e+01
15780 2.116545276712766679e+02 8.726497631353866780e+01
15781 2.116449403881989895e+02 8.726197481295902492e+01
15782 2.116353537645489951e+02 8.725897477816752712e+01
15783 2.116257677999821283e+02 8.725597620822409795e+01
15784 2.116161824941538612e+02 8.725297910218951358e+01
15785 2.116065978467200921e+02 8.724998345912572972e+01
15786 2.115970138573368047e+02 8.724698927809561155e+01
15787 2.115874305256601815e+02 8.724399655816297638e+01
15788 2.115778478513469167e+02 8.724100529839277840e+01
15789 2.115682658340536477e+02 8.723801549785099496e+01
15790 2.115586844734374381e+02 8.723502715560435661e+01
15791 2.115491037691554368e+02 8.723204027072081601e+01
15792 2.115395237208651338e+02 8.722905484226934902e+01
15793 2.115299443282242180e+02 8.722607086931965625e+01
15794 2.115203655908906626e+02 8.722308835094275992e+01
15795 2.115107875085226681e+02 8.722010728621046383e+01
15796 2.115012100807785203e+02 8.721712767419555234e+01
15797 2.114916333073170165e+02 8.721414951397193249e+01
15798 2.114820571877970110e+02 8.721117280461446342e+01
15799 2.114724817218775570e+02 8.720819754519877165e+01
15800 2.114629069092179918e+02 8.720522373480172007e+01
15801 2.114533327494779940e+02 8.720225137250109526e+01
15802 2.114437592423173555e+02 8.719928045737549382e+01
15803 2.114341863873962666e+02 8.719631098850469186e+01
15804 2.114246141843747182e+02 8.719334296496934655e+01
15805 2.114150426329135541e+02 8.719037638585106720e+01
15806 2.114054717326733339e+02 8.718741125023241523e+01
15807 2.113959014833151571e+02 8.718444755719698946e+01
15808 2.113863318845001800e+02 8.718148530582922717e+01
15809 2.113767629358899001e+02 8.717852449521473090e+01
15810 2.113671946371460990e+02 8.717556512443984218e+01
15811 2.113576269879305869e+02 8.717260719259198254e+01
15812 2.113480599879056001e+02 8.716965069875942618e+01
15813 2.113384936367334319e+02 8.716669564203159837e+01
15814 2.113289279340768587e+02 8.716374202149862072e+01
15815 2.113193628795986854e+02 8.716078983625176591e+01
15816 2.113097984729618872e+02 8.715783908538310243e+01
15817 2.113002347138299513e+02 8.715488976798575038e+01
15818 2.112906716018663076e+02 8.715194188315371093e+01
15819 2.112811091367347842e+02 8.714899542998193738e+01
15820 2.112715473180994650e+02 8.714605040756639198e+01
15821 2.112619861456244905e+02 8.714310681500379019e+01
15822 2.112524256189743141e+02 8.714016465139197010e+01
15823 2.112428657378137018e+02 8.713722391582965088e+01
15824 2.112333065018076468e+02 8.713428460741641857e+01
15825 2.112237479106212277e+02 8.713134672525289659e+01
15826 2.112141899639197788e+02 8.712841026844046155e+01
15827 2.112046326613690894e+02 8.712547523608162692e+01
15828 2.111950760026347780e+02 8.712254162727958828e+01
15829 2.111855199873830884e+02 8.711960944113873495e+01
15830 2.111759646152803498e+02 8.711667867676418098e+01
15831 2.111664098859929766e+02 8.711374933326194991e+01
15832 2.111568557991877810e+02 8.711082140973914534e+01
15833 2.111473023545317176e+02 8.710789490530362400e+01
15834 2.111377495516920533e+02 8.710496981906419478e+01
15835 2.111281973903362541e+02 8.710204615013056184e+01
15836 2.111186458701318429e+02 8.709912389761345253e+01
15837 2.111090949907468257e+02 8.709620306062436157e+01
15838 2.110995447518494359e+02 8.709328363827576425e+01
15839 2.110899951531077363e+02 8.709036562968090323e+01
15840 2.110804461941904435e+02 8.708744903395414383e+01
15841 2.110708978747664162e+02 8.708453385021059034e+01
15842 2.110613501945045698e+02 8.708162007756628498e+01
15843 2.110518031530742746e+02 8.707870771513816521e+01
15844 2.110422567501448157e+02 8.707579676204406383e+01
15845 2.110327109853860748e+02 8.707288721740265203e+01
15846 2.110231658584678485e+02 8.706997908033358158e+01
15847 2.110136213690603029e+02 8.706707234995738531e+01
15848 2.110040775168338598e+02 8.706416702539533503e+01
15849 2.109945343014590549e+02 8.706126310576983940e+01
15850 2.109849917226067078e+02 8.705836059020391815e+01
15851 2.109754497799478656e+02 8.705545947782165683e+01
15852 2.109659084731537746e+02 8.705255976774795101e+01
15853 2.109563678018959365e+02 8.704966145910853470e+01
15854 2.109468277658572788e+02 8.704675093870859826e+01
15855 2.109372884172902616e+02 8.704294997187000149e+01
15856 2.109277499017030948e+02 8.703915079074056393e+01
15857 2.109182122186680033e+02 8.703535339438089125e+01
15858 2.109086753677576667e+02 8.703155778185187330e+01
15859 2.108991393485448782e+02 8.702776395221560790e+01
15860 2.108896041606026870e+02 8.702397190453437759e+01
15861 2.108800698035046253e+02 8.702018163787143123e+01
15862 2.108705362768239695e+02 8.701639315129048668e+01
15863 2.108610035801349056e+02 8.701260644385608600e+01
15864 2.108514717130114207e+02 8.700882151463338232e+01
15865 2.108419406750278426e+02 8.700503836268813984e+01
15866 2.108324104657588975e+02 8.700125698708689015e+01
15867 2.108228810847794250e+02 8.699747738689670484e+01
15868 2.108133525316645205e+02 8.699369956118533764e+01
15869 2.108038248059897057e+02 8.698992350902138071e+01
15870 2.107942979073305025e+02 8.698614922947389516e+01
15871 2.107847718352629158e+02 8.698237672161259582e+01
15872 2.107752465893630642e+02 8.697860598450802172e+01
15873 2.107657221692073222e+02 8.697483701723112404e+01
15874 2.107561985743723767e+02 8.697106981885369237e+01
15875 2.107466758044352559e+02 8.696730438844818423e+01
15876 2.107371538589729028e+02 8.696354072508758293e+01
15877 2.107276327375629137e+02 8.695977882784551127e+01
15878 2.107181124397829990e+02 8.695601869579645893e+01
15879 2.107085929652110394e+02 8.695226032801544136e+01
15880 2.106990743134251716e+02 8.694850372357797141e+01
15881 2.106895564840038162e+02 8.694474888156040038e+01
15882 2.106800394765257352e+02 8.694099580103976166e+01
15883 2.106705232905699177e+02 8.693724448109350078e+01
15884 2.106610079257154950e+02 8.693349492079994434e+01
15885 2.106514933815418829e+02 8.692974711923791631e+01
15886 2.106419796576287808e+02 8.692600107548700805e+01
15887 2.106324667535562298e+02 8.692225678862736515e+01
15888 2.106229546689042991e+02 8.691851425773973006e+01
15889 2.106134434032535410e+02 8.691477348190561258e+01
15890 2.106039329561845932e+02 8.691103446020704837e+01
15891 2.105944233272784913e+02 8.690729719172684042e+01
15892 2.105849145161162994e+02 8.690356167554826072e+01
15893 2.105754065222795930e+02 8.689982791075534863e+01
15894 2.105658993453500614e+02 8.689609589643275456e+01
15895 2.105563929849095359e+02 8.689236563166568317e+01
15896 2.105468874405403881e+02 8.688863711554016334e+01
15897 2.105373827118249324e+02 8.688491034714250816e+01
15898 2.105278787983459665e+02 8.688118532556012497e+01
15899 2.105183756996863735e+02 8.687746204988067689e+01
15900 2.105088734154293491e+02 8.687374051919259443e+01
15901 2.104993719451583445e+02 8.687002073258494761e+01
15902 2.104898712884571239e+02 8.686630268914737485e+01
15903 2.104803714449095082e+02 8.686258638797038145e+01
15904 2.104708724140997447e+02 8.685887182814458640e+01
15905 2.104613741956123363e+02 8.685515900876180240e+01
15906 2.104518767890317861e+02 8.685144792891414056e+01
15907 2.104423801939432224e+02 8.684773858769436572e+01
15908 2.104328844099316882e+02 8.684403098419596745e+01
15909 2.104233894365827382e+02 8.684032511751303218e+01
15910 2.104138952734819554e+02 8.683662098674005847e+01
15911 2.104044019202152924e+02 8.683291859097252541e+01
15912 2.103949093763688438e+02 8.682921792930626737e+01
15913 2.103854176415290453e+02 8.682551900083782925e+01
15914 2.103759267152825885e+02 8.682182180466433863e+01
15915 2.103664365972164774e+02 8.681812633988357675e+01
15916 2.103569472869175740e+02 8.681443260559399278e+01
15917 2.103474587839735648e+02 8.681074060089446220e+01
15918 2.103379710879719653e+02 8.680705032488457107e+01
15919 2.103284841985006608e+02 8.680336177666471542e+01
15920 2.103189981151478207e+02 8.679967495533557553e+01
15921 2.103095128375016714e+02 8.679598985999861327e+01
15922 2.103000283651510074e+02 8.679230648975587314e+01
15923 2.102905446976846235e+02 8.678862484371016706e+01
15924 2.102810618346916272e+02 8.678494492096453428e+01
15925 2.102715797757613814e+02 8.678126672062298042e+01
15926 2.102620985204835335e+02 8.677759024178999425e+01
15927 2.102526180684477026e+02 8.677391548357060458e+01
15928 2.102431384192442181e+02 8.677024244507057915e+01
15929 2.102336595724632673e+02 8.676657112539622574e+01
15930 2.102241815276954924e+02 8.676290152365430686e+01
15931 2.102147042845316207e+02 8.675923363895248031e+01
15932 2.102052278425627208e+02 8.675556747039877337e+01
15933 2.101957522013802304e+02 8.675190301710185281e+01
15934 2.101862773605754171e+02 8.674824027817112437e+01
15935 2.101768033197402872e+02 8.674457925271649117e+01
15936 2.101673300784668470e+02 8.674091993984836790e+01
15937 2.101578576363472735e+02 8.673726233867790825e+01
15938 2.101483859929740561e+02 8.673360644831677746e+01
15939 2.101389151479399970e+02 8.672995226787737977e+01
15940 2.101294451008380122e+02 8.672629979647240361e+01
15941 2.101199758512614721e+02 8.672264903321546115e+01
15942 2.101105073988035770e+02 8.671899997722061926e+01
15943 2.101010397430583794e+02 8.671535262760255591e+01
15944 2.100915728836195626e+02 8.671170698347647487e+01
15945 2.100821068200814636e+02 8.670806304395823361e+01
15946 2.100726415520383910e+02 8.670442080816427222e+01
15947 2.100631770790851078e+02 8.670078027521161346e+01
15948 2.100537134008164344e+02 8.669714144421794799e+01
15949 2.100442505168275886e+02 8.669350431430139281e+01
15950 2.100347884267139875e+02 8.668986888458081808e+01
15951 2.100253271300711333e+02 8.668623515417542080e+01
15952 2.100158666264950114e+02 8.668260312220536434e+01
15953 2.100064069155816355e+02 8.667897278779108206e+01
15954 2.099969479969274460e+02 8.667534415005373205e+01
15955 2.099874898701289681e+02 8.667171720811506930e+01
15956 2.099780325347828978e+02 8.666809196109726088e+01
15957 2.099685759904864426e+02 8.666446840812332653e+01
15958 2.099591202368369238e+02 8.666084654831659861e+01
15959 2.099496652734318047e+02 8.665722638080123374e+01
15960 2.099402110998687760e+02 8.665360790470163010e+01
15961 2.099307577157459832e+02 8.664999111914323748e+01
15962 2.099213051206616001e+02 8.664637602325166199e+01
15963 2.099118533142140848e+02 8.664276261615330554e+01
15964 2.099024022960022648e+02 8.663915089697503902e+01
15965 2.098929520656248826e+02 8.663554086484435857e+01
15966 2.098835026226813909e+02 8.663193251888941404e+01
15967 2.098740539667709868e+02 8.662832585823871057e+01
15968 2.098646060974934073e+02 8.662472088202153486e+01
15969 2.098551590144486454e+02 8.662111758936775630e+01
15970 2.098457127172367223e+02 8.661751597940755687e+01
15971 2.098362672054579718e+02 8.661391605127198545e+01
15972 2.098268224787130976e+02 8.661031780409250302e+01
15973 2.098173785366029733e+02 8.660672123700113900e+01
15974 2.098079353787285299e+02 8.660312634913059071e+01
15975 2.097984930046911813e+02 8.659953313961398180e+01
15976 2.097890514140924267e+02 8.659594160758521753e+01
15977 2.097796106065340496e+02 8.659235175217838787e+01
15978 2.097701705816180038e+02 8.658876357252854916e+01
15979 2.097607313389466981e+02 8.658517706777115563e+01
15980 2.097512928781224559e+02 8.658159223704220153e+01
15981 2.097418551987479987e+02 8.657800907947836322e+01
15982 2.097324183004263318e+02 8.657442759421658707e+01
15983 2.097229821827606600e+02 8.657084778039477158e+01
15984 2.097135468453543297e+02 8.656726963715114209e+01
15985 2.097041122878110571e+02 8.656369316362447819e+01
15986 2.096946785097345867e+02 8.656011835895418471e+01
15987 2.096852455107291746e+02 8.655654522228020653e+01
15988 2.096758132903991054e+02 8.655297375274305693e+01
15989 2.096663818483489763e+02 8.654940394948383187e+01
15990 2.096569511841835265e+02 8.654583581164406780e+01
15991 2.096475212975078364e+02 8.654226933836595492e+01
15992 2.096380921879272421e+02 8.653870452879235131e+01
15993 2.096286638550472219e+02 8.653514138206638506e+01
15994 2.096192362984733677e+02 8.653157989733193745e+01
15995 2.096098095178118399e+02 8.652802007373340132e+01
15996 2.096003835126687704e+02 8.652446191041575219e+01
15997 2.095909582826505471e+02 8.652090540652440609e+01
15998 2.095815338273637849e+02 8.651735056120540435e+01
15999 2.095721101464155254e+02 8.651379737360544198e+01
16000 2.095626872394127531e+02 8.651024584287156927e+01
16001 2.095532651059629075e+02 8.650669596815153284e+01
16002 2.095438437456735414e+02 8.650314774859343459e+01
16003 2.095344231581524070e+02 8.649960118334621484e+01
16004 2.095250033430075973e+02 8.649605627155911236e+01
16005 2.095155842998474043e+02 8.649251301238206224e+01
16006 2.095061660282802904e+02 8.648897140496544012e+01
16007 2.094967485279149741e+02 8.648543144846021846e+01
16008 2.094873317983604863e+02 8.648189314201790978e+01
16009 2.094779158392258864e+02 8.647835648479053816e+01
16010 2.094685006501207170e+02 8.647482147593076718e+01
16011 2.094590862306544921e+02 8.647128811459170095e+01
16012 2.094496725804371806e+02 8.646775639992689833e+01
16013 2.094402596990789220e+02 8.646422633109075662e+01
16014 2.094308475861898273e+02 8.646069790723788628e+01
16015 2.094214362413807180e+02 8.645717112752366518e+01
16016 2.094120256642622451e+02 8.645364599110388326e+01
16017 2.094026158544454290e+02 8.645012249713492736e+01
16018 2.093932068115415177e+02 8.644660064477371009e+01
16019 2.093837985351619579e+02 8.644308043317765566e+01
16020 2.093743910249183671e+02 8.643956186150471410e+01
16021 2.093649842804229593e+02 8.643604492891348912e+01
16022 2.093555783012874940e+02 8.643252963456289706e+01
16023 2.093461730871245834e+02 8.642901597761265009e+01
16024 2.093367686375467827e+02 8.642550395722280143e+01
16025 2.093273649521669313e+02 8.642199357255393011e+01
16026 2.093179620305979824e+02 8.641848482276728305e+01
16027 2.093085598724532872e+02 8.641497770702451930e+01
16028 2.092991584773463956e+02 8.641147222448799425e+01
16029 2.092897578448909712e+02 8.640796837432039013e+01
16030 2.092803579747009337e+02 8.640446615568494337e+01
16031 2.092709588663905436e+02 8.640096556774555836e+01
16032 2.092615605188713630e+02 8.639753443506832298e+01
16033 2.092521628990458282e+02 8.639439309094409225e+01
16034 2.092427659625137437e+02 8.639125321939768298e+01
16035 2.092333697089296720e+02 8.638811481952497218e+01
16036 2.092239741379490283e+02 8.638497789042300212e+01
16037 2.092145792492270004e+02 8.638184243118988093e+01
16038 2.092051850424191741e+02 8.637870844092465461e+01
16039 2.091957915171814477e+02 8.637557591872774765e+01
16040 2.091863986731696912e+02 8.637244486370045138e+01
16041 2.091770065100403428e+02 8.636931527494519401e+01
16042 2.091676150274497843e+02 8.636618715156538428e+01
16043 2.091582242250547949e+02 8.636306049266572415e+01
16044 2.091488341025122395e+02 8.635993529735179663e+01
16045 2.091394446594794374e+02 8.635681156473037845e+01
16046 2.091300558956136513e+02 8.635368929390911319e+01
16047 2.091206678105725985e+02 8.635056848399699447e+01
16048 2.091112804040140531e+02 8.634744913410381173e+01
16049 2.091018936755962727e+02 8.634433124334061915e+01
16050 2.090925076249774577e+02 8.634121481081939464e+01
16051 2.090831222518161780e+02 8.633809983565318191e+01
16052 2.090737375557713165e+02 8.633498631695614733e+01
16053 2.090643535365016703e+02 8.633187425384346625e+01
16054 2.090549701936665770e+02 8.632876364543128034e+01
16055 2.090455875269255444e+02 8.632565449083686815e+01
16056 2.090362055359381941e+02 8.632254678917863089e+01
16057 2.090268242203644036e+02 8.631944053957579399e+01
16058 2.090174435798643628e+02 8.631633574114881924e+01
16059 2.090080636140984325e+02 8.631323239301895001e+01
16060 2.089986843216608179e+02 8.631021707656378794e+01
16061 2.089893056647774472e+02 8.630749850224830766e+01
16062 2.089799275986362659e+02 8.630478113778640648e+01
16063 2.089705501229555864e+02 8.630206498256640657e+01
16064 2.089611732374542328e+02 8.629935003597722698e+01
16065 2.089517969418508017e+02 8.629663629740804254e+01
16066 2.089424212358645434e+02 8.629392376624858230e+01
16067 2.089330461192144810e+02 8.629121244188904427e+01
16068 2.089236715916199216e+02 8.628850232371993911e+01
16069 2.089142976528002862e+02 8.628579341113233170e+01
16070 2.089049243024752514e+02 8.628308570351752849e+01
16071 2.088955515403645222e+02 8.628037920026750385e+01
16072 2.088861793661880597e+02 8.627767390077450216e+01
16073 2.088768077796659952e+02 8.627496980443130781e+01
16074 2.088674367805184886e+02 8.627226691063101782e+01
16075 2.088580663684660124e+02 8.626956521876725503e+01
16076 2.088486965432289821e+02 8.626686472823402596e+01
16077 2.088393273045282399e+02 8.626416543842574924e+01
16078 2.088299586520846560e+02 8.626146734873736932e+01
16079 2.088205905856190725e+02 8.625877045856408643e+01
16080 2.088112231048528997e+02 8.625607476730166923e+01
16081 2.088018562095072923e+02 8.625338027434622745e+01
16082 2.087924898993038596e+02 8.625068697909439663e+01
16083 2.087831241739642110e+02 8.624799488094312494e+01
16084 2.087737590332101263e+02 8.624530397928985792e+01
16085 2.087643944767635844e+02 8.624261427353242482e+01
16086 2.087550305043466494e+02 8.623992576306910962e+01
16087 2.087456671156815275e+02 8.623723844729858001e+01
16088 2.087363043104907661e+02 8.623455232561995842e+01
16089 2.087269420884969406e+02 8.623186739743273677e+01
16090 2.087175804494226554e+02 8.622918366213693275e+01
16091 2.087082193929908556e+02 8.622650111913283411e+01
16092 2.086988589189246568e+02 8.622381976782129698e+01
16093 2.086894990269471464e+02 8.622113960760351858e+01
16094 2.086801397167817242e+02 8.621846063788103720e+01
16095 2.086707809881517903e+02 8.621578285805604480e+01
16096 2.086614228407810856e+02 8.621310626753086126e+01
16097 2.086520652743934363e+02 8.621043086570843172e+01
16098 2.086427082887127540e+02 8.620775665199199977e+01
16099 2.086333518834631491e+02 8.620508362578529216e+01
16100 2.086239960583689594e+02 8.620241178649247615e+01
16101 2.086146408131544945e+02 8.619974113351798906e+01
16102 2.086052861475443763e+02 8.619707166626683659e+01
16103 2.085959320612633405e+02 8.619440338414433711e+01
16104 2.085865785540362936e+02 8.619173628655630637e+01
16105 2.085772256255882269e+02 8.618907037290891537e+01
16106 2.085678732756443310e+02 8.618640564260870462e+01
16107 2.085585215039298248e+02 8.618374209506268357e+01
16108 2.085491703101704672e+02 8.618107972967834485e+01
16109 2.085398196940917330e+02 8.617841854586345107e+01
16110 2.085304696554194948e+02 8.617575854302621963e+01
16111 2.085211201938795398e+02 8.617309972057528000e+01
16112 2.085117713091980818e+02 8.617044207791971644e+01
16113 2.085024230011014197e+02 8.616778561446898266e+01
16114 2.084930752693157672e+02 8.616513032963281660e+01
16115 2.084837281135679063e+02 8.616247622282168095e+01
16116 2.084743815335843919e+02 8.615982329344605262e+01
16117 2.084650355290921766e+02 8.615717154091710483e+01
16118 2.084556900998181561e+02 8.615452096464639453e+01
16119 2.084463452454895958e+02 8.615187156404556390e+01
16120 2.084370009658337324e+02 8.614922333852709357e+01
16121 2.084276572605781439e+02 8.614657628750363472e+01
16122 2.084183141294502946e+02 8.614393041038825061e+01
16123 2.084089715721779612e+02 8.614128570659441664e+01
16124 2.083996295884891765e+02 8.613864217553603453e+01
16125 2.083902881781119447e+02 8.613599981662741811e+01
16126 2.083809473407744690e+02 8.613335862928319386e+01
16127 2.083716070762050947e+02 8.613071861291854248e+01
16128 2.083622673841323945e+02 8.612807976694887202e+01
16129 2.083529282642849410e+02 8.612544209079007373e+01
16130 2.083435897163916479e+02 8.612280558385850782e+01
16131 2.083342517401814007e+02 8.612017024557076184e+01
16132 2.083249143353834256e+02 8.611753607534397759e+01
16133 2.083155775017268923e+02 8.611490307259558108e+01
16134 2.083062412389411691e+02 8.611227123674343886e+01
16135 2.082969055467559372e+02 8.610964056720590065e+01
16136 2.082875704249008493e+02 8.610701106340148669e+01
16137 2.082782358731057855e+02 8.610438272474934251e+01
16138 2.082689018911007963e+02 8.610175555066888364e+01
16139 2.082595684786159325e+02 8.609912954057998036e+01
16140 2.082502356353816140e+02 8.609650469390277294e+01
16141 2.082409033611281473e+02 8.609388101005801275e+01
16142 2.082315716555863787e+02 8.609125848846659323e+01
16143 2.082222405184868421e+02 8.608863712854994787e+01
16144 2.082129099495605544e+02 8.608601692972993646e+01
16145 2.082035799485384757e+02 8.608339789142867460e+01
16146 2.081942505151519640e+02 8.608078001306873261e+01
16147 2.081849216491322068e+02 8.607816329407314981e+01
16148 2.081755933502107894e+02 8.607554773386517866e+01
16149 2.081662656181193256e+02 8.607293333186858320e+01
16150 2.081569384525895714e+02 8.607032008750749696e+01
16151 2.081476118533535953e+02 8.606770800020646561e+01
16152 2.081382858201433521e+02 8.606509706939031901e+01
16153 2.081289603526910525e+02 8.606248729448437018e+01
16154 2.081196354507292483e+02 8.605987867491430166e+01
16155 2.081103111139903206e+02 8.605727121010613700e+01
16156 2.081009873422070484e+02 8.605466489948636877e+01
16157 2.080916641351120404e+02 8.605205974248171685e+01
16158 2.080823414924385020e+02 8.604945573851941276e+01
16159 2.080730194139195248e+02 8.604685288702712853e+01
16160 2.080636978992882291e+02 8.604425118743273515e+01
16161 2.080543769482781897e+02 8.604165063916457257e+01
16162 2.080450565606228110e+02 8.603905124165147811e+01
16163 2.080357367360558953e+02 8.603645299432247384e+01
16164 2.080264174743112733e+02 8.603385589660707922e+01
16165 2.080170987751229745e+02 8.603125994793516895e+01
16166 2.080077806382250003e+02 8.602866514773693041e+01
16167 2.079984630633517781e+02 8.602607149544306253e+01
16168 2.079891460502376788e+02 8.602347899048453428e+01
16169 2.079798295986173287e+02 8.602088763229269830e+01
16170 2.079705137082253827e+02 8.601829742029941883e+01
16171 2.079611983787968654e+02 8.601570835393673065e+01
16172 2.079518836100665169e+02 8.601312043263722273e+01
16173 2.079425694017697310e+02 8.601053365583372567e+01
16174 2.079332557536417312e+02 8.600794802295953900e+01
16175 2.079239426654179681e+02 8.600536353344824647e+01
16176 2.079146301368340914e+02 8.600278018673392921e+01
16177 2.079053181676257509e+02 8.600019798225090994e+01
16178 2.078960067575288235e+02 8.599761691943399455e+01
16179 2.078866959062794137e+02 8.599503699771828735e+01
16180 2.078773856136136544e+02 8.599245821653929056e+01
16181 2.078680758792679910e+02 8.598988057533287588e+01
16182 2.078587667029786701e+02 8.598730407353538396e+01
16183 2.078494580844824782e+02 8.598472871058334022e+01
16184 2.078401500235160029e+02 8.598215448591369636e+01
16185 2.078308425198163150e+02 8.597958139896392993e+01
16186 2.078215355731203431e+02 8.597700944917170318e+01
16187 2.078122291831652717e+02 8.597443863597509051e+01
16188 2.078029233496884842e+02 8.597186895881254998e+01
16189 2.077936180724273356e+02 8.596930041712296600e+01
16190 2.077843133511196356e+02 8.596673301034549297e+01
16191 2.077750091855029666e+02 8.596416673791979690e+01
16192 2.077657055753152804e+02 8.596160159928570010e+01
16193 2.077564025202946709e+02 8.595903759388356491e+01
16194 2.077471000201792890e+02 8.595647472115400944e+01
16195 2.077377980747074275e+02 8.595391298053812079e+01
16196 2.077284966836175784e+02 8.595135237147724183e+01
16197 2.077191958466483754e+02 8.594879289341314177e+01
16198 2.077098955635387085e+02 8.594623454578803035e+01
16199 2.077005958340271263e+02 8.594367732804427362e+01
16200 2.076912966578530302e+02 8.594112123962480609e+01
16201 2.076819980347554520e+02 8.593856627997281805e+01
16202 2.076726999644737077e+02 8.593601244853186927e+01
16203 2.076634024467472841e+02 8.593345974474593163e+01
16204 2.076541054813158098e+02 8.593090816805928966e+01
16205 2.076448090679189704e+02 8.592835771791654054e+01
16206 2.076355132062967925e+02 8.592580839376283564e+01
16207 2.076262178961891891e+02 8.592326019504346846e+01
16208 2.076169231373364426e+02 8.592071312120410198e+01
16209 2.076076289294788353e+02 8.591816717169098183e+01
16210 2.075983352723567350e+02 8.591562234595046732e+01
16211 2.075890421657109357e+02 8.591307864342945777e+01
16212 2.075797496092820609e+02 8.591053606357505146e+01
16213 2.075704576028109329e+02 8.590799460583484404e+01
16214 2.075611661460387154e+02 8.590545426965663012e+01
16215 2.075518752387064580e+02 8.590291505448867326e+01
16216 2.075425848805555233e+02 8.590037695977957810e+01
16217 2.075332950713274442e+02 8.589783998497841822e+01
16218 2.075240058107637253e+02 8.589530412953432403e+01
16219 2.075147170986060985e+02 8.589276939289703705e+01
16220 2.075054289345964094e+02 8.589023577451661140e+01
16221 2.074961413184767309e+02 8.588770327384332859e+01
16222 2.074868542499891362e+02 8.588517189032793908e+01
16223 2.074775677288759823e+02 8.588264162342159125e+01
16224 2.074682817548797971e+02 8.588011247257566083e+01
16225 2.074589963277429376e+02 8.587758443724190727e+01
16226 2.074497114472081876e+02 8.587505751687247368e+01
16227 2.074404271130185009e+02 8.587253171091985848e+01
16228 2.074311433249167465e+02 8.587000701883690112e+01
16229 2.074218600826461909e+02 8.586748344007675371e+01
16230 2.074125773859499020e+02 8.586496097409295203e+01
16231 2.074032952345714591e+02 8.586243962033942978e+01
16232 2.073940136282544131e+02 8.585991937827036224e+01
16233 2.073847325667423149e+02 8.585740024734035103e+01
16234 2.073754520497791134e+02 8.585488222700435301e+01
16235 2.073661720771087573e+02 8.585236531671756666e+01
16236 2.073568926484753661e+02 8.584984951593567359e+01
16237 2.073476137636230305e+02 8.584733482411466809e+01
16238 2.073383354222963249e+02 8.584482124071078601e+01
16239 2.073290576242396810e+02 8.584230876518077480e+01
16240 2.073197803691977583e+02 8.583979739698156664e+01
16241 2.073105036569153015e+02 8.583728713557059109e+01
16242 2.073012274871375098e+02 8.583477798040544826e+01
16243 2.072919518596091280e+02 8.583226993094427826e+01
16244 2.072826767740754974e+02 8.582976298664540593e+01
16245 2.072734022302819028e+02 8.582725714696758246e+01
16246 2.072641282279740551e+02 8.582475241136985744e+01
16247 2.072548547668973242e+02 8.582224877931167839e+01
16248 2.072455818467976485e+02 8.581974625025274861e+01
16249 2.072363094674208526e+02 8.581724482365329720e+01
16250 2.072270376285128179e+02 8.581474449897358170e+01
16251 2.072177663298200514e+02 8.581224527567451332e+01
16252 2.072084955710886618e+02 8.580974715321715962e+01
16253 2.071992253520651275e+02 8.580725013106301446e+01
16254 2.071899556724960689e+02 8.580475420867384173e+01
16255 2.071806865321280497e+02 8.580225938551181741e+01
16256 2.071714179307081451e+02 8.579976566103943014e+01
16257 2.071621498679832882e+02 8.579727303471939592e+01
16258 2.071528823437006110e+02 8.579478150601502762e+01
16259 2.071436153576073593e+02 8.579229107438973756e+01
16260 2.071343489094509209e+02 8.578980173930735020e+01
16261 2.071250829989789111e+02 8.578731350023204527e+01
16262 2.071158176259389734e+02 8.578482635662832934e+01
16263 2.071065527900789220e+02 8.578234030796109266e+01
16264 2.070972884911467418e+02 8.577985535369541026e+01
16265 2.070880247288904172e+02 8.577737149329688293e+01
16266 2.070787615030582458e+02 8.577488872623133886e+01
16267 2.070694988133987238e+02 8.577240705196494730e+01
16268 2.070602366596600632e+02 8.576992646996420433e+01
16269 2.070509750415911299e+02 8.576744697969604658e+01
16270 2.070417139589406474e+02 8.576496858062756701e+01
16271 2.070324534114573680e+02 8.576249127222627067e+01
16272 2.070231933988905553e+02 8.576001505396010316e+01
16273 2.070139339209892455e+02 8.575753992529722325e+01
16274 2.070046749775027308e+02 8.575506588570604549e+01
16275 2.069954165681806160e+02 8.575259293465552446e+01
16276 2.069861586927722783e+02 8.575012107161481367e+01
16277 2.069769013510275784e+02 8.574765029605343614e+01
16278 2.069676445426962346e+02 8.574518060744115644e+01
16279 2.069583882675283633e+02 8.574271200524817971e+01
16280 2.069491325252740808e+02 8.574024448894502370e+01
16281 2.069398773156835318e+02 8.573777805800256147e+01
16282 2.069306226385071170e+02 8.573531271189185077e+01
16283 2.069213684934954642e+02 8.573284845008441835e+01
16284 2.069121148803991161e+02 8.573038527205208936e+01
16285 2.069028617989689565e+02 8.572792317726694478e+01
16286 2.068936092489558121e+02 8.572546216520154871e+01
16287 2.068843572301108509e+02 8.572300223532862162e+01
16288 2.068751057421851840e+02 8.572054338712132449e+01
16289 2.068658547849301783e+02 8.571808562005305987e+01
16290 2.068566043580973144e+02 8.571562893359769930e+01
16291 2.068473544614380728e+02 8.571317332722919957e+01
16292 2.068381050947043320e+02 8.571071880042207169e+01
16293 2.068288562576478853e+02 8.570826535265106827e+01
16294 2.068196079500206963e+02 8.570581298339122611e+01
16295 2.068103601715749562e+02 8.570336169211796573e+01
16296 2.068011129220627708e+02 8.570091147830697764e+01
16297 2.067918662012367861e+02 8.569846234143436448e+01
16298 2.067826200088493636e+02 8.569601428097645623e+01
16299 2.067733743446531491e+02 8.569356729640992398e+01
16300 2.067641292084010445e+02 8.569112138721179406e+01
16301 2.067548845998458376e+02 8.568867655285937701e+01
16302 2.067456405187407142e+02 8.568623279283042393e+01
16303 2.067363969648388320e+02 8.568379010660278539e+01
16304 2.067271539378934335e+02 8.568134849365482353e+01
16305 2.067179114376580742e+02 8.567890795346512789e+01
16306 2.067086694638861957e+02 8.567646848551264327e+01
16307 2.066994280163317796e+02 8.567403008927669816e+01
16308 2.066901870947484667e+02 8.567159276423673475e+01
16309 2.066809466988902670e+02 8.566915650987272102e+01
16310 2.066717068285112475e+02 8.566672132566483810e+01
16311 2.066624674833658162e+02 8.566428721109366506e+01
16312 2.066532286632082673e+02 8.566185416564005095e+01
16313 2.066439903677930943e+02 8.565942218878510062e+01
16314 2.066347525968749324e+02 8.565699128001035945e+01
16315 2.066255153502086443e+02 8.565456143879758599e+01
16316 2.066162786275489225e+02 8.565213266462885144e+01
16317 2.066070424286511127e+02 8.564970495698675279e+01
16318 2.065978067532701061e+02 8.564727831535384439e+01
16319 2.065885716011613624e+02 8.564485273921334851e+01
16320 2.065793369720802843e+02 8.564242822804854427e+01
16321 2.065701028657823031e+02 8.564000478134315131e+01
16322 2.065608692820233045e+02 8.563758239858118770e+01
16323 2.065516362205590326e+02 8.563516107924695575e+01
16324 2.065424036811454584e+02 8.563274082282511301e+01
16325 2.065331716635385249e+02 8.563032162880055864e+01
16326 2.065239401674945725e+02 8.562790349665861811e+01
16327 2.065147091927699705e+02 8.562548642588481584e+01
16328 2.065054787391211448e+02 8.562307041596507418e+01
16329 2.064962488063046635e+02 8.562065546638561386e+01
16330 2.064870193940773220e+02 8.561824157663286883e+01
16331 2.064777905021959725e+02 8.561582874619371353e+01
16332 2.064685621304176664e+02 8.561341697455524979e+01
16333 2.064593342784993411e+02 8.561100626120490631e+01
16334 2.064501069461984457e+02 8.560859660563050966e+01
16335 2.064408801332722305e+02 8.560618800732002853e+01
16336 2.064316538394783436e+02 8.560378046576192901e+01
16337 2.064224280645743761e+02 8.560137398044477663e+01
16338 2.064132028083180046e+02 8.559896855085767697e+01
16339 2.064039780704672467e+02 8.559656417648987770e+01
16340 2.063947538507800630e+02 8.559416085683095332e+01
16341 2.063855301490146985e+02 8.559175859137089049e+01
16342 2.063763069649293129e+02 8.558935737959984635e+01
16343 2.063670842982824638e+02 8.558695722100831915e+01
16344 2.063578621488325950e+02 8.558455811508724764e+01
16345 2.063486405163383495e+02 8.558216006132768428e+01
16346 2.063394194005586826e+02 8.557976305922115046e+01
16347 2.063301988012524362e+02 8.557736710825933812e+01
16348 2.063209787181786226e+02 8.557497220793437975e+01
16349 2.063117591510965383e+02 8.557257835773853571e+01
16350 2.063025400997653946e+02 8.557018555716453534e+01
16351 2.062933215639448292e+02 8.556779380570536375e+01
16352 2.062841035433941954e+02 8.556540310285430451e+01
16353 2.062748860378733298e+02 8.556301344810485432e+01
16354 2.062656690471419552e+02 8.556062484095099308e+01
16355 2.062564525709601071e+02 8.555823728088688540e+01
16356 2.062472366090878211e+02 8.555585076740699435e+01
16357 2.062380211612853884e+02 8.555346530000612404e+01
16358 2.062288062273131004e+02 8.555108087817943385e+01
16359 2.062195918069315042e+02 8.554869750142219686e+01
16360 2.062103778999010046e+02 8.554631516923022616e+01
16361 2.062011645059825184e+02 8.554393388109947693e+01
16362 2.061919516249368485e+02 8.554155363652621702e+01
16363 2.061827392565249681e+02 8.553917443500714057e+01
16364 2.061735274005079361e+02 8.553679627603908386e+01
16365 2.061643160566469533e+02 8.553441915911922422e+01
16366 2.061551052247035329e+02 8.553204308374510845e+01
16367 2.061458949044390749e+02 8.552966804941446810e+01
16368 2.061366850956152348e+02 8.552729405562553211e+01
16369 2.061274757979936680e+02 8.552492110187664309e+01
16370 2.061182670113363145e+02 8.552254918766644209e+01
16371 2.061090587354050285e+02 8.552017831249399649e+01
16372 2.060998509699621764e+02 8.551780847585858680e+01
16373 2.060906437147697829e+02 8.551543967725972095e+01
16374 2.060814369695903849e+02 8.551307191619741843e+01
16375 2.060722307341864052e+02 8.551070519217178401e+01
16376 2.060630250083204658e+02 8.550833950468333455e+01
16377 2.060538197917553589e+02 8.550597485323278590e+01
16378 2.060446150842538771e+02 8.550361123732129442e+01
16379 2.060354108855790685e+02 8.550124865645014438e+01
16380 2.060262071954940666e+02 8.549888711012106057e+01
16381 2.060170040137621470e+02 8.549652659783598097e+01
16382 2.060078013401467274e+02 8.549416711909724143e+01
16383 2.059985991744111971e+02 8.549180867340723466e+01
16384 2.059893975163192863e+02 8.548945126026885077e+01
16385 2.059801963656346970e+02 8.548709487918532091e+01
16386 2.059709957221213585e+02 8.548473952965997569e+01
16387 2.059617955855431717e+02 8.548238521119657207e+01
16388 2.059525959556645205e+02 8.548003192329915123e+01
16389 2.059433968322493911e+02 8.547767966547202434e+01
16390 2.059341982150622243e+02 8.547532843721967311e+01
16391 2.059250001038676601e+02 8.547297823804713346e+01
16392 2.059158024984301676e+02 8.547062906745951238e+01
16393 2.059066053985146993e+02 8.546828092496232898e+01
16394 2.058974088038859236e+02 8.546593381006127288e+01
16395 2.058882127143089917e+02 8.546358772226251688e+01
16396 2.058790171295489415e+02 8.546124266107229062e+01
16397 2.058698220493710664e+02 8.545889862599734954e+01
16398 2.058606274735408022e+02 8.545655561654450594e+01
16399 2.058514334018235843e+02 8.545421363222106947e+01
16400 2.058422398339850474e+02 8.545187267253446350e+01
16401 2.058330467697910535e+02 8.544953273699256613e+01
16402 2.058238542090072940e+02 8.544719382510335492e+01
16403 2.058146621513999150e+02 8.544485593637533327e+01
16404 2.058054705967349491e+02 8.544251907031706139e+01
16405 2.057962795447786561e+02 8.544018322643752583e+01
16406 2.057870889952975233e+02 8.543784840424592630e+01
16407 2.057778989480578673e+02 8.543551460325178937e+01
16408 2.057687094028263743e+02 8.543318182296499685e+01
16409 2.057595203593699296e+02 8.543085006289558692e+01
16410 2.057503318174551907e+02 8.542851932255396719e+01
16411 2.057411437768492704e+02 8.542618960145074425e+01
16412 2.057319562373191957e+02 8.542386089909687996e+01
16413 2.057227691986323634e+02 8.542153321500370566e+01
16414 2.057135826605559146e+02 8.541920654868268059e+01
16415 2.057043966228574448e+02 8.541688089964560504e+01
16416 2.056952110853045497e+02 8.541455626740457774e+01
16417 2.056860260476650524e+02 8.541223265147201005e+01
16418 2.056768415097065770e+02 8.540991005136054071e+01
16419 2.056676574711972876e+02 8.540758846658310688e+01
16420 2.056584739319052062e+02 8.540526789665287311e+01
16421 2.056492908915986391e+02 8.540294834108350130e+01
16422 2.056401083500456650e+02 8.540062979938863919e+01
16423 2.056309263070150450e+02 8.539831227108247447e+01
16424 2.056217447622752275e+02 8.539599575567933698e+01
16425 2.056125637155949164e+02 8.539368025269384077e+01
16426 2.056033831667430150e+02 8.539136576164088410e+01
16427 2.055942031154883978e+02 8.538905228203576314e+01
16428 2.055850235616001100e+02 8.538673981339388774e+01
16429 2.055758445048474243e+02 8.538442835523106567e+01
16430 2.055666659449996132e+02 8.538211790706326099e+01
16431 2.055574878818261197e+02 8.537980846840694937e+01
16432 2.055483103150965860e+02 8.537750003877863492e+01
16433 2.055391332445805119e+02 8.537519261769517698e+01
16434 2.055299566700478806e+02 8.537288620467380440e+01
16435 2.055207805912685330e+02 8.537058079923195919e+01
16436 2.055116050080124808e+02 8.536827640088735336e+01
16437 2.055024299200499343e+02 8.536597300915798314e+01
16438 2.054932553271512461e+02 8.536367062356214319e+01
16439 2.054840812290867120e+02 8.536136924361844081e+01
16440 2.054749076256268552e+02 8.535906886884562539e+01
16441 2.054657345165423976e+02 8.535676949876283004e+01
16442 2.054565619016040898e+02 8.535447113288944365e+01
16443 2.054473897805827960e+02 8.535217377074521039e+01
16444 2.054382181532496077e+02 8.534987741185004495e+01
16445 2.054290470193755880e+02 8.534758205572408940e+01
16446 2.054198763787319706e+02 8.534528770188794056e+01
16447 2.054107062310901597e+02 8.534299434986229471e+01
16448 2.054015365762216447e+02 8.534070199916831712e+01
16449 2.053923674138981426e+02 8.533841064932718723e+01
16450 2.053831987438911426e+02 8.533612029986058189e+01
16451 2.053740305659727028e+02 8.533383095029043375e+01
16452 2.053648628799148526e+02 8.533154260013881753e+01
16453 2.053556956854894509e+02 8.532925524892816327e+01
16454 2.053465289824688398e+02 8.532696889618118519e+01
16455 2.053373627706253899e+02 8.532468354142083911e+01
16456 2.053281970497314717e+02 8.532239918417039348e+01
16457 2.053190318195597115e+02 8.532011582395338678e+01
16458 2.053098670798828778e+02 8.531783346029352799e+01
16459 2.053007028304735968e+02 8.531555209271495244e+01
16460 2.052915390711050065e+02 8.531327172074199439e+01
16461 2.052823758015499038e+02 8.531099234389925812e+01
16462 2.052732130215817108e+02 8.530871396171160370e+01
16463 2.052640507309735654e+02 8.530643657370420385e+01
16464 2.052548889294989181e+02 8.530416017940252971e+01
16465 2.052457276169314184e+02 8.530188477833215188e+01
16466 2.052365667930445170e+02 8.529961037001912416e+01
16467 2.052274064576120907e+02 8.529733695398969928e+01
16468 2.052182466104079026e+02 8.529506452977032893e+01
16469 2.052090872512060855e+02 8.529279309688783428e+01
16470 2.051999283797808005e+02 8.529052265486926387e+01
16471 2.051907699959060949e+02 8.528825320324187942e+01
16472 2.051816120993565278e+02 8.528598474153331210e+01
16473 2.051724546899064592e+02 8.528371726927143470e+01
16474 2.051632977673304765e+02 8.528145078598430473e+01
16475 2.051541413314033946e+02 8.527918529120037761e+01
16476 2.051449853818999429e+02 8.527692078444830770e+01
16477 2.051358299185951637e+02 8.527465726525699097e+01
16478 2.051266749412640138e+02 8.527239473315566443e+01
16479 2.051175204496817628e+02 8.527013318767382088e+01
16480 2.051083664436237086e+02 8.526787262834108105e+01
16481 2.050992129228652914e+02 8.526561305468750618e+01
16482 2.050900598871818659e+02 8.526335446624337067e+01
16483 2.050809073363493837e+02 8.526109686253919051e+01
16484 2.050717552701434272e+02 8.525884024310578013e+01
16485 2.050626036883399195e+02 8.525658460747419554e+01
16486 2.050534525907148691e+02 8.525432995517577694e+01
16487 2.050443019770444266e+02 8.525207628574210617e+01
16488 2.050351518471048280e+02 8.524982359870504922e+01
16489 2.050260022006724796e+02 8.524757189359675635e+01
16490 2.050168530375237594e+02 8.524532116994951991e+01
16491 2.050077043574352729e+02 8.524307142729611542e+01
16492 2.049985561601838810e+02 8.524082266516941786e+01
16493 2.049894084455462746e+02 8.523857488310265751e+01
16494 2.049802612132994284e+02 8.523632808062914989e+01
16495 2.049711144632204594e+02 8.523408225728276477e+01
16496 2.049619681950863992e+02 8.523183741259732926e+01
16497 2.049528224086747343e+02 8.522959354610718208e+01
16498 2.049436771037626954e+02 8.522735065734678983e+01
16499 2.049345322801279963e+02 8.522510874585093177e+01
16500 2.049253879375481802e+02 8.522286781115460030e+01
16501 2.049162440758009893e+02 8.522062785279312891e+01
16502 2.049071006946643081e+02 8.521838887030202159e+01
16503 2.048979577939162482e+02 8.521615086321710919e+01
16504 2.048888153733347508e+02 8.521391383107444994e+01
16505 2.048796734326981550e+02 8.521167777341038629e+01
16506 2.048705319717847715e+02 8.520944268976155911e+01
16507 2.048613909903729677e+02 8.520720857966468031e+01
16508 2.048522504882415092e+02 8.520497544265707290e+01
16509 2.048431104651689338e+02 8.520274327827588934e+01
16510 2.048339709209341208e+02 8.520051208605894999e+01
16511 2.048248318553159208e+02 8.519828186554401839e+01
16512 2.048156932680933835e+02 8.519605261626936965e+01
16513 2.048065551590457858e+02 8.519382433777327890e+01
16514 2.047974175279522910e+02 8.519159702959451863e+01
16515 2.047882803745921763e+02 8.518937069127194661e+01
16516 2.047791436987451732e+02 8.518714532234488956e+01
16517 2.047700075001906441e+02 8.518492092235260316e+01
16518 2.047608717787085766e+02 8.518269749083492570e+01
16519 2.047517365340786739e+02 8.518047502733180920e+01
16520 2.047426017660808952e+02 8.517825353138339040e+01
16521 2.047334674744952849e+02 8.517603300253027498e+01
16522 2.047243336591020864e+02 8.517381344031308288e+01
16523 2.047152003196815997e+02 8.517159484427284610e+01
16524 2.047060674560142104e+02 8.516937721395082406e+01
16525 2.046969350678804176e+02 8.516716054888850351e+01
16526 2.046878031550610046e+02 8.516494484862765546e+01
16527 2.046786717173365844e+02 8.516273011271029247e+01
16528 2.046695407544881107e+02 8.516051634067873977e+01
16529 2.046604102662965659e+02 8.515830353207540782e+01
16530 2.046512802525430175e+02 8.515609168644311922e+01
16531 2.046421507130087036e+02 8.515388080332496656e+01
16532 2.046330216474749477e+02 8.515167088226424141e+01
16533 2.046238930557233289e+02 8.514946192280447690e+01
16534 2.046147649375350568e+02 8.514725392448940511e+01
16535 2.046056372926921654e+02 8.514504688686315603e+01
16536 2.045965101209762054e+02 8.514284080947004441e+01
16537 2.045873834221692960e+02 8.514063569185456970e+01
16538 2.045782571960532721e+02 8.513843153356161508e+01
16539 2.045691314424103950e+02 8.513622833413619162e+01
16540 2.045600061610227840e+02 8.513402609312363722e+01
16541 2.045508813516727855e+02 8.513182481006953140e+01
16542 2.045417570141429735e+02 8.512962448451972364e+01
16543 2.045326331482158935e+02 8.512742511602026241e+01
16544 2.045235097536742330e+02 8.512522670411750880e+01
16545 2.045143868303007366e+02 8.512302924835802287e+01
16546 2.045052643778784329e+02 8.512083274828866308e+01
16547 2.044961423961902938e+02 8.511863720345643003e+01
16548 2.044870208850194331e+02 8.511644261340882167e+01
16549 2.044778998441491922e+02 8.511424897769326492e+01
16550 2.044687792733628839e+02 8.511205629585766985e+01
16551 2.044596591724440202e+02 8.510986456745011708e+01
16552 2.044505395411761981e+02 8.510767379201894300e+01
16553 2.044414203793430147e+02 8.510548396911273983e+01
16554 2.044323016867285503e+02 8.510329509828036976e+01
16555 2.044231834631165157e+02 8.510110717907090816e+01
16556 2.044140657082910479e+02 8.509892021103365778e+01
16557 2.044049484220363126e+02 8.509673419371826242e+01
16558 2.043958316041364753e+02 8.509454912667449378e+01
16559 2.043867152543760426e+02 8.509236500945247883e+01
16560 2.043775993725394358e+02 8.509018184160251508e+01
16561 2.043684839584113320e+02 8.508799962267521266e+01
16562 2.043593690117764083e+02 8.508581835222142331e+01
16563 2.043502545324195125e+02 8.508363802979218349e+01
16564 2.043411405201256059e+02 8.508145865493878546e+01
16565 2.043320269746796498e+02 8.507928022721287675e+01
16566 2.043229138958668898e+02 8.507710274616626123e+01
16567 2.043138012834725998e+02 8.507492621135094168e+01
16568 2.043046891372821676e+02 8.507275062231931884e+01
16569 2.042955774570811229e+02 8.507057597862387865e+01
16570 2.042864662426549387e+02 8.506840227981741975e+01
16571 2.042773554937894858e+02 8.506622952545308181e+01
16572 2.042682452102706350e+02 8.506405771508408975e+01
16573 2.042591353918841435e+02 8.506188684826400959e+01
16574 2.042500260384162800e+02 8.505971692454662048e+01
16575 2.042409171496530575e+02 8.505754794348591474e+01
16576 2.042318087253807448e+02 8.505537990463625420e+01
16577 2.042227007653858948e+02 8.505321280755215696e+01
16578 2.042135932694549751e+02 8.505104665178831169e+01
16579 2.042044862373743683e+02 8.504888143689974811e+01
16580 2.041953796689310821e+02 8.504671716244178015e+01
16581 2.041862735639117545e+02 8.504455382796987806e+01
16582 2.041771679221034503e+02 8.504239143303978210e+01
16583 2.041680627432931772e+02 8.504022997720744570e+01
16584 2.041589580272680564e+02 8.503806946002912071e+01
16585 2.041498537738154937e+02 8.503590988106134319e+01
16586 2.041407499827227241e+02 8.503375123986074868e+01
16587 2.041316466537773522e+02 8.503159353598437065e+01
16588 2.041225437867669257e+02 8.502943676898929937e+01
16589 2.041134413814790491e+02 8.502728093843305146e+01
16590 2.041043394377018672e+02 8.502512604387332829e+01
16591 2.040952379552230127e+02 8.502297208486807278e+01
16592 2.040861369338307156e+02 8.502081906097534159e+01
16593 2.040770363733129784e+02 8.501866697175363186e+01
16594 2.040679362734581446e+02 8.501651581676162550e+01
16595 2.040588366340545861e+02 8.501436559555816075e+01
16596 2.040497374548908169e+02 8.501221630770237425e+01
16597 2.040406387357554934e+02 8.501006795275360162e+01
16598 2.040315404764370726e+02 8.500792053027159056e+01
16599 2.040224426767245234e+02 8.500577403981601776e+01
16600 2.040133453364068430e+02 8.500362848094711410e+01
16601 2.040042484552729718e+02 8.500148385322518152e+01
16602 2.039951520331120207e+02 8.499934015621076355e+01
16603 2.039860560697133849e+02 8.499719738946473058e+01
16604 2.039769605648662036e+02 8.499505555254803824e+01
16605 2.039678655183600995e+02 8.499291464502205429e+01
16606 2.039587709299846097e+02 8.499077466644827439e+01
16607 2.039496767995294135e+02 8.498863561638854947e+01
16608 2.039405831267843041e+02 8.498649749440477308e+01
16609 2.039314899115391597e+02 8.498436030005926511e+01
16610 2.039223971535840860e+02 8.498222403291444493e+01
16611 2.039133048527091319e+02 8.498008869253308717e+01
16612 2.039042130087044882e+02 8.497795427847813698e+01
16613 2.038951216213606301e+02 8.497582079031283797e+01
16614 2.038860306904677770e+02 8.497368822760051899e+01
16615 2.038769402158167168e+02 8.497155658990492100e+01
16616 2.038678501971980666e+02 8.496942587678995551e+01
16617 2.038587606344023584e+02 8.496729608781970455e+01
16618 2.038496715272207496e+02 8.496516722255861964e+01
16619 2.038405828754441131e+02 8.496303928057129440e+01
16620 2.038314946788635780e+02 8.496091226142254982e+01
16621 2.038224069372703866e+02 8.495878616467753375e+01
16622 2.038133196504556679e+02 8.495666098990146509e+01
16623 2.038042328182110055e+02 8.495453673666004590e+01
16624 2.037951464403279545e+02 8.495241340451896406e+01
16625 2.037860605165979280e+02 8.495029099304431952e+01
16626 2.037769750468129928e+02 8.494816950180231174e+01
16627 2.037678900307646188e+02 8.494604893035942439e+01
16628 2.037588054682451286e+02 8.494392927828248219e+01
16629 2.037497213590463048e+02 8.494181054513838092e+01
16630 2.037406377029605267e+02 8.493969273049432900e+01
16631 2.037315544997799179e+02 8.493757583391779065e+01
16632 2.037224717492968580e+02 8.493545985497640061e+01
16633 2.037133894513039252e+02 8.493334479323812047e+01
16634 2.037043076055937831e+02 8.493123064827102553e+01
16635 2.036952262119589818e+02 8.492911741964346106e+01
16636 2.036861452701924122e+02 8.492700510692412763e+01
16637 2.036770647800869369e+02 8.492489370968174001e+01
16638 2.036679847414357312e+02 8.492278322748551034e+01
16639 2.036589051540317428e+02 8.492067365990457972e+01
16640 2.036498260176683459e+02 8.491856500650860085e+01
16641 2.036407473321387727e+02 8.491645726686725482e+01
16642 2.036316690972365961e+02 8.491435044055054959e+01
16643 2.036225913127553042e+02 8.491224452712879156e+01
16644 2.036135139784885837e+02 8.491013952617231553e+01
16645 2.036044370942301782e+02 8.490803543725189684e+01
16646 2.035953606597740588e+02 8.490593225993843873e+01
16647 2.035862846749139976e+02 8.490382999380304341e+01
16648 2.035772091394443635e+02 8.490172863841715412e+01
16649 2.035681340531591559e+02 8.489962819335241306e+01
16650 2.035590594158527438e+02 8.489752865818051930e+01
16651 2.035499852273195813e+02 8.489543003247365505e+01
16652 2.035409114873540943e+02 8.489333231580411621e+01
16653 2.035318381957509359e+02 8.489123550774439764e+01
16654 2.035227653523048730e+02 8.488913960786727841e+01
16655 2.035136929568106723e+02 8.488704461574577920e+01
16656 2.035046210090632997e+02 8.488495053095304854e+01
16657 2.034955495088578061e+02 8.488285735306259028e+01
16658 2.034864784559893280e+02 8.488076508164805034e+01
16659 2.034774078502532006e+02 8.487867371628335889e+01
16660 2.034683376914446455e+02 8.487658325654263081e+01
16661 2.034592679793591969e+02 8.487449370200023679e+01
16662 2.034501987137924743e+02 8.487240505223076070e+01
16663 2.034411298945400404e+02 8.487031730680898534e+01
16664 2.034320615213977703e+02 8.486823046531003456e+01
16665 2.034229935941615111e+02 8.486614452730911751e+01
16666 2.034139261126273084e+02 8.486405949238175594e+01
16667 2.034048590765911513e+02 8.486197536010369902e+01
16668 2.033957924858492561e+02 8.485989213005083798e+01
16669 2.033867263401980097e+02 8.485780980179940514e+01
16670 2.033776606394338557e+02 8.485572837492583176e+01
16671 2.033685953833531528e+02 8.485364784900664858e+01
16672 2.033595305717526287e+02 8.485156822361881268e+01
16673 2.033504662044289830e+02 8.484948949833936638e+01
16674 2.033414022811790289e+02 8.484741167274567886e+01
16675 2.033323388017996933e+02 8.484533474641514772e+01
16676 2.033232757660881020e+02 8.484325871892569637e+01
16677 2.033142131738412957e+02 8.484118358985517716e+01
16678 2.033051510248565421e+02 8.483910935878193982e+01
16679 2.032960893189311662e+02 8.483703602528430565e+01
16680 2.032870280558627201e+02 8.483496358894093703e+01
16681 2.032779672354486991e+02 8.483289204933085159e+01
16682 2.032689068574867122e+02 8.483082140603298171e+01
16683 2.032598469217746242e+02 8.482875165862681399e+01
16684 2.032507874281102147e+02 8.482668280669182082e+01
16685 2.032417283762914906e+02 8.482461484980781563e+01
16686 2.032326697661165156e+02 8.482254778755476821e+01
16687 2.032236115973835808e+02 8.482048161951297516e+01
16688 2.032145538698908638e+02 8.481841634526281837e+01
16689 2.032054965834367124e+02 8.481635196438504920e+01
16690 2.031964397378197873e+02 8.481428847646051850e+01
16691 2.031873833328384649e+02 8.481222588107031868e+01
16692 2.031783273682916615e+02 8.481016417779591166e+01
16693 2.031692718439780094e+02 8.480810336621873091e+01
16694 2.031602167596963966e+02 8.480604344592059363e+01
16695 2.031511621152459668e+02 8.480398441648362962e+01
16696 2.031421079104258354e+02 8.480192627748994028e+01
16697 2.031330541450350324e+02 8.479986902852201069e+01
16698 2.031240008188730997e+02 8.479781266916253912e+01
16699 2.031149479317394082e+02 8.479575719899438013e+01
16700 2.031058954834333008e+02 8.479370261760075778e+01
16701 2.030968434737546033e+02 8.479164892456493874e+01
16702 2.030877919025028859e+02 8.478959611947043129e+01
16703 2.030787407694781450e+02 8.478754420190111318e+01
16704 2.030696900744802633e+02 8.478549317144099007e+01
16705 2.030606398173091520e+02 8.478344302767420970e+01
16706 2.030515899977651202e+02 8.478139377018523248e+01
16707 2.030425406156483348e+02 8.477934539855871776e+01
16708 2.030334916707591049e+02 8.477729791237962331e+01
16709 2.030244431628978532e+02 8.477525131123296376e+01
16710 2.030153950918652583e+02 8.477320559470410899e+01
16711 2.030063474574618851e+02 8.477116076237858522e+01
16712 2.029973002594885259e+02 8.476911681384214603e+01
16713 2.029882534977459727e+02 8.476707374868085765e+01
16714 2.029792071720352453e+02 8.476503156648074366e+01
16715 2.029701612821573633e+02 8.476299026682836768e+01
16716 2.029611158279135168e+02 8.476094984931030751e+01
16717 2.029520708091048391e+02 8.475891031351345362e+01
16718 2.029430262255329183e+02 8.475687165902479592e+01
16719 2.029339820769990865e+02 8.475483388543172225e+01
16720 2.029249383633049035e+02 8.475279699232167729e+01
16721 2.029158950842521278e+02 8.475076097928240415e+01
16722 2.029068522396423191e+02 8.474872584590188751e+01
16723 2.028978098292776906e+02 8.474669159176819733e+01
16724 2.028887678529599157e+02 8.474465821646982988e+01
16725 2.028797263104911792e+02 8.474262571959528145e+01
16726 2.028706852016736661e+02 8.474059410073337517e+01
16727 2.028616445263096466e+02 8.473856335947317575e+01
16728 2.028526042842015329e+02 8.473653349540396107e+01
16729 2.028435644751516804e+02 8.473450450811503742e+01
16730 2.028345250989627857e+02 8.473247639719622271e+01
16731 2.028254861554374884e+02 8.473044916223743428e+01
16732 2.028164476443786270e+02 8.472842280282867478e+01
16733 2.028074095655889835e+02 8.472639731856031631e+01
16734 2.027983719188716520e+02 8.472437270902288731e+01
16735 2.027893347040295282e+02 8.472234897380717200e+01
16736 2.027802979208661327e+02 8.472032611250411094e+01
16737 2.027712615691843610e+02 8.471830412470488625e+01
16738 2.027622256487879042e+02 8.471628301000092165e+01
16739 2.027531901594800843e+02 8.471426276798379718e+01
16740 2.027441551010645640e+02 8.471224339824541971e+01
16741 2.027351204733449492e+02 8.471022490037776720e+01
16742 2.027260862761251303e+02 8.470820727397311600e+01
16743 2.027170525092089406e+02 8.470619051862387039e+01
16744 2.027080191724002702e+02 8.470417463392280411e+01
16745 2.026989862655034358e+02 8.470215961946280459e+01
16746 2.026899537883224696e+02 8.470014547483700085e+01
16747 2.026809217406617449e+02 8.469813219963869244e+01
16748 2.026718901223254647e+02 8.469611979346134945e+01
16749 2.026628589331183150e+02 8.469410825589882563e+01
16750 2.026538281728448965e+02 8.469209758654506004e+01
16751 2.026447978413097246e+02 8.469008778499426171e+01
16752 2.026357679383176844e+02 8.468807885084069653e+01
16753 2.026267384636736892e+02 8.468607078367909935e+01
16754 2.026177094171827093e+02 8.468406358310427606e+01
16755 2.026086807986498002e+02 8.468205724871117468e+01
16756 2.025996526078801310e+02 8.468005178009507006e+01
16757 2.025906248446791551e+02 8.467804717685143601e+01
16758 2.025815975088520133e+02 8.467604343857597371e+01
16759 2.025725706002043012e+02 8.467404056486445540e+01
16760 2.025635441185416141e+02 8.467203855531300860e+01
16761 2.025545180636696045e+02 8.467003740951798818e+01
16762 2.025454924353941237e+02 8.466803712707580587e+01
16763 2.025364672335210230e+02 8.466603770758329972e+01
16764 2.025274424578561536e+02 8.466403915063725094e+01
16765 2.025184181082057648e+02 8.466204145583492391e+01
16766 2.025093941843759353e+02 8.466004462277361142e+01
16767 2.025003706861730279e+02 8.465804865105089050e+01
16768 2.024913476134033488e+02 8.465605354026450868e+01
16769 2.024823249658733175e+02 8.465405929001249774e+01
16770 2.024733027433897234e+02 8.465206589989301733e+01
16771 2.024642809457589578e+02 8.465007336950438344e+01
16772 2.024552595727880089e+02 8.464808169844540942e+01
16773 2.024462386242836374e+02 8.464609088631470968e+01
16774 2.024372181000527746e+02 8.464410093271142443e+01
16775 2.024281979999026362e+02 8.464211183723473653e+01
16776 2.024191783236402671e+02 8.464012359948418407e+01
16777 2.024101590710728829e+02 8.463813621905933360e+01
16778 2.024011402420079264e+02 8.463614969556003587e+01
16779 2.023921218362529544e+02 8.463416402858639742e+01
16780 2.023831038536153244e+02 8.463217921773872376e+01
16781 2.023740862939027920e+02 8.463019526261741987e+01
16782 2.023650691569230560e+02 8.462821216282333125e+01
16783 2.023560524424840992e+02 8.462622991795721816e+01
16784 2.023470361503937056e+02 8.462424852762019611e+01
16785 2.023380202804600003e+02 8.462226799141366484e+01
16786 2.023290048324910799e+02 8.462028830893910936e+01
16787 2.023199898062952400e+02 8.461830947979827044e+01
16788 2.023109752016808045e+02 8.461633150359308786e+01
16789 2.023019610184562396e+02 8.461435437992565767e+01
16790 2.022929472564299829e+02 8.461237810839843121e+01
16791 2.022839339154107847e+02 8.461040268861391667e+01
16792 2.022749209952073386e+02 8.460842812017484960e+01
16793 2.022659084956283948e+02 8.460645440268423556e+01
16794 2.022568964164829026e+02 8.460448153574525065e+01
16795 2.022478847575798966e+02 8.460250951896129834e+01
16796 2.022388735187285818e+02 8.460053835193593841e+01
16797 2.022298626997380495e+02 8.459856803427295802e+01
16798 2.022208523004176755e+02 8.459659856557642854e+01
16799 2.022118423205768352e+02 8.459462994545044978e+01
16800 2.022028327600249611e+02 8.459266217349953365e+01
16801 2.021938236185717983e+02 8.459069524932817785e+01
16802 2.021848148960270919e+02 8.458872917254133483e+01
16803 2.021758065922004448e+02 8.458676394274399968e+01
16804 2.021667987069018295e+02 8.458479955954136642e+01
16805 2.021577912399412753e+02 8.458283602253885647e+01
16806 2.021487841911288115e+02 8.458087333134217545e+01
16807 2.021397775602746378e+02 8.457891148555712846e+01
16808 2.021307713471890111e+02 8.457695048478973376e+01
16809 2.021217655516824436e+02 8.457499032864626543e+01
16810 2.021127601735651069e+02 8.457303101673325330e+01
16811 2.021037552126479397e+02 8.457107254865725565e+01
16812 2.020947506687413124e+02 8.456911492402515762e+01
16813 2.020857465416561922e+02 8.456715814244405749e+01
16814 2.020767428312032905e+02 8.456520220352119566e+01
16815 2.020677395371936598e+02 8.456324710686408253e+01
16816 2.020587366594381820e+02 8.456129285208034219e+01
16817 2.020497341977482222e+02 8.455933943877788295e+01
16818 2.020407321519348898e+02 8.455738686656479786e+01
16819 2.020317305218095214e+02 8.455543513504932207e+01
16820 2.020227293071836527e+02 8.455348424383998918e+01
16821 2.020137285078686489e+02 8.455153419254546066e+01
16822 2.020047281236761592e+02 8.454958498077462536e+01
16823 2.019957281544180603e+02 8.454763660813658532e+01
16824 2.019867285999060584e+02 8.454568907424064150e+01
16825 2.019777294599521156e+02 8.454374237869625119e+01
16826 2.019687307343680800e+02 8.454179652111319854e+01
16827 2.019597324229662263e+02 8.453985150110119662e+01
16828 2.019507345255586586e+02 8.453790731827055538e+01
16829 2.019417370419577367e+02 8.453596397223147108e+01
16830 2.019327399719757921e+02 8.453402146259443839e+01
16831 2.019237433154252983e+02 8.453207978897019359e+01
16832 2.019147470721188995e+02 8.453013895096960084e+01
16833 2.019057512418692113e+02 8.452819894820379432e+01
16834 2.018967558244890199e+02 8.452625978028403608e+01
16835 2.018877608197911115e+02 8.452432144682187243e+01
16836 2.018787662275886134e+02 8.452238394742896332e+01
16837 2.018697720476944255e+02 8.452044728171723875e+01
16838 2.018607782799217603e+02 8.451851144929879922e+01
16839 2.018517849240838302e+02 8.451657644978595840e+01
16840 2.018427919799939900e+02 8.451464228279115787e+01
16841 2.018337994474656796e+02 8.451270894792718025e+01
16842 2.018248073263124240e+02 8.451077644480689344e+01
16843 2.018158156163477202e+02 8.450884477304332165e+01
16844 2.018068243173855478e+02 8.450691393224988701e+01
16845 2.017978334292395175e+02 8.450498392203998321e+01
16846 2.017888429517234954e+02 8.450305474202734501e+01
16847 2.017798528846516319e+02 8.450112639182587770e+01
16848 2.017708632278378786e+02 8.449919887104967131e+01
16849 2.017618739810965565e+02 8.449727217931295797e+01
16850 2.017528851442417590e+02 8.449534631623032510e+01
16851 2.017438967170880915e+02 8.449342128141636010e+01
16852 2.017349086994498748e+02 8.449149707448600566e+01
16853 2.017259210911416574e+02 8.448957369505428971e+01
16854 2.017169338919781296e+02 8.448765114273655286e+01
16855 2.017079471017740957e+02 8.448572941714824935e+01
16856 2.016989607203443313e+02 8.448380851790506085e+01
16857 2.016899747475038112e+02 8.448188844462278269e+01
16858 2.016809891830676236e+02 8.447996919691757967e+01
16859 2.016720040268506011e+02 8.447805077440561661e+01
16860 2.016630192786683153e+02 8.447613317670345623e+01
16861 2.016540349383359114e+02 8.447421640342767546e+01
16862 2.016450510056688472e+02 8.447230045419520650e+01
16863 2.016360674804825805e+02 8.447038532862300997e+01
16864 2.016270843625926830e+02 8.446847102632840176e+01
16865 2.016181016518149534e+02 8.446655754692875462e+01
16866 2.016091193479650201e+02 8.446464489004175391e+01
16867 2.016001374508589095e+02 8.446273305528521291e+01
16868 2.015911559603124772e+02 8.446082204227721490e+01
16869 2.015821748761417780e+02 8.445891185063585738e+01
16870 2.015731941981629802e+02 8.445700247997973520e+01
16871 2.015642139261923944e+02 8.445509392992735798e+01
16872 2.015552340600462458e+02 8.445318620009746269e+01
16873 2.015462545995410153e+02 8.445127929010918422e+01
16874 2.015372755444932693e+02 8.444937319958164323e+01
16875 2.015282968947196025e+02 8.444746792813430147e+01
16876 2.015193186500366096e+02 8.444556347538666330e+01
16877 2.015103408102611979e+02 8.444365984095857414e+01
16878 2.015013633752103885e+02 8.444175702447000731e+01
16879 2.014923863447008898e+02 8.443985502554109246e+01
16880 2.014834097185499502e+02 8.443795384379220081e+01
16881 2.014744334965746759e+02 8.443605347884393098e+01
16882 2.014654576785924576e+02 8.443415393031703786e+01
16883 2.014564822644204583e+02 8.443225519783237587e+01
16884 2.014475072538762674e+02 8.443035728101114046e+01
16885 2.014385326467773325e+02 8.442846017947474024e+01
16886 2.014295584429413282e+02 8.442656389284458385e+01
16887 2.014205846421860429e+02 8.442466842074246358e+01
16888 2.014116112443292081e+02 8.442277376279027123e+01
16889 2.014026382491887261e+02 8.442087991861005492e+01
16890 2.013936656565826411e+02 8.441898688782421800e+01
16891 2.013846934663290540e+02 8.441709467005514966e+01
16892 2.013757216782460659e+02 8.441520326492562276e+01
16893 2.013667502921520622e+02 8.441331267205842437e+01
16894 2.013577793078653428e+02 8.441142289107669683e+01
16895 2.013488087252044352e+02 8.440953392160361091e+01
16896 2.013398385439877813e+02 8.440764576326267843e+01
16897 2.013308687640340509e+02 8.440575841567758175e+01
16898 2.013218993851620269e+02 8.440387187847204586e+01
16899 2.013129304071905779e+02 8.440198615127015103e+01
16900 2.013039618299385154e+02 8.440010123369614803e+01
16901 2.012949936532248785e+02 8.439821712537435872e+01
16902 2.012860258768687913e+02 8.439633382592948863e+01
16903 2.012770585006894066e+02 8.439445133498622909e+01
16904 2.012680915245061044e+02 8.439256965216962669e+01
16905 2.012591249481381510e+02 8.439068877710484173e+01
16906 2.012501587714050402e+02 8.438880870941719081e+01
16907 2.012411929941262656e+02 8.438692944873221791e+01
16908 2.012322276161216621e+02 8.438505099467580806e+01
16909 2.012232626372107802e+02 8.438317334687370419e+01
16910 2.012142980572135684e+02 8.438129650495213241e+01
16911 2.012053338759498615e+02 8.437942046853741829e+01
16912 2.011963700932396648e+02 8.437754523725597267e+01
16913 2.011874067089031541e+02 8.437567081073461850e+01
16914 2.011784437227604485e+02 8.437379718860009348e+01
16915 2.011694811346319511e+02 8.437192437047957583e+01
16916 2.011605189443379231e+02 8.437005235600028641e+01
16917 2.011515571516988246e+02 8.436818114478971609e+01
16918 2.011425957565351155e+02 8.436631073647536994e+01
16919 2.011336347586677391e+02 8.436444113068525041e+01
16920 2.011246741579172124e+02 8.436257232704724629e+01
16921 2.011157139541043932e+02 8.436070432518967266e+01
16922 2.011067541470501396e+02 8.435883712474078777e+01
16923 2.010977947365756222e+02 8.435697072532926200e+01
16924 2.010888357225018126e+02 8.435510512658386517e+01
16925 2.010798771046498530e+02 8.435324032813349504e+01
16926 2.010709188828411129e+02 8.435137632960739040e+01
16927 2.010619610568969904e+02 8.434951313063480427e+01
16928 2.010530036266388834e+02 8.434765073084531650e+01
16929 2.010440465918882751e+02 8.434578912986857802e+01
16930 2.010350899524669330e+02 8.434392832733450973e+01
16931 2.010261337081964257e+02 8.434206832287324573e+01
16932 2.010171778588987479e+02 8.434020911611500537e+01
16933 2.010082224043956387e+02 8.433835070669023537e+01
16934 2.009992673445092635e+02 8.433649309422959561e+01
16935 2.009903126790614749e+02 8.433463627836395915e+01
16936 2.009813584078747226e+02 8.433278025872425587e+01
16937 2.009724045307710583e+02 8.433092503494177095e+01
16938 2.009634510475729030e+02 8.432907060664790322e+01
16939 2.009544979581026780e+02 8.432721697347417944e+01
16940 2.009455452621830602e+02 8.432536413505239636e+01
16941 2.009365929596364708e+02 8.432351209101446443e+01
16942 2.009276410502856436e+02 8.432166084099259251e+01
16943 2.009186895339535965e+02 8.431981038461907474e+01
16944 2.009097384104628645e+02 8.431796072152636157e+01
16945 2.009007876796367214e+02 8.431611185134721609e+01
16946 2.008918373412981566e+02 8.431426377371452929e+01
16947 2.008828873952702452e+02 8.431241648826133428e+01
16948 2.008739378413762893e+02 8.431056999462084889e+01
16949 2.008649886794396195e+02 8.430872429242657518e+01
16950 2.008560399092836235e+02 8.430687938131207204e+01
16951 2.008470915307318876e+02 8.430503526091122524e+01
16952 2.008381435436079698e+02 8.430319193085794893e+01
16953 2.008291959477355704e+02 8.430134939078648415e+01
16954 2.008202487429384746e+02 8.429950764033111454e+01
16955 2.008113019290404395e+02 8.429766667912647904e+01
16956 2.008023555058655631e+02 8.429582650680723077e+01
16957 2.007934094732378298e+02 8.429398712300829288e+01
16958 2.007844638309814513e+02 8.429214852736478747e+01
16959 2.007755185789204120e+02 8.429031071951202136e+01
16960 2.007665737168793214e+02 8.428847369908541509e+01
16961 2.007576292446824482e+02 8.428663746572063076e+01
16962 2.007486851621541746e+02 8.428480201905347258e+01
16963 2.007397414691191955e+02 8.428296735872004319e+01
16964 2.007307981654021489e+02 8.428113348435644525e+01
16965 2.007218552508277583e+02 8.427930039559910824e+01
16966 2.007129127252208889e+02 8.427746809208457535e+01
16967 2.007039705884064347e+02 8.427563657344963133e+01
16968 2.006950288402094031e+02 8.427380583933118885e+01
16969 2.006860874804550292e+02 8.427197588936638795e+01
16970 2.006771465089682920e+02 8.427014672319246813e+01
16971 2.006682059255746253e+02 8.426831834044698155e+01
16972 2.006592657300992641e+02 8.426649074076753720e+01
16973 2.006503259223677844e+02 8.426466392379199988e+01
16974 2.006413865022056484e+02 8.426283788915840489e+01
16975 2.006324474694385458e+02 8.426101263650494388e+01
16976 2.006235088238921378e+02 8.425918816546996482e+01
16977 2.006145705653922562e+02 8.425736447569217091e+01
16978 2.006056326937647611e+02 8.425554156681019435e+01
16979 2.005966952088356550e+02 8.425371943846302258e+01
16980 2.005877581104309684e+02 8.425189809028978516e+01
16981 2.005788213983769026e+02 8.425007752192973953e+01
16982 2.005698850724996589e+02 8.424825773302239895e+01
16983 2.005609491326256659e+02 8.424643872320743299e+01
16984 2.005520135785810965e+02 8.424462049212462489e+01
16985 2.005430784101927202e+02 8.424280303941411319e+01
16986 2.005341436272869657e+02 8.424098636471596535e+01
16987 2.005252092296905175e+02 8.423917046767064676e+01
16988 2.005162752172302305e+02 8.423735534791870805e+01
16989 2.005073415897328459e+02 8.423554100510089881e+01
16990 2.004984083470253893e+02 8.423372743885813918e+01
16991 2.004894754889348292e+02 8.423191464883156243e+01
16992 2.004805430152881911e+02 8.423010263466241554e+01
16993 2.004716109259128700e+02 8.422829139599220127e+01
16994 2.004626792206360051e+02 8.422648093246247925e+01
16995 2.004537478992849628e+02 8.422467124371520697e+01
16996 2.004448169616872804e+02 8.422286232939234196e+01
16997 2.004358864076704378e+02 8.422105418913604069e+01
16998 2.004269562370620861e+02 8.421924682258867279e+01
16999 2.004180264496899611e+02 8.421744022939280683e+01
17000 2.004090970453817988e+02 8.421563440919115351e+01
17001 2.004001680239655059e+02 8.421382936162656563e+01
17002 2.003912393852691594e+02 8.421202508634223705e+01
17003 2.003823111291206374e+02 8.421022158298136162e+01
17004 2.003733832553482159e+02 8.420841885118737480e+01
17005 2.003644557637801427e+02 8.420661689060388255e+01
17006 2.003555286542445799e+02 8.420481570087471823e+01
17007 2.003466019265701163e+02 8.420301528164387150e+01
17008 2.003376755805850564e+02 8.420121563255541730e+01
17009 2.003287496161181878e+02 8.419941675325374320e+01
17010 2.003198240329980706e+02 8.419761864338337887e+01
17011 2.003108988310533789e+02 8.419582130258895347e+01
17012 2.003019740101130708e+02 8.419402473051536617e+01
17013 2.002930495700060476e+02 8.419222892680768666e+01
17014 2.002841255105611822e+02 8.419043389111106990e+01
17015 2.002752018316077169e+02 8.418863962307098348e+01
17016 2.002662785329747237e+02 8.418684612233292341e+01
17017 2.002573556144915301e+02 8.418505338854268416e+01
17018 2.002484330759875490e+02 8.418326142134627332e+01
17019 2.002395109172919661e+02 8.418147022038959904e+01
17020 2.002305891382345351e+02 8.417967978531915207e+01
17021 2.002216677386448396e+02 8.417789011578129532e+01
17022 2.002127467183524061e+02 8.417610121142264745e+01
17023 2.002038260771871592e+02 8.417431307189005452e+01
17024 2.001949058149789096e+02 8.417252569683053309e+01
17025 2.001859859315576387e+02 8.417073908589121345e+01
17026 2.001770664267533562e+02 8.416895323871946744e+01
17027 2.001681473003960150e+02 8.416716815496275217e+01
17028 2.001592285523161081e+02 8.416538383426882319e+01
17029 2.001503101823437021e+02 8.416360027628556395e+01
17030 2.001413921903092898e+02 8.416181748066095736e+01
17031 2.001324745760432222e+02 8.416003544704324213e+01
17032 2.001235573393761058e+02 8.415825417508087014e+01
17033 2.001146404801384904e+02 8.415647366442239274e+01
17034 2.001057239981612099e+02 8.415469391471650340e+01
17035 2.000968078932749563e+02 8.415291492561217979e+01
17036 2.000878921653105635e+02 8.415113669675852748e+01
17037 2.000789768140991498e+02 8.414935922780479416e+01
17038 2.000700618394716912e+02 8.414758251840042647e+01
17039 2.000611472412592491e+02 8.414580656819504156e+01
17040 2.000522330192930838e+02 8.414403137683849820e+01
17041 2.000433191734045408e+02 8.414225694398072619e+01
17042 2.000344057034249374e+02 8.414048326927188270e+01
17043 2.000254926091857328e+02 8.413871035236223861e+01
17044 2.000165798905185284e+02 8.413693819290239162e+01
17045 2.000076675472550392e+02 8.413516679054292524e+01
17046 1.999987555792267813e+02 8.413339614493467877e+01
17047 1.999898439862657540e+02 8.413162625572878994e+01
17048 1.999809327682037292e+02 8.412985712257635385e+01
17049 1.999720219248727346e+02 8.412808874512870716e+01
17050 1.999631114561048264e+02 8.412632112303745657e+01
17051 1.999542013617320606e+02 8.412455425595433667e+01
17052 1.999452916415867207e+02 8.412278814353113887e+01
17053 1.999363822955012040e+02 8.412102278542002409e+01
17054 1.999274733233078507e+02 8.411925818127319587e+01
17055 1.999185647248390296e+02 8.411749433074301407e+01
17056 1.999096564999274221e+02 8.411573123348209435e+01
17057 1.999007486484055676e+02 8.411396888914319447e+01
17058 1.998918411701062894e+02 8.411220729737921431e+01
17059 1.998829340648623543e+02 8.411044645784330953e+01
17060 1.998740273325066426e+02 8.410868637018867844e+01
17061 1.998651209728721767e+02 8.410692703406881776e+01
17062 1.998562149857919508e+02 8.410516844913729528e+01
17063 1.998473093710991293e+02 8.410341061504796301e+01
17064 1.998384041286270758e+02 8.410165353145470135e+01
17065 1.998294992582088980e+02 8.409989719801174601e+01
17066 1.998205947596781300e+02 8.409814161437330426e+01
17067 1.998116906328681068e+02 8.409638678019386759e+01
17068 1.998027868776125899e+02 8.409463269512815486e+01
17069 1.997938834937450565e+02 8.409287935883089915e+01
17070 1.997849804810991827e+02 8.409112677095717459e+01
17071 1.997760778395089574e+02 8.408937493116205530e+01
17072 1.997671755688082555e+02 8.408762383910097071e+01
17073 1.997582736688308387e+02 8.408587349442926495e+01
17074 1.997493721394110082e+02 8.408412389680280796e+01
17075 1.997404709803827529e+02 8.408237504587734179e+01
17076 1.997315701915804311e+02 8.408062694130892112e+01
17077 1.997226697728381453e+02 8.407887958275364326e+01
17078 1.997137697239905094e+02 8.407713296986798923e+01
17079 1.997048700448718535e+02 8.407538710230844003e+01
17080 1.996959707353168767e+02 8.407364197973166142e+01
17081 1.996870717959537274e+02 8.407186961042607720e+01
17082 1.996781732337193205e+02 8.407007375864006349e+01
17083 1.996692750516041883e+02 8.406827869184968449e+01
17084 1.996603772494339637e+02 8.406648440968496061e+01
17085 1.996514798270346205e+02 8.406469091177609698e+01
17086 1.996425827842318483e+02 8.406289819775335559e+01
17087 1.996336861208518201e+02 8.406110626724742474e+01
17088 1.996247898367206233e+02 8.405931511988895011e+01
17089 1.996158939316642318e+02 8.405752475530884738e+01
17090 1.996069984055091595e+02 8.405573517313830223e+01
17091 1.995981032580816077e+02 8.405394637300858562e+01
17092 1.995892084892080618e+02 8.405215835455115325e+01
17093 1.995803140987151210e+02 8.405037111739765976e+01
17094 1.995714200864292707e+02 8.404858466117995874e+01
17095 1.995625264521773090e+02 8.404679898553013118e+01
17096 1.995536331957860057e+02 8.404501409008032908e+01
17097 1.995447403170823009e+02 8.404322997446294607e+01
17098 1.995358478158930211e+02 8.404144663831056050e+01
17099 1.995269556920453624e+02 8.403966408125599230e+01
17100 1.995180639453664355e+02 8.403788230293218930e+01
17101 1.995091725756835217e+02 8.403610130297225567e+01
17102 1.995002815828238170e+02 8.403432108100946607e+01
17103 1.994913909666148299e+02 8.403254163667737942e+01
17104 1.994825007268840125e+02 8.403076296960969671e+01
17105 1.994736108634591005e+02 8.402898507944014739e+01
17106 1.994647213761676028e+02 8.402720796580297247e+01
17107 1.994558322648372553e+02 8.402543162833228507e+01
17108 1.994469435292960782e+02 8.402365606666248254e+01
17109 1.994380551693719212e+02 8.402188128042824644e+01
17110 1.994291671848928047e+02 8.402010726926431516e+01
17111 1.994202795756869477e+02 8.401833403280562607e+01
17112 1.994113923415823990e+02 8.401656157068734387e+01
17113 1.994025054824074630e+02 8.401478988254478963e+01
17114 1.993936189979906146e+02 8.401301896801346913e+01
17115 1.993847328881603573e+02 8.401124882672908711e+01
17116 1.993758471527449956e+02 8.400947945832750463e+01
17117 1.993669617915734307e+02 8.400771086244473906e+01
17118 1.993580768044742797e+02 8.400594303871712043e+01
17119 1.993491921912763871e+02 8.400417598678097875e+01
17120 1.993403079518086258e+02 8.400240970627292825e+01
17121 1.993314240859000677e+02 8.400064419682975370e+01
17122 1.993225405933796424e+02 8.399887945808846723e+01
17123 1.993136574740766491e+02 8.399711548968615205e+01
17124 1.993047747278202451e+02 8.399535229126013292e+01
17125 1.992958923544397862e+02 8.399358986244790515e+01
17126 1.992870103537647140e+02 8.399182820288723406e+01
17127 1.992781287256246401e+02 8.399006731221588495e+01
17128 1.992692474698490059e+02 8.398830719007193579e+01
17129 1.992603665862675655e+02 8.398654783609363506e+01
17130 1.992514860747100442e+02 8.398478924991938754e+01
17131 1.992426059350063952e+02 8.398303143118776859e+01
17132 1.992337261669864290e+02 8.398127437953753827e+01
17133 1.992248467704803261e+02 8.397951809460764139e+01
17134 1.992159677453181246e+02 8.397776257603720751e+01
17135 1.992070890913300047e+02 8.397600782346552251e+01
17136 1.991982108083463174e+02 8.397425383653218489e+01
17137 1.991893328961973566e+02 8.397250061487667949e+01
17138 1.991804553547137573e+02 8.397074815813905957e+01
17139 1.991715781837258419e+02 8.396899646595916522e+01
17140 1.991627013830644159e+02 8.396724553797733392e+01
17141 1.991538249525601714e+02 8.396549537383387474e+01
17142 1.991449488920438284e+02 8.396374597316933830e+01
17143 1.991360732013463348e+02 8.396199733562454526e+01
17144 1.991271978802987235e+02 8.396024946084038731e+01
17145 1.991183229287319705e+02 8.395850234845792670e+01
17146 1.991094483464773361e+02 8.395675599811843881e+01
17147 1.991005741333659671e+02 8.395501040946346905e+01
17148 1.990917002892292089e+02 8.395326558213456281e+01
17149 1.990828268138984356e+02 8.395152151577353550e+01
17150 1.990739537072052485e+02 8.394977821002244411e+01
17151 1.990650809689811638e+02 8.394803566452347354e+01
17152 1.990562085990578112e+02 8.394629387891885131e+01
17153 1.990473365972670194e+02 8.394455285285125967e+01
17154 1.990384649634405889e+02 8.394281258596326722e+01
17155 1.990295936974104052e+02 8.394107307789784045e+01
17156 1.990207227990085812e+02 8.393933432829800267e+01
17157 1.990118522680671163e+02 8.393759633680703303e+01
17158 1.990029821044182654e+02 8.393585910306829589e+01
17159 1.989941123078941700e+02 8.393412262672543989e+01
17160 1.989852428783273126e+02 8.393238690742219887e+01
17161 1.989763738155500619e+02 8.393065194480251989e+01
17162 1.989675051193949571e+02 8.392891773851059156e+01
17163 1.989586367896945660e+02 8.392718428819061671e+01
17164 1.989497688262816268e+02 8.392545159348712502e+01
17165 1.989409012289889347e+02 8.392371965404478829e+01
17166 1.989320339976493415e+02 8.392198846950839197e+01
17167 1.989231671320956991e+02 8.392025803952300578e+01
17168 1.989143006321611722e+02 8.391852836373377045e+01
17169 1.989054344976787263e+02 8.391679944178609674e+01
17170 1.988965687284816966e+02 8.391507127332543803e+01
17171 1.988877033244033612e+02 8.391334385799763140e+01
17172 1.988788382852769416e+02 8.391161719544841446e+01
17173 1.988699736109361140e+02 8.390989128532399377e+01
17174 1.988611093012142987e+02 8.390816612727057588e+01
17175 1.988522453559450867e+02 8.390644172093452369e+01
17176 1.988433817749621824e+02 8.390471806596252691e+01
17177 1.988345185580995462e+02 8.390299516200127528e+01
17178 1.988256557051907691e+02 8.390127300869775695e+01
17179 1.988167932160699820e+02 8.389955160569904535e+01
17180 1.988079310905713726e+02 8.389783095265249813e+01
17181 1.987990693285288160e+02 8.389611104920554396e+01
17182 1.987902079297765283e+02 8.389439189500581051e+01
17183 1.987813468941490953e+02 8.389267348970125227e+01
17184 1.987724862214806194e+02 8.389095583293968161e+01
17185 1.987636259116056578e+02 8.388923892436940832e+01
17186 1.987547659643587394e+02 8.388752276363869953e+01
17187 1.987459063795745635e+02 8.388580735039612080e+01
17188 1.987370471570877442e+02 8.388409268429033716e+01
17189 1.987281882967332081e+02 8.388237876497024104e+01
17190 1.987193297983457683e+02 8.388066559208492379e+01
17191 1.987104716617603515e+02 8.387895316528346257e+01
17192 1.987016138868120549e+02 8.387724148421541770e+01
17193 1.986927564733360612e+02 8.387553054853025003e+01
17194 1.986838994211676095e+02 8.387382035787774726e+01
17195 1.986750427301418540e+02 8.387211091190779655e+01
17196 1.986661864000943751e+02 8.387040221027051246e+01
17197 1.986573304308604406e+02 8.386869425261610900e+01
17198 1.986484748222757730e+02 8.386698703859508441e+01
17199 1.986396195741758959e+02 8.386528056785797958e+01
17200 1.986307646863966170e+02 8.386357484005567642e+01
17201 1.986219101587736873e+02 8.386186985483904266e+01
17202 1.986130559911429998e+02 8.386016561185925866e+01
17203 1.986042021833406181e+02 8.385846211076759005e+01
17204 1.985953487352024922e+02 8.385675935121555824e+01
17205 1.985864956465647140e+02 8.385505733285472729e+01
17206 1.985776429172636597e+02 8.385335605533701653e+01
17207 1.985687905471355350e+02 8.385165551831433106e+01
17208 1.985599385360166877e+02 8.384995572143895970e+01
17209 1.985510868837437215e+02 8.384825666436314862e+01
17210 1.985422355901530409e+02 8.384655834673938557e+01
17211 1.985333846550813917e+02 8.384486076822042833e+01
17212 1.985245340783653774e+02 8.384316392845907728e+01
17213 1.985156838598419142e+02 8.384146782710837442e+01
17214 1.985068339993478617e+02 8.383977246382153226e+01
17215 1.984979844967201927e+02 8.383807783825193383e+01
17216 1.984891353517958521e+02 8.383638395005309008e+01
17217 1.984802865644121255e+02 8.383469079887873932e+01
17218 1.984714381344060996e+02 8.383299838438276197e+01
17219 1.984625900616151739e+02 8.383130670621920899e+01
17220 1.984537423458766625e+02 8.382961576404233028e+01
17221 1.984448949870279932e+02 8.382792555750648944e+01
17222 1.984360479849068213e+02 8.382623608626633427e+01
17223 1.984272013393506882e+02 8.382454734997652679e+01
17224 1.984183550501973059e+02 8.382285934829199903e+01
17225 1.984095091172844718e+02 8.382117208086791038e+01
17226 1.984006635404501822e+02 8.381948554735942025e+01
17227 1.983918183195321205e+02 8.381779974742198647e+01
17228 1.983829734543685390e+02 8.381611468071125159e+01
17229 1.983741289447975475e+02 8.381443034688295768e+01
17230 1.983652847906572561e+02 8.381274674559298887e+01
17231 1.983564409917859734e+02 8.381106387649752776e+01
17232 1.983475975480220939e+02 8.380938173925281376e+01
17233 1.983387544592040967e+02 8.380770033351532788e+01
17234 1.983299117251704047e+02 8.380601965894163641e+01
17235 1.983210693457597245e+02 8.380433971518860403e+01
17236 1.983122273208106776e+02 8.380266050191316651e+01
17237 1.983033856501620846e+02 8.380098201877238751e+01
17238 1.982945443336527944e+02 8.379930426542365751e+01
17239 1.982857033711217127e+02 8.379762724152439546e+01
17240 1.982768627624079159e+02 8.379595094673227607e+01
17241 1.982680225073504801e+02 8.379427538070507353e+01
17242 1.982591826057885100e+02 8.379260054310076100e+01
17243 1.982503430575613663e+02 8.379092643357752479e+01
17244 1.982415038625083810e+02 8.378925305179363647e+01
17245 1.982326650204689145e+02 8.378758039740762342e+01
17246 1.982238265312824694e+02 8.378590847007809828e+01
17247 1.982149883947888043e+02 8.378423726946390104e+01
17248 1.982061506108273932e+02 8.378256679522407069e+01
17249 1.981973131792380514e+02 8.378089704701770302e+01
17250 1.981884760998605657e+02 8.377922802450412121e+01
17251 1.981796393725349219e+02 8.377755972734286161e+01
17252 1.981708029971010774e+02 8.377589215519361687e+01
17253 1.981619669733991600e+02 8.377422530771615072e+01
17254 1.981531313012692408e+02 8.377255918457051109e+01
17255 1.981442959805515898e+02 8.377089378541683118e+01
17256 1.981354610110865337e+02 8.376922910991549998e+01
17257 1.981266263927143996e+02 8.376756515772699174e+01
17258 1.981177921252757983e+02 8.376590192851196548e+01
17259 1.981089582086111704e+02 8.376423942193133598e+01
17260 1.981001246425611839e+02 8.376257763764604647e+01
17261 1.980912914269666203e+02 8.376091657531729595e+01
17262 1.980824585616682612e+02 8.375925623460638292e+01
17263 1.980736260465069449e+02 8.375759661517493271e+01
17264 1.980647938813235669e+02 8.375593771668454224e+01
17265 1.980559620659593065e+02 8.375427953879706422e+01
17266 1.980471306002552012e+02 8.375262208117447926e+01
17267 1.980382994840524589e+02 8.375096534347906641e+01
17268 1.980294687171924011e+02 8.374930932537309047e+01
17269 1.980206382995163779e+02 8.374765402651910051e+01
17270 1.980118082308657677e+02 8.374599944657978767e+01
17271 1.980029785110822047e+02 8.374434558521798522e+01
17272 1.979941491400071811e+02 8.374269244209668273e+01
17273 1.979853201174824733e+02 8.374104001687913978e+01
17274 1.979764914433497722e+02 8.373938830922858756e+01
17275 1.979676631174509396e+02 8.373773731880865512e+01
17276 1.979588351396279222e+02 8.373608704528295732e+01
17277 1.979500075097226954e+02 8.373443748831530797e+01
17278 1.979411802275773766e+02 8.373278864756984774e+01
17279 1.979323532930340548e+02 8.373114052271063201e+01
17280 1.979235267059351031e+02 8.372949311340205725e+01
17281 1.979147004661226390e+02 8.372784641930857674e+01
17282 1.979058745734392915e+02 8.372620044009499907e+01
17283 1.978970490277274052e+02 8.372455517542606174e+01
17284 1.978882238288295241e+02 8.372291062496675806e+01
17285 1.978793989765883623e+02 8.372126678838228031e+01
17286 1.978705744708466625e+02 8.371962366533803390e+01
17287 1.978617503114470253e+02 8.371798125549938163e+01
17288 1.978529264982325628e+02 8.371633955853218367e+01
17289 1.978441030310461315e+02 8.371469857410208704e+01
17290 1.978352799097308150e+02 8.371305830187520769e+01
17291 1.978264571341296403e+02 8.371141874151764739e+01
17292 1.978176347040858332e+02 8.370977989269574948e+01
17293 1.978088126194426764e+02 8.370814175507602783e+01
17294 1.977999908800435662e+02 8.370650432832512422e+01
17295 1.977911694857318992e+02 8.370486761210985094e+01
17296 1.977823484363511284e+02 8.370323160609720503e+01
17297 1.977735277317449345e+02 8.370159630995433986e+01
17298 1.977647073717570265e+02 8.369996172334852247e+01
17299 1.977558873562309714e+02 8.369832784594733255e+01
17300 1.977470676850107623e+02 8.369669467741830715e+01
17301 1.977382483579402219e+02 8.369506221742932439e+01
17302 1.977294293748633720e+02 8.369343046564829081e+01
17303 1.977206107356241773e+02 8.369179942174338294e+01
17304 1.977117924400669438e+02 8.369016908538290522e+01
17305 1.977029744880357782e+02 8.368853945623529000e+01
17306 1.976941568793750150e+02 8.368691053396919699e+01
17307 1.976853396139290169e+02 8.368528231825337116e+01
17308 1.976765226915422886e+02 8.368365480875684170e+01
17309 1.976677061120592782e+02 8.368202800514860940e+01
17310 1.976588898753246610e+02 8.368040190709801607e+01
17311 1.976500739811831124e+02 8.367877651427448882e+01
17312 1.976412584294793930e+02 8.367715182634766791e+01
17313 1.976324432200582919e+02 8.367552784298726465e+01
17314 1.976236283527648538e+02 8.367390456386327457e+01
17315 1.976148138274440385e+02 8.367228198864570743e+01
17316 1.976059996439409190e+02 8.367066011700491401e+01
17317 1.975971858021006256e+02 8.366903894861121671e+01
17318 1.975883723017684304e+02 8.366741848313519370e+01
17319 1.975795591427896056e+02 8.366579872024772158e+01
17320 1.975707463250096225e+02 8.366417965961957748e+01
17321 1.975619338482739522e+02 8.366256130092187959e+01
17322 1.975531217124280658e+02 8.366094364382580295e+01
17323 1.975443099173175767e+02 8.365932668800280680e+01
17324 1.975354984627882402e+02 8.365771043312437882e+01
17325 1.975266873486858969e+02 8.365609487886230511e+01
17326 1.975178765748562455e+02 8.365448002488842860e+01
17327 1.975090661411454391e+02 8.365286587087476278e+01
17328 1.975002560473993753e+02 8.365125241649354848e+01
17329 1.974914462934641222e+02 8.364963966141708340e+01
17330 1.974826368791858613e+02 8.364802760531797787e+01
17331 1.974738278044108597e+02 8.364641624786882801e+01
17332 1.974650190689854981e+02 8.364480558874255678e+01
17333 1.974562106727561286e+02 8.364319562761208715e+01
17334 1.974474026155691604e+02 8.364158636415071157e+01
17335 1.974385948972713152e+02 8.363997779803160881e+01
17336 1.974297875177090305e+02 8.363836992892834132e+01
17337 1.974209804767291985e+02 8.363676275651454262e+01
17338 1.974121737741785125e+02 8.363515628046410200e+01
17339 1.974033674099038365e+02 8.363355050045086614e+01
17340 1.973945613837522330e+02 8.363194541614905120e+01
17341 1.973857556955705377e+02 8.363034102723287333e+01
17342 1.973769503452060121e+02 8.362873733337690396e+01
17343 1.973681453325057191e+02 8.362713433425562926e+01
17344 1.973593406573168920e+02 8.362553202954390486e+01
17345 1.973505363194869346e+02 8.362393041891658640e+01
17346 1.973417323188632793e+02 8.362232950204882798e+01
17347 1.973329286552933297e+02 8.362072927861591154e+01
17348 1.973241253286247456e+02 8.361912974829314749e+01
17349 1.973153223387049877e+02 8.361753091075618727e+01
17350 1.973065196853819998e+02 8.361593276568073918e+01
17351 1.972977173685033847e+02 8.361433531274271047e+01
17352 1.972889153879170863e+02 8.361273855161815050e+01
17353 1.972801137434710199e+02 8.361114248198322230e+01
17354 1.972713124350131864e+02 8.360954710351435892e+01
17355 1.972625114623917284e+02 8.360795241588805027e+01
17356 1.972537108254548457e+02 8.360635841878094254e+01
17357 1.972449105240507095e+02 8.360476511186999460e+01
17358 1.972361105580276899e+02 8.360317249483213686e+01
17359 1.972273109272341571e+02 8.360158056734455556e+01
17360 1.972185116315185951e+02 8.359998932908455060e+01
17361 1.972097126707295729e+02 8.359839877972956401e+01
17362 1.972009140447156881e+02 8.359680891895737886e+01
17363 1.971921157533256803e+02 8.359521974644566455e+01
17364 1.971833177964083461e+02 8.359363126187243154e+01
17365 1.971745201738125388e+02 8.359204346491580395e+01
17366 1.971657228853871118e+02 8.359045635525403384e+01
17367 1.971569259309812310e+02 8.358886993256557219e+01
17368 1.971481293104437498e+02 8.358728419652894104e+01
17369 1.971393330236240899e+02 8.358569914682298929e+01
17370 1.971305370703713038e+02 8.358411478312659426e+01
17371 1.971217414505347563e+02 8.358253110511874695e+01
17372 1.971129461639638691e+02 8.358094811247876521e+01
17373 1.971041512105080926e+02 8.357936580488600953e+01
17374 1.970953565900168485e+02 8.357778418201996828e+01
17375 1.970865623023399849e+02 8.357620324356037145e+01
17376 1.970777683473270372e+02 8.357462298918707688e+01
17377 1.970689747248278252e+02 8.357304341858007035e+01
17378 1.970601814346921401e+02 8.357146453141956499e+01
17379 1.970513884767698585e+02 8.356988632738581657e+01
17380 1.970425958509111126e+02 8.356830880615935087e+01
17381 1.970338035569658075e+02 8.356673196742082155e+01
17382 1.970250115947843028e+02 8.356515581085099598e+01
17383 1.970162199642166740e+02 8.356358033613079783e+01
17384 1.970074286651131956e+02 8.356200554294143501e+01
17385 1.969986376973242841e+02 8.356043143096408699e+01
17386 1.969898470607003844e+02 8.355885799988018903e+01
17387 1.969810567550920268e+02 8.355728524937133272e+01
17388 1.969722667803497700e+02 8.355571317911926599e+01
17389 1.969634771363242578e+02 8.355414178880582199e+01
17390 1.969546878228663616e+02 8.355257107811313233e+01
17391 1.969458988398267536e+02 8.355100104672332861e+01
17392 1.969371101870563905e+02 8.354943169431882666e+01
17393 1.969283218644062856e+02 8.354786302058215597e+01
17394 1.969195338717274240e+02 8.354629502519587447e+01
17395 1.969107462088709610e+02 8.354472770784290958e+01
17396 1.969019588756880239e+02 8.354316106820620291e+01
17397 1.968931718720300523e+02 8.354159510596902294e+01
17398 1.968843851977480881e+02 8.354002982081443918e+01
17399 1.968755988526938552e+02 8.353846521242607537e+01
17400 1.968668128367186796e+02 8.353690128048741315e+01
17401 1.968580271496741716e+02 8.353533802468234626e+01
17402 1.968492417914119699e+02 8.353377544469466898e+01
17403 1.968404567617837415e+02 8.353221354020855927e+01
17404 1.968316720606413810e+02 8.353065231090816667e+01
17405 1.968228876878366975e+02 8.352909175647788231e+01
17406 1.968141036432216708e+02 8.352753187660232470e+01
17407 1.968053199266481670e+02 8.352597267096609812e+01
17408 1.967965365379684783e+02 8.352441413925406266e+01
17409 1.967877534770346131e+02 8.352285628115123473e+01
17410 1.967789707436988351e+02 8.352129909634274441e+01
17411 1.967701883378135221e+02 8.351974258451394917e+01
17412 1.967614062592310802e+02 8.351818674535026332e+01
17413 1.967526245078038301e+02 8.351663157853737118e+01
17414 1.967438430833844052e+02 8.351507708376097128e+01
17415 1.967350619858253822e+02 8.351352326070703214e+01
17416 1.967262812149794513e+02 8.351197010906162177e+01
17417 1.967175007706992744e+02 8.351041762851097872e+01
17418 1.967087206528378829e+02 8.350886581874149783e+01
17419 1.966999408612480238e+02 8.350731467943975872e+01
17420 1.966911613957827001e+02 8.350576421029235519e+01
17421 1.966823822562949431e+02 8.350421441098623632e+01
17422 1.966736034426379263e+02 8.350266528120836540e+01
17423 1.966648249546648799e+02 8.350111682064591889e+01
17424 1.966560467922289774e+02 8.349956902898618694e+01
17425 1.966472689551836197e+02 8.349802190591665862e+01
17426 1.966384914433821791e+02 8.349647545112493674e+01
17427 1.966297142566781702e+02 8.349492966429878038e+01
17428 1.966209373949251642e+02 8.349338454512613339e+01
17429 1.966121608579767894e+02 8.349184009329505329e+01
17430 1.966033846456868162e+02 8.349029630849381078e+01
17431 1.965946087579089294e+02 8.348875319041076182e+01
17432 1.965858331944970416e+02 8.348721073873444709e+01
17433 1.965770579553050936e+02 8.348566895315354941e+01
17434 1.965682830401869978e+02 8.348412783335690790e+01
17435 1.965595084489969793e+02 8.348258737903351800e+01
17436 1.965507341815891209e+02 8.348104758987254570e+01
17437 1.965419602378176478e+02 8.347950846556331328e+01
17438 1.965331866175367566e+02 8.347797000579519988e+01
17439 1.965244133206009849e+02 8.347643221025784044e+01
17440 1.965156403468646715e+02 8.347489507864099778e+01
17441 1.965068676961823826e+02 8.347335861063457685e+01
17442 1.964980953684086842e+02 8.347182280592865311e+01
17443 1.964893233633981708e+02 8.347028766421341572e+01
17444 1.964805516810056929e+02 8.346875318517923859e+01
17445 1.964717803210859586e+02 8.346721936851662349e+01
17446 1.964630092834939603e+02 8.346568621391627119e+01
17447 1.964542385680844916e+02 8.346415372106895347e+01
17448 1.964454681747127438e+02 8.346262188966565532e+01
17449 1.964366981032337094e+02 8.346109071939753221e+01
17450 1.964279283535026366e+02 8.345956020995582492e+01
17451 1.964191589253746031e+02 8.345803036103200157e+01
17452 1.964103898187051414e+02 8.345650117231755871e+01
17453 1.964016210333494712e+02 8.345497264350433397e+01
17454 1.963928525691631535e+02 8.345344477428406549e+01
17455 1.963840844260016638e+02 8.345191756434888930e+01
17456 1.963753166037206199e+02 8.345039101339094145e+01
17457 1.963665491021756679e+02 8.344886512110257115e+01
17458 1.963577819212226530e+02 8.344733988717624129e+01
17459 1.963490150607173348e+02 8.344581531130462793e+01
17460 1.963402485205155870e+02 8.344429139318043553e+01
17461 1.963314823004733682e+02 8.344276813249665281e+01
17462 1.963227164004467511e+02 8.344124552894632529e+01
17463 1.963139508202918933e+02 8.343972358222276853e+01
17464 1.963051855598648388e+02 8.343820229201928385e+01
17465 1.962964206190219443e+02 8.343668165802942838e+01
17466 1.962876559976194812e+02 8.343516167994688715e+01
17467 1.962788916955139200e+02 8.343364235746550150e+01
17468 1.962701277125616457e+02 8.343212369027925490e+01
17469 1.962613640486192708e+02 8.343060567808225869e+01
17470 1.962526007035434361e+02 8.342908832056882318e+01
17471 1.962438376771906405e+02 8.342757161743337235e+01
17472 1.962350749694178376e+02 8.342605556837048653e+01
17473 1.962263125800817818e+02 8.342454017307493075e+01
17474 1.962175505090393415e+02 8.342302543124151271e+01
17475 1.962087887561475270e+02 8.342151134256538114e+01
17476 1.962000273212633488e+02 8.341999790674155690e+01
17477 1.961912662042439308e+02 8.341848512346550137e+01
17478 1.961825054049465109e+02 8.341697299243263330e+01
17479 1.961737449232283268e+02 8.341546151333862724e+01
17480 1.961649847589466731e+02 8.341395068587921457e+01
17481 1.961562249119589296e+02 8.341244050975033986e+01
17482 1.961474653821225900e+02 8.341093098464808975e+01
17483 1.961387061692952614e+02 8.340942211026862196e+01
17484 1.961299472733344089e+02 8.340791388630840686e+01
17485 1.961211886940978957e+02 8.340640631246391479e+01
17486 1.961124304314433573e+02 8.340489938843182927e+01
17487 1.961036724852286284e+02 8.340339311390894750e+01
17488 1.960949148553116572e+02 8.340188748859226564e+01
17489 1.960861575415503353e+02 8.340038251217883669e+01
17490 1.960774005438027814e+02 8.339887818436598366e+01
17491 1.960686438619271144e+02 8.339737450485111481e+01
17492 1.960598874957814246e+02 8.339587147333176631e+01
17493 1.960511314452239731e+02 8.339436908950565908e+01
17494 1.960423757101132196e+02 8.339286735307067033e+01
17495 1.960336202903074536e+02 8.339136626372474836e+01
17496 1.960248651856650497e+02 8.338986582116604040e+01
17497 1.960161103960447804e+02 8.338836602509293527e+01
17498 1.960073559213050487e+02 8.338686687520377916e+01
17499 1.959986017613045703e+02 8.338536837119720246e+01
17500 1.959898479159021178e+02 8.338387051277196349e+01
17501 1.959810943849565490e+02 8.338237329962693423e+01
17502 1.959723411683267500e+02 8.338087673146115719e+01
17503 1.959635882658716071e+02 8.337938080797378859e+01
17504 1.959548356774500917e+02 8.337788552886419779e+01
17505 1.959460834029214595e+02 8.337639089383183943e+01
17506 1.959373314421448811e+02 8.337489690257632446e+01
17507 1.959285797949794414e+02 8.337340355479744858e+01
17508 1.959198284612845669e+02 8.337191085019510695e+01
17509 1.959110774409196836e+02 8.337041878846939369e+01
17510 1.959023267337440757e+02 8.336892736932050241e+01
17511 1.958935763396173684e+02 8.336743659244875460e+01
17512 1.958848262583992437e+02 8.336594645755477018e+01
17513 1.958760764899491562e+02 8.336445696433901276e+01
17514 1.958673270341270154e+02 8.336296811250247174e+01
17515 1.958585778907924748e+02 8.336147990174599443e+01
17516 1.958498290598056144e+02 8.335999233177066969e+01
17517 1.958410805410261446e+02 8.335850540227774275e+01
17518 1.958323323343141737e+02 8.335701911296857247e+01
17519 1.958235844395298386e+02 8.335553346354473092e+01
17520 1.958148368565332476e+02 8.335404845370788962e+01
17521 1.958060895851845089e+02 8.335256408315979115e+01
17522 1.957973426253441005e+02 8.335108035160249074e+01
17523 1.957885959768722159e+02 8.334959725873804359e+01
17524 1.957798496396294752e+02 8.334811480426876074e+01
17525 1.957711036134762423e+02 8.334663298789699581e+01
17526 1.957623578982730805e+02 8.334515180932532985e+01
17527 1.957536124938806381e+02 8.334367126825641492e+01
17528 1.957448674001597055e+02 8.334219136439313047e+01
17529 1.957361226169709596e+02 8.334071209743842701e+01
17530 1.957273781441753044e+02 8.333923346709546820e+01
17531 1.957186339816336442e+02 8.333775547306747455e+01
17532 1.957098901292069399e+02 8.333627811505790817e+01
17533 1.957011465867563231e+02 8.333480139277034482e+01
17534 1.956924033541427832e+02 8.333332530590844556e+01
17535 1.956836604312276222e+02 8.333184985417607038e+01
17536 1.956749178178720285e+02 8.333037503727722140e+01
17537 1.956661755139375032e+02 8.332890085491609966e+01
17538 1.956574335192851777e+02 8.332742730679692045e+01
17539 1.956486918337767804e+02 8.332595439262411219e+01
17540 1.956399504572736987e+02 8.332448211210227385e+01
17541 1.956312093896376041e+02 8.332301046493616070e+01
17542 1.956224686307301397e+02 8.332153945083061330e+01
17543 1.956137281804129771e+02 8.332006906949061431e+01
17544 1.956049880385481572e+02 8.331859932062131691e+01
17545 1.955962482049973801e+02 8.331713020392807323e+01
17546 1.955875086796225730e+02 8.331566171911624963e+01
17547 1.955787694622859476e+02 8.331419386589148246e+01
17548 1.955700305528493459e+02 8.331272664395947913e+01
17549 1.955612919511751500e+02 8.331126005302608917e+01
17550 1.955525536571254008e+02 8.330979409279740366e+01
17551 1.955438156705626227e+02 8.330832876297948530e+01
17552 1.955350779913489134e+02 8.330686406327870941e+01
17553 1.955263406193469109e+02 8.330539999340150814e+01
17554 1.955176035544190540e+02 8.330393655305441314e+01
17555 1.955088667964278670e+02 8.330247374194425447e+01
17556 1.955001303452360162e+02 8.330101155977780536e+01
17557 1.954913942007062815e+02 8.329955000626218009e+01
17558 1.954826583627013576e+02 8.329808908110446453e+01
17559 1.954739228310840815e+02 8.329662878401200032e+01
17560 1.954651876057173752e+02 8.329516911469222862e+01
17561 1.954564526864643028e+02 8.329371007285277528e+01
17562 1.954477180731877581e+02 8.329225165820130883e+01
17563 1.954389837657510327e+02 8.329079387044571092e+01
17564 1.954302497640172191e+02 8.328933670929404798e+01
17565 1.954215160678495806e+02 8.328788017445450009e+01
17566 1.954127826771114371e+02 8.328642426563529000e+01
17567 1.954040495916661371e+02 8.328496898254492464e+01
17568 1.953953168113772563e+02 8.328351432489195361e+01
17569 1.953865843361082000e+02 8.328206029238513963e+01
17570 1.953778521657226008e+02 8.328060688473331652e+01
17571 1.953691203000841199e+02 8.327915410164554544e+01
17572 1.953603887390565319e+02 8.327770194283095861e+01
17573 1.953516574825035832e+02 8.327625040799884459e+01
17574 1.953429265302891906e+02 8.327479949685866245e+01
17575 1.953341958822771574e+02 8.327334920911999916e+01
17576 1.953254655383316560e+02 8.327189954449259801e+01
17577 1.953167354983166888e+02 8.327045050268625914e+01
17578 1.953080057620963430e+02 8.326900208341105269e+01
17579 1.952992763295348766e+02 8.326755428637709144e+01
17580 1.952905472004964906e+02 8.326610711129470133e+01
17581 1.952818183748456420e+02 8.326466055787427933e+01
17582 1.952730898524466454e+02 8.326321462582639299e+01
17583 1.952643616331639578e+02 8.326176931486178034e+01
17584 1.952556337168622349e+02 8.326032462469132156e+01
17585 1.952469061034059621e+02 8.325888055502593943e+01
17586 1.952381787926599372e+02 8.325743710557685517e+01
17587 1.952294517844887309e+02 8.325599427605527580e+01
17588 1.952207250787572832e+02 8.325455206617267834e+01
17589 1.952119986753304772e+02 8.325311047564056821e+01
17590 1.952032725740732246e+02 8.325166950417070666e+01
17591 1.951945467748505507e+02 8.325022915147489755e+01
17592 1.951858212775274808e+02 8.324878941726510106e+01
17593 1.951770960819692107e+02 8.324735030125349056e+01
17594 1.951683711880409930e+02 8.324591180315229622e+01
17595 1.951596465956079953e+02 8.324447392267393298e+01
17596 1.951509223045356975e+02 8.324303665953095788e+01
17597 1.951421983146894092e+02 8.324160001343599902e+01
17598 1.951334746259345820e+02 8.324016398410196871e+01
17599 1.951247512381369233e+02 8.323872857124175084e+01
17600 1.951160281511619985e+02 8.323729377456849932e+01
17601 1.951073053648753444e+02 8.323585959379543908e+01
17602 1.950985828791428673e+02 8.323442602863595141e+01
17603 1.950898606938302748e+02 8.323299307880355968e+01
17604 1.950811388088035017e+02 8.323156074401191518e+01
17605 1.950724172239285963e+02 8.323012902397488233e+01
17606 1.950636959390714367e+02 8.322869791840632558e+01
17607 1.950549749540980997e+02 8.322726742702036518e+01
17608 1.950462542688748329e+02 8.322583754953122082e+01
17609 1.950375338832676846e+02 8.322440828565319748e+01
17610 1.950288137971432150e+02 8.322297963510092700e+01
17611 1.950200940103674725e+02 8.322155159758891330e+01
17612 1.950113745228070741e+02 8.322012417283200136e+01
17613 1.950026553343284093e+02 8.321869736054512146e+01
17614 1.949939364447979813e+02 8.321727116044323225e+01
17615 1.949852178540825491e+02 8.321584557224166190e+01
17616 1.949764995620486729e+02 8.321442059565566751e+01
17617 1.949677815685631401e+02 8.321299623040074778e+01
17618 1.949590638734927950e+02 8.321157247619250086e+01
17619 1.949503464767044534e+02 8.321014933274661018e+01
17620 1.949416293780650733e+02 8.320872679977911446e+01
17621 1.949329125774416980e+02 8.320730487700598133e+01
17622 1.949241960747013138e+02 8.320588356414329212e+01
17623 1.949154798697112767e+02 8.320446286090741239e+01
17624 1.949067639623385162e+02 8.320304276701482138e+01
17625 1.948980483524505303e+02 8.320162328218202674e+01
17626 1.948893330399145327e+02 8.320020440612577772e+01
17627 1.948806180245979078e+02 8.319878613856297989e+01
17628 1.948719033063682673e+02 8.319736847921053879e+01
17629 1.948631888850930522e+02 8.319595142778565844e+01
17630 1.948544747606398744e+02 8.319453498400555702e+01
17631 1.948457609328764306e+02 8.319311914758769433e+01
17632 1.948370474016704179e+02 8.319170391824957278e+01
17633 1.948283341668896753e+02 8.319028929570889375e+01
17634 1.948196212284020703e+02 8.318887527968348650e+01
17635 1.948109085860754703e+02 8.318746186989129399e+01
17636 1.948021962397778850e+02 8.318604906605037286e+01
17637 1.947934841893774660e+02 8.318463686787906397e+01
17638 1.947847724347422513e+02 8.318322527509562292e+01
17639 1.947760609757405064e+02 8.318181428741864636e+01
17640 1.947673498122404112e+02 8.318040390456670252e+01
17641 1.947586389441103734e+02 8.317899412625865807e+01
17642 1.947499283712187150e+02 8.317758495221335124e+01
17643 1.947412180934339574e+02 8.317617638214987608e+01
17644 1.947325081106245079e+02 8.317476841578739766e+01
17645 1.947237984226590299e+02 8.317336105284528003e+01
17646 1.947150890294061867e+02 8.317195429304300092e+01
17647 1.947063799307346699e+02 8.317054813610012332e+01
17648 1.946976711265133133e+02 8.316914258173640917e+01
17649 1.946889626166108656e+02 8.316773762967169148e+01
17650 1.946802544008963025e+02 8.316633327962607325e+01
17651 1.946715464792385717e+02 8.316492953131958643e+01
17652 1.946628388515067627e+02 8.316352638447261825e+01
17653 1.946541315175699367e+02 8.316212383880551329e+01
17654 1.946454244772972970e+02 8.316072189403888615e+01
17655 1.946367177305580469e+02 8.315932054989339406e+01
17656 1.946280112772214750e+02 8.315791980608990741e+01
17657 1.946193051171569550e+02 8.315651966234933923e+01
17658 1.946105992502340314e+02 8.315512011839281570e+01
17659 1.946018936763219358e+02 8.315372117394156248e+01
17660 1.945931883952905537e+02 8.315232282871693315e+01
17661 1.945844834070092304e+02 8.315092508244053704e+01
17662 1.945757787113478798e+02 8.314952793483391247e+01
17663 1.945670743081761032e+02 8.314813138561883932e+01
17664 1.945583701973637858e+02 8.314673543451731064e+01
17665 1.945496663787807279e+02 8.314534008125130526e+01
17666 1.945409628522970422e+02 8.314394532554305783e+01
17667 1.945322596177825005e+02 8.314255116711484561e+01
17668 1.945235566751074430e+02 8.314115760568913061e+01
17669 1.945148540241418118e+02 8.313976464098854535e+01
17670 1.945061516647558904e+02 8.313837227273580766e+01
17671 1.944974495968199903e+02 8.313698050065370637e+01
17672 1.944887478202043951e+02 8.313558932446531458e+01
17673 1.944800463347794448e+02 8.313419874389371955e+01
17674 1.944713451404156501e+02 8.313280875866225017e+01
17675 1.944626442369836070e+02 8.313141936849424951e+01
17676 1.944539436243537978e+02 8.313003057311323118e+01
17677 1.944452433023969604e+02 8.312864237224292197e+01
17678 1.944365432709838046e+02 8.312725476560711968e+01
17679 1.944278435299850685e+02 8.312586775292973584e+01
17680 1.944191440792715753e+02 8.312448133393480987e+01
17681 1.944104449187142905e+02 8.312309550834663696e+01
17682 1.944017460481841795e+02 8.312171027588951233e+01
17683 1.943930474675523215e+02 8.312032563628793014e+01
17684 1.943843491766896534e+02 8.311894158926644138e+01
17685 1.943756511754675671e+02 8.311755813454985287e+01
17686 1.943669534637571417e+02 8.311617527186302823e+01
17687 1.943582560414296836e+02 8.311479300093097322e+01
17688 1.943495589083566983e+02 8.311341132147882149e+01
17689 1.943408620644094071e+02 8.311203023323183459e+01
17690 1.943321655094594007e+02 8.311064973591548721e+01
17691 1.943234692433781845e+02 8.310926982925529671e+01
17692 1.943147732660373777e+02 8.310789051297692254e+01
17693 1.943060775773086846e+02 8.310651178680619466e+01
17694 1.942973821770638665e+02 8.310513365046904255e+01
17695 1.942886870651746563e+02 8.310375610369155197e+01
17696 1.942799922415129288e+02 8.310237914619996502e+01
17697 1.942712977059506727e+02 8.310100277772059485e+01
17698 1.942626034583598198e+02 8.309962699797996777e+01
17699 1.942539094986124724e+02 8.309825180670466693e+01
17700 1.942452158265807327e+02 8.309687720362140340e+01
17701 1.942365224421366747e+02 8.309550318845707295e+01
17702 1.942278293451527134e+02 8.309412976093869929e+01
17703 1.942191365355011214e+02 8.309275692079344822e+01
17704 1.942104440130542287e+02 8.309138466774857079e+01
17705 1.942017517776844500e+02 8.309001300153147440e+01
17706 1.941930598292643424e+02 8.308864192186970854e+01
17707 1.941843681676664346e+02 8.308727142849095060e+01
17708 1.941756767927633121e+02 8.308590152112299165e+01
17709 1.941669857044277876e+02 8.308453219949376489e+01
17710 1.941582949025324751e+02 8.308316346333140245e+01
17711 1.941496043869503012e+02 8.308179531236403648e+01
17712 1.941409141575540502e+02 8.308042774632005489e+01
17713 1.941322242142167624e+02 8.307906076492793090e+01
17714 1.941235345568112507e+02 8.307769436791616613e+01
17715 1.941148451852108110e+02 8.307632855501360325e+01
17716 1.941061560992883983e+02 8.307496332594909916e+01
17717 1.940974672989172802e+02 8.307359868045159601e+01
17718 1.940887787839706675e+02 8.307223461825019228e+01
17719 1.940800905543219699e+02 8.307087113907425646e+01
17720 1.940714026098445117e+02 8.306950824265312860e+01
17721 1.940627149504117597e+02 8.306814592871627667e+01
17722 1.940540275758970949e+02 8.306678419699345284e+01
17723 1.940453404861741546e+02 8.306542304721436665e+01
17724 1.940366536811166895e+02 8.306406247910898344e+01
17725 1.940279671605981662e+02 8.306270249240732539e+01
17726 1.940192809244925058e+02 8.306134308683958523e+01
17727 1.940105949726734877e+02 8.305998426213606933e+01
17728 1.940019093050150332e+02 8.305862601802718359e+01
17729 1.939932239213909497e+02 8.305726835424354704e+01
17730 1.939845388216753577e+02 8.305591127051584976e+01
17731 1.939758540057421783e+02 8.305455476657493818e+01
17732 1.939671694734657308e+02 8.305319884215174397e+01
17733 1.939584852247201638e+02 8.305184349697741197e+01
17734 1.939498012593796545e+02 8.305048873078315808e+01
17735 1.939411175773184652e+02 8.304913454330026923e+01
17736 1.939324341784111994e+02 8.304778093426035923e+01
17737 1.939237510625319771e+02 8.304642790339495662e+01
17738 1.939150682295556010e+02 8.304507545043583150e+01
17739 1.939063856793563900e+02 8.304372357511486769e+01
17740 1.938977034118092320e+02 8.304237227716411951e+01
17741 1.938890214267885312e+02 8.304102155631558446e+01
17742 1.938803397241692039e+02 8.303967141230170057e+01
17743 1.938716583038260239e+02 8.303832184485477796e+01
17744 1.938629771656337937e+02 8.303697285370735415e+01
17745 1.938542963094676281e+02 8.303562443859213715e+01
17746 1.938456157352023297e+02 8.303427659924187765e+01
17747 1.938369354427130418e+02 8.303292933538948262e+01
17748 1.938282554318749078e+02 8.303158264676802958e+01
17749 1.938195757025630428e+02 8.303023653311069552e+01
17750 1.938108962546527323e+02 8.302889099415079954e+01
17751 1.938022170880192334e+02 8.302754602962174602e+01
17752 1.937935382025380022e+02 8.302620163925712404e+01
17753 1.937848595980843527e+02 8.302485782279065063e+01
17754 1.937761812745338545e+02 8.302351457995612805e+01
17755 1.937675032317620207e+02 8.302217191048750067e+01
17756 1.937588254696444494e+02 8.302082981411891183e+01
17757 1.937501479880568809e+02 8.301948829058451906e+01
17758 1.937414707868749417e+02 8.301814733961870729e+01
17759 1.937327938659745712e+02 8.301680696095591827e+01
17760 1.937241172252313959e+02 8.301546715433075008e+01
17761 1.937154408645216392e+02 8.301412791947795711e+01
17762 1.937067647837210700e+02 8.301278925613242166e+01
17763 1.936980889827057410e+02 8.301145116402908286e+01
17764 1.936894134613518759e+02 8.301011364290306460e+01
17765 1.936807382195354705e+02 8.300877669248966129e+01
17766 1.936720632571327769e+02 8.300744031252420996e+01
17767 1.936633885740202174e+02 8.300610450274223240e+01
17768 1.936547141700740724e+02 8.300476926287934987e+01
17769 1.936460400451706505e+02 8.300343459267128310e+01
17770 1.936373661991865447e+02 8.300210049185399441e+01
17771 1.936286926319982342e+02 8.300076696016347455e+01
17772 1.936200193434822552e+02 8.299943399733585636e+01
17773 1.936113463335153710e+02 8.299810160310740059e+01
17774 1.936026736019742316e+02 8.299676977721452431e+01
17775 1.935940011487355434e+02 8.299543851939380090e+01
17776 1.935853289736762974e+02 8.299410782938183218e+01
17777 1.935766570766732002e+02 8.299277770691543310e+01
17778 1.935679854576033563e+02 8.299144815173147549e+01
17779 1.935593141163436712e+02 8.299011916356700169e+01
17780 1.935506430527713349e+02 8.298879074215926721e+01
17781 1.935419722667634232e+02 8.298746288724549913e+01
17782 1.935333017581970694e+02 8.298613559856310928e+01
17783 1.935246315269496620e+02 8.298480887584972265e+01
17784 1.935159615728984193e+02 8.298348271884292160e+01
17785 1.935072918959207868e+02 8.298215712728060112e+01
17786 1.934986224958940682e+02 8.298083210090059936e+01
17787 1.934899533726958794e+02 8.297950763944106711e+01
17788 1.934812845262038365e+02 8.297818374264014096e+01
17789 1.934726159562954138e+02 8.297686041023617065e+01
17790 1.934639476628483692e+02 8.297553764196756276e+01
17791 1.934552796457404611e+02 8.297421543757290863e+01
17792 1.934466119048494193e+02 8.297289379679091326e+01
17793 1.934379444400532009e+02 8.297157271936036693e+01
17794 1.934292772512295358e+02 8.297025220502027310e+01
17795 1.934206103382566937e+02 8.296893225350962098e+01
17796 1.934119437010124898e+02 8.296761286456769824e+01
17797 1.934032773393751370e+02 8.296629403793380675e+01
17798 1.933946112532226778e+02 8.296497577334741891e+01
17799 1.933859454424334956e+02 8.296365807054806396e+01
17800 1.933772799068857182e+02 8.296234092927551274e+01
17801 1.933686146464578428e+02 8.296102434926957869e+01
17802 1.933599496610281676e+02 8.295970833027023161e+01
17803 1.933512849504750761e+02 8.295839287201749812e+01
17804 1.933426205146772645e+02 8.295707797425168906e+01
17805 1.933339563535132015e+02 8.295576363671307263e+01
17806 1.933252924668616117e+02 8.295444985914218705e+01
17807 1.933166288546010776e+02 8.295313664127954212e+01
17808 1.933079655166104658e+02 8.295182398286591763e+01
17809 1.932993024527685293e+02 8.295051188364209338e+01
17810 1.932906396629542201e+02 8.294920034334911918e+01
17811 1.932819771470464048e+02 8.294788936172804483e+01
17812 1.932733149049240637e+02 8.294657893852010488e+01
17813 1.932646529364662911e+02 8.294526907346666178e+01
17814 1.932559912415522376e+02 8.294395976630910639e+01
17815 1.932473298200610827e+02 8.294265101678914220e+01
17816 1.932386686718720341e+02 8.294134282464845853e+01
17817 1.932300077968643279e+02 8.294003518962890098e+01
17818 1.932213471949175130e+02 8.293872811147241464e+01
17819 1.932126868659107117e+02 8.293742158992112934e+01
17820 1.932040268097236719e+02 8.293611562471728860e+01
17821 1.931953670262357434e+02 8.293481021560320698e+01
17822 1.931867075153265887e+02 8.293350536232129855e+01
17823 1.931780482768758418e+02 8.293220106461431840e+01
17824 1.931693893107633642e+02 8.293089732222489374e+01
17825 1.931607306168686478e+02 8.292959413489583653e+01
17826 1.931520721950717245e+02 8.292829150237018609e+01
17827 1.931434140452524559e+02 8.292698942439105281e+01
17828 1.931347561672907034e+02 8.292568790070160389e+01
17829 1.931260985610665557e+02 8.292438693104526237e+01
17830 1.931174412264600733e+02 8.292308651516540863e+01
17831 1.931087841633513449e+02 8.292178665280569305e+01
17832 1.931001273716205162e+02 8.292048734370983709e+01
17833 1.930914708511479887e+02 8.291918858762167588e+01
17834 1.930828146018139648e+02 8.291789038428518666e+01
17835 1.930741586234987039e+02 8.291659273344444614e+01
17836 1.930655029160827780e+02 8.291529563484370158e+01
17837 1.930568474794465885e+02 8.291399908822728548e+01
17838 1.930481923134707927e+02 8.291270309333962985e+01
17839 1.930395374180357635e+02 8.291140764992539403e+01
17840 1.930308827930223856e+02 8.291011275772922318e+01
17841 1.930222284383111173e+02 8.290881841649597561e+01
17842 1.930135743537830706e+02 8.290752462597066597e+01
17843 1.930049205393187322e+02 8.290623138589828045e+01
17844 1.929962669947992140e+02 8.290493869602413213e+01
17845 1.929876137201053723e+02 8.290364655609346300e+01
17846 1.929789607151182622e+02 8.290235496585181352e+01
17847 1.929703079797188821e+02 8.290106392504468147e+01
17848 1.929616555137884291e+02 8.289977343341782046e+01
17849 1.929530033172080721e+02 8.289848349071708355e+01
17850 1.929443513898589799e+02 8.289719409668833805e+01
17851 1.929356997316225488e+02 8.289590525107773544e+01
17852 1.929270483423800329e+02 8.289461695363138460e+01
17853 1.929183972220129704e+02 8.289332920409573546e+01
17854 1.929097463704026723e+02 8.289204200221711005e+01
17855 1.929010957874308190e+02 8.289075534774211462e+01
17856 1.928924454729789488e+02 8.288946924041745490e+01
17857 1.928837954269286570e+02 8.288818367998992187e+01
17858 1.928751456491617660e+02 8.288689866620649127e+01
17859 1.928664961395599846e+02 8.288561419881413883e+01
17860 1.928578468980050502e+02 8.288433027756006766e+01
17861 1.928491979243790126e+02 8.288304690219166559e+01
17862 1.928405492185635524e+02 8.288176407245624944e+01
17863 1.928319007804409466e+02 8.288048178810142019e+01
17864 1.928232526098930748e+02 8.287920004887483572e+01
17865 1.928146047068022142e+02 8.287791885452431018e+01
17866 1.928059570710502726e+02 8.287663820479768617e+01
17867 1.927973097025196694e+02 8.287535809944304788e+01
17868 1.927886626010927387e+02 8.287407853820856474e+01
17869 1.927800157666517009e+02 8.287279952084253409e+01
17870 1.927713691990789471e+02 8.287152104709331013e+01
17871 1.927627228982570387e+02 8.287024311670941756e+01
17872 1.927540768640683950e+02 8.286896572943956585e+01
17873 1.927454310963957198e+02 8.286768888503243602e+01
17874 1.927367855951213755e+02 8.286641258323697912e+01
17875 1.927281403601284069e+02 8.286513682380218881e+01
17876 1.927194953912992617e+02 8.286386160647721510e+01
17877 1.927108506885169845e+02 8.286258693101126482e+01
17878 1.927022062516642791e+02 8.286131279715374376e+01
17879 1.926935620806241616e+02 8.286003920465417139e+01
17880 1.926849181752794493e+02 8.285876615326213823e+01
17881 1.926762745355134143e+02 8.285749364272740536e+01
17882 1.926676311612089023e+02 8.285622167279979067e+01
17883 1.926589880522492706e+02 8.285495024322933943e+01
17884 1.926503452085175638e+02 8.285367935376609694e+01
17885 1.926417026298971678e+02 8.285240900416036425e+01
17886 1.926330603162713544e+02 8.285113919416239980e+01
17887 1.926244182675235379e+02 8.284986992352271784e+01
17888 1.926157764835371040e+02 8.284860119199194628e+01
17889 1.926071349641955521e+02 8.284733299932071304e+01
17890 1.925984937093824669e+02 8.284606534525988764e+01
17891 1.925898527189813763e+02 8.284479822956042483e+01
17892 1.925812119928760353e+02 8.284353165197339308e+01
17893 1.925725715309501425e+02 8.284226561224998875e+01
17894 1.925639313330875098e+02 8.284100011014150766e+01
17895 1.925552913991718640e+02 8.283973514539938776e+01
17896 1.925466517290871877e+02 8.283847071777518067e+01
17897 1.925380123227174067e+02 8.283720682702059435e+01
17898 1.925293731799465320e+02 8.283594347288737936e+01
17899 1.925207343006586598e+02 8.283468065512752787e+01
17900 1.925120956847377727e+02 8.283341837349293257e+01
17901 1.925034573320682796e+02 8.283215662773591248e+01
17902 1.924948192425341915e+02 8.283089541760860186e+01
17903 1.924861814160199174e+02 8.282963474286347605e+01
17904 1.924775438524098377e+02 8.282837460325303880e+01
17905 1.924689065515882760e+02 8.282711499852995019e+01
17906 1.924602695134396413e+02 8.282585592844689870e+01
17907 1.924516327378486267e+02 8.282459739275678601e+01
17908 1.924429962246996126e+02 8.282333939121262745e+01
17909 1.924343599738773776e+02 8.282208192356753784e+01
17910 1.924257239852665862e+02 8.282082498957471728e+01
17911 1.924170882587519600e+02 8.281956858898757901e+01
17912 1.924084527942182490e+02 8.281831272155950785e+01
17913 1.923998175915503737e+02 8.281705738704418707e+01
17914 1.923911826506331977e+02 8.281580258519527149e+01
17915 1.923825479713517836e+02 8.281454831576662912e+01
17916 1.923739135535910521e+02 8.281329457851215636e+01
17917 1.923652793972360939e+02 8.281204137318597702e+01
17918 1.923566455021720571e+02 8.281078869954225752e+01
17919 1.923480118682842601e+02 8.280953655733529217e+01
17920 1.923393784954578223e+02 8.280828494631956005e+01
17921 1.923307453835780620e+02 8.280703386624955442e+01
17922 1.923221125325303547e+02 8.280578331687995330e+01
17923 1.923134799422001890e+02 8.280453329796553419e+01
17924 1.923048476124729120e+02 8.280328380926121667e+01
17925 1.922962155432342115e+02 8.280203485052200563e+01
17926 1.922875837343695480e+02 8.280078642150309065e+01
17927 1.922789521857645809e+02 8.279953852195966135e+01
17928 1.922703208973050835e+02 8.279829115164707787e+01
17929 1.922616898688766582e+02 8.279704431032092771e+01
17930 1.922530591003653626e+02 8.279579799773678417e+01
17931 1.922444285916568845e+02 8.279455221365034845e+01
17932 1.922357983426371675e+02 8.279330695781746385e+01
17933 1.922271683531922122e+02 8.279206222999417264e+01
17934 1.922185386232080475e+02 8.279081802993651706e+01
17935 1.922099091525708161e+02 8.278957435740068149e+01
17936 1.922012799411665753e+02 8.278833121214303503e+01
